case_id,account_id,fraud_amount,timestamp,is_synthetic
C10000,ACC-06679,5250.11,2026-08-21 09:00:00,True
C10001,ACC-06683,84754.44,2026-09-02 05:00:00,True
C10002,ACC-05068,11981.39,2026-09-10 07:00:00,True
C10003,ACC-03462,6554.79,2026-08-31 04:00:00,True
C10004,ACC-03956,69481.58,2026-08-17 02:00:00,True
C10005,ACC-03384,10773.52,2026-08-14 01:00:00,True
C10006,ACC-00611,5458.24,2026-08-19 10:00:00,True
C10007,ACC-05754,14852.22,2026-09-03 03:00:00,True
C10008,ACC-02404,13664.84,2026-08-14 05:00:00,True
C10009,ACC-03297,9534.1,2026-08-29 04:00:00,True
C10010,ACC-00770,6626.54,2026-08-15 01:00:00,True
C10011,ACC-07926,11701.75,2026-08-30 06:00:00,True
C10012,ACC-05314,11480.35,2026-08-18 15:00:00,True
C10013,ACC-01443,36878.63,2026-08-21 16:00:00,True
C10014,ACC-00120,8146.78,2026-08-22 14:00:00,True
C10015,ACC-05005,50781.38,2026-08-20 21:00:00,True
C10016,ACC-05089,32923.92,2026-08-21 22:00:00,True
C10017,ACC-00956,58879.24,2026-08-16 20:00:00,True
C10018,ACC-05165,61406.07,2026-09-07 19:00:00,True
C10019,ACC-04800,7246.97,2026-09-07 05:00:00,True
C10020,ACC-02313,10883.09,2026-08-31 12:00:00,True
C10021,ACC-02423,7202.17,2026-09-02 18:00:00,True
C10022,ACC-02704,11311.03,2026-09-07 14:00:00,True
C10023,ACC-00081,14054.2,2026-09-03 10:00:00,True
C10024,ACC-05166,5708.57,2026-08-14 02:00:00,True
C10025,ACC-06705,88907.93,2026-09-03 04:00:00,True
C10026,ACC-06818,5505.88,2026-08-24 09:00:00,True
C10027,ACC-04107,14689.96,2026-08-24 12:00:00,True
C10028,ACC-00408,6663.11,2026-08-17 05:00:00,True
C10029,ACC-02763,7137.47,2026-08-25 21:00:00,True
C10030,ACC-04520,6646.37,2026-08-29 11:00:00,True
C10031,ACC-06481,7652.03,2026-09-10 00:00:00,True
C10032,ACC-05701,7852.49,2026-08-15 22:00:00,True
C10033,ACC-05677,14954.23,2026-08-18 13:00:00,True
C10034,ACC-05242,53537.99,2026-08-23 15:00:00,True
C10035,ACC-02689,10227.83,2026-08-22 18:00:00,True
C10036,ACC-03362,11697.26,2026-09-02 06:00:00,True
C10037,ACC-00752,7656.15,2026-08-31 05:00:00,True
C10038,ACC-00307,11455.01,2026-09-05 15:00:00,True
C10039,ACC-06793,14290.18,2026-08-27 02:00:00,True
C10040,ACC-06620,9582.86,2026-09-08 12:00:00,True
C10041,ACC-00124,5732.61,2026-08-23 09:00:00,True
C10042,ACC-07679,7652.0,2026-09-03 20:00:00,True
C10043,ACC-01746,68386.39,2026-08-30 10:00:00,True
C10044,ACC-02757,7035.97,2026-08-19 02:00:00,True
C10045,ACC-03658,10054.09,2026-08-21 04:00:00,True
C10046,ACC-07429,5922.98,2026-09-02 11:00:00,True
C10047,ACC-06034,5440.87,2026-08-28 04:00:00,True
C10048,ACC-07375,11371.13,2026-08-31 08:00:00,True
C10049,ACC-02484,12412.31,2026-09-02 07:00:00,True
C10050,ACC-04352,9276.87,2026-08-23 14:00:00,True
C10051,ACC-04254,5752.44,2026-09-10 09:00:00,True
C10052,ACC-07281,10455.9,2026-08-19 08:00:00,True
C10053,ACC-00226,10825.1,2026-08-15 01:00:00,True
C10054,ACC-00345,6274.46,2026-09-05 23:00:00,True
C10055,ACC-06823,13989.81,2026-09-01 01:00:00,True
C10056,ACC-04234,13989.25,2026-08-16 11:00:00,True
C10057,ACC-01050,7495.3,2026-09-03 15:00:00,True
C10058,ACC-01349,12801.16,2026-09-07 01:00:00,True
C10059,ACC-05703,14738.37,2026-08-13 23:00:00,True
C10060,ACC-06057,93476.15,2026-08-18 08:00:00,True
C10061,ACC-00384,13205.36,2026-08-30 03:00:00,True
C10062,ACC-04884,7229.24,2026-08-14 05:00:00,True
C10063,ACC-00116,8984.66,2026-08-20 06:00:00,True
C10064,ACC-02590,14668.89,2026-09-02 10:00:00,True
C10065,ACC-04425,11414.82,2026-09-02 01:00:00,True
C10066,ACC-05658,14811.5,2026-08-28 15:00:00,True
C10067,ACC-07586,14392.37,2026-08-24 02:00:00,True
C10068,ACC-01594,6785.68,2026-09-07 04:00:00,True
C10069,ACC-04271,6084.03,2026-09-02 11:00:00,True
C10070,ACC-00119,12285.45,2026-08-28 01:00:00,True
C10071,ACC-07168,11062.09,2026-08-30 23:00:00,True
C10072,ACC-03007,8851.95,2026-08-25 09:00:00,True
C10073,ACC-04856,35347.21,2026-08-23 06:00:00,True
C10074,ACC-02390,11773.18,2026-08-20 00:00:00,True
C10075,ACC-01353,10691.05,2026-09-04 17:00:00,True
C10076,ACC-00319,13337.25,2026-08-28 19:00:00,True
C10077,ACC-02515,7101.83,2026-09-01 03:00:00,True
C10078,ACC-02738,11066.62,2026-08-15 18:00:00,True
C10079,ACC-05488,75009.79,2026-08-30 22:00:00,True
C10080,ACC-04772,12784.2,2026-08-17 09:00:00,True
C10081,ACC-04951,13041.1,2026-09-03 07:00:00,True
C10082,ACC-03313,9645.5,2026-08-18 20:00:00,True
C10083,ACC-04437,14174.7,2026-08-24 05:00:00,True
C10084,ACC-00626,80142.14,2026-09-06 22:00:00,True
C10085,ACC-05177,7773.11,2026-08-14 16:00:00,True
C10086,ACC-01947,9845.97,2026-08-16 20:00:00,True
C10087,ACC-07962,20471.69,2026-09-03 04:00:00,True
C10088,ACC-01203,12534.75,2026-08-30 03:00:00,True
C10089,ACC-06006,10382.21,2026-08-13 23:00:00,True
C10090,ACC-02999,12998.68,2026-08-17 19:00:00,True
C10091,ACC-04321,7194.22,2026-09-02 21:00:00,True
C10092,ACC-06284,5290.25,2026-08-27 21:00:00,True
C10093,ACC-01064,11791.42,2026-08-30 15:00:00,True
C10094,ACC-02405,36932.82,2026-08-28 13:00:00,True
C10095,ACC-01870,12612.3,2026-08-31 02:00:00,True
C10096,ACC-06701,12520.1,2026-08-29 04:00:00,True
C10097,ACC-02987,7522.72,2026-08-14 23:00:00,True
C10098,ACC-01415,5193.83,2026-09-07 21:00:00,True
C10099,ACC-00227,14999.08,2026-08-24 11:00:00,True
C10100,ACC-06005,11501.44,2026-08-30 05:00:00,True
C10101,ACC-07318,5402.58,2026-08-16 16:00:00,True
C10102,ACC-06761,94310.97,2026-09-10 05:00:00,True
C10103,ACC-01107,14080.26,2026-08-22 15:00:00,True
C10104,ACC-02129,14414.71,2026-08-29 00:00:00,True
C10105,ACC-01028,10920.98,2026-09-04 10:00:00,True
C10106,ACC-01344,48975.04,2026-08-14 16:00:00,True
C10107,ACC-05065,56064.16,2026-08-14 22:00:00,True
C10108,ACC-04422,10698.5,2026-08-16 22:00:00,True
C10109,ACC-04636,8363.97,2026-08-20 00:00:00,True
C10110,ACC-01429,6818.4,2026-08-26 02:00:00,True
C10111,ACC-06569,12978.32,2026-09-04 01:00:00,True
C10112,ACC-02347,13803.2,2026-08-31 04:00:00,True
C10113,ACC-02894,10557.91,2026-08-19 04:00:00,True
C10114,ACC-05759,5856.13,2026-08-25 06:00:00,True
C10115,ACC-03940,9885.78,2026-08-17 23:00:00,True
C10116,ACC-05487,11906.09,2026-08-17 05:00:00,True
C10117,ACC-04743,9908.21,2026-08-20 14:00:00,True
C10118,ACC-02019,5930.53,2026-08-16 12:00:00,True
C10119,ACC-07765,11917.87,2026-09-03 00:00:00,True
C10120,ACC-05430,10815.56,2026-08-31 15:00:00,True
C10121,ACC-04679,10309.22,2026-08-25 19:00:00,True
C10122,ACC-00094,10503.88,2026-08-27 13:00:00,True
C10123,ACC-02932,9537.45,2026-08-29 14:00:00,True
C10124,ACC-01742,34355.32,2026-09-01 04:00:00,True
C10125,ACC-01259,10341.35,2026-09-09 14:00:00,True
C10126,ACC-06231,14742.95,2026-09-02 11:00:00,True
C10127,ACC-01930,11974.17,2026-08-24 03:00:00,True
C10128,ACC-04133,83259.27,2026-09-05 16:00:00,True
C10129,ACC-02699,8803.78,2026-09-02 20:00:00,True
C10130,ACC-02340,13601.67,2026-08-27 03:00:00,True
C10131,ACC-00224,10686.29,2026-08-28 03:00:00,True
C10132,ACC-02391,14601.09,2026-09-08 17:00:00,True
C10133,ACC-06871,11255.15,2026-09-07 06:00:00,True
C10134,ACC-01447,5811.87,2026-09-01 15:00:00,True
C10135,ACC-06527,10519.92,2026-09-03 07:00:00,True
C10136,ACC-05023,9085.18,2026-09-05 12:00:00,True
C10137,ACC-03137,9699.12,2026-08-18 17:00:00,True
C10138,ACC-05528,7881.05,2026-09-09 05:00:00,True
C10139,ACC-06056,13596.07,2026-08-31 14:00:00,True
C10140,ACC-01498,7334.24,2026-09-07 15:00:00,True
C10141,ACC-00075,21659.64,2026-09-01 16:00:00,True
C10142,ACC-01488,13214.21,2026-08-16 15:00:00,True
C10143,ACC-04131,46384.29,2026-08-23 11:00:00,True
C10144,ACC-02402,7882.18,2026-08-18 21:00:00,True
C10145,ACC-00018,24336.33,2026-08-28 19:00:00,True
C10146,ACC-06008,11226.34,2026-08-25 01:00:00,True
C10147,ACC-05499,9420.41,2026-08-25 16:00:00,True
C10148,ACC-07092,7670.56,2026-09-09 06:00:00,True
C10149,ACC-07590,9381.16,2026-09-06 03:00:00,True
C10150,ACC-04204,6214.26,2026-08-18 21:00:00,True
C10151,ACC-00126,12993.14,2026-08-20 17:00:00,True
C10152,ACC-05651,8107.5,2026-08-19 07:00:00,True
C10153,ACC-01247,88352.99,2026-09-09 19:00:00,True
C10154,ACC-00789,7671.73,2026-08-30 20:00:00,True
C10155,ACC-01345,12260.51,2026-09-10 03:00:00,True
C10156,ACC-07635,10799.23,2026-08-14 18:00:00,True
C10157,ACC-03783,13652.61,2026-08-19 21:00:00,True
C10158,ACC-05788,9843.41,2026-08-26 19:00:00,True
C10159,ACC-03807,12628.73,2026-08-30 19:00:00,True
C10160,ACC-07840,14328.52,2026-08-28 22:00:00,True
C10161,ACC-01149,14807.75,2026-08-14 06:00:00,True
C10162,ACC-01021,8829.71,2026-09-02 18:00:00,True
C10163,ACC-05641,5436.47,2026-08-13 23:00:00,True
C10164,ACC-07094,12052.28,2026-08-17 21:00:00,True
C10165,ACC-04012,8860.79,2026-08-16 00:00:00,True
C10166,ACC-01511,14808.18,2026-08-19 16:00:00,True
C10167,ACC-05905,6262.46,2026-08-26 11:00:00,True
C10168,ACC-07232,88141.22,2026-08-23 02:00:00,True
C10169,ACC-03836,13593.42,2026-08-13 15:00:00,True
C10170,ACC-06844,50603.54,2026-08-29 02:00:00,True
C10171,ACC-00161,9976.67,2026-08-20 05:00:00,True
C10172,ACC-06395,7321.88,2026-08-23 08:00:00,True
C10173,ACC-05066,9595.7,2026-08-21 04:00:00,True
C10174,ACC-05188,13989.09,2026-08-20 12:00:00,True
C10175,ACC-02502,11776.11,2026-08-27 03:00:00,True
C10176,ACC-05449,9417.3,2026-09-05 10:00:00,True
C10177,ACC-03404,7991.54,2026-08-29 18:00:00,True
C10178,ACC-06226,7500.98,2026-08-27 14:00:00,True
C10179,ACC-04618,6992.17,2026-08-14 03:00:00,True
C10180,ACC-03057,6066.53,2026-08-28 21:00:00,True
C10181,ACC-02085,8589.59,2026-08-28 18:00:00,True
C10182,ACC-05361,92272.3,2026-08-31 14:00:00,True
C10183,ACC-06852,8089.33,2026-08-21 11:00:00,True
C10184,ACC-06100,10795.74,2026-08-27 11:00:00,True
C10185,ACC-01084,5901.33,2026-08-18 08:00:00,True
C10186,ACC-06894,12474.81,2026-09-01 02:00:00,True
C10187,ACC-00320,31260.56,2026-09-05 06:00:00,True
C10188,ACC-07005,12242.17,2026-09-02 15:00:00,True
C10189,ACC-00742,8657.75,2026-08-28 19:00:00,True
C10190,ACC-02775,5139.19,2026-08-16 00:00:00,True
C10191,ACC-01224,9547.86,2026-08-24 09:00:00,True
C10192,ACC-01834,72393.75,2026-08-19 13:00:00,True
C10193,ACC-00725,11156.52,2026-08-14 21:00:00,True
C10194,ACC-05502,11902.81,2026-09-02 11:00:00,True
C10195,ACC-03740,9446.96,2026-09-03 22:00:00,True
C10196,ACC-00638,5993.55,2026-09-03 01:00:00,True
C10197,ACC-03630,10444.66,2026-08-20 01:00:00,True
C10198,ACC-03476,5605.5,2026-08-21 01:00:00,True
C10199,ACC-06979,14682.07,2026-09-02 06:00:00,True
C10200,ACC-05868,5916.73,2026-08-13 22:00:00,True
C10201,ACC-05812,11394.93,2026-09-03 16:00:00,True
C10202,ACC-04257,12867.95,2026-09-10 11:00:00,True
C10203,ACC-02382,12869.78,2026-09-03 08:00:00,True
C10204,ACC-07145,13298.18,2026-09-04 10:00:00,True
C10205,ACC-03769,10863.83,2026-08-24 06:00:00,True
C10206,ACC-01403,8285.6,2026-08-15 05:00:00,True
C10207,ACC-04899,5028.36,2026-09-05 17:00:00,True
C10208,ACC-02687,14875.27,2026-08-14 08:00:00,True
C10209,ACC-01905,12985.14,2026-08-24 04:00:00,True
C10210,ACC-00583,13664.48,2026-09-06 15:00:00,True
C10211,ACC-01030,8582.42,2026-09-06 12:00:00,True
C10212,ACC-01459,26463.24,2026-08-16 05:00:00,True
C10213,ACC-02067,5656.82,2026-08-22 08:00:00,True
C10214,ACC-03485,11330.77,2026-09-01 17:00:00,True
C10215,ACC-07525,8251.85,2026-08-23 14:00:00,True
C10216,ACC-06786,74945.68,2026-08-21 20:00:00,True
C10217,ACC-01927,5912.25,2026-08-26 10:00:00,True
C10218,ACC-06171,9318.77,2026-09-08 10:00:00,True
C10219,ACC-02549,49404.88,2026-08-17 13:00:00,True
C10220,ACC-01639,10741.0,2026-08-17 04:00:00,True
C10221,ACC-03495,13451.55,2026-08-15 23:00:00,True
C10222,ACC-02285,11135.73,2026-08-16 17:00:00,True
C10223,ACC-00513,5262.54,2026-08-20 19:00:00,True
C10224,ACC-04603,7674.48,2026-08-19 14:00:00,True
C10225,ACC-07798,12026.99,2026-09-05 04:00:00,True
C10226,ACC-00288,8510.23,2026-09-01 02:00:00,True
C10227,ACC-02748,10663.21,2026-09-05 08:00:00,True
C10228,ACC-02111,6418.75,2026-08-29 10:00:00,True
C10229,ACC-04026,5917.58,2026-08-21 12:00:00,True
C10230,ACC-04785,8761.94,2026-08-25 06:00:00,True
C10231,ACC-09999,37245.52,2026-08-27 02:00:00,True
C10232,ACC-05299,8451.73,2026-08-25 09:00:00,True
C10233,ACC-03715,65871.97,2026-09-07 03:00:00,True
C10234,ACC-06910,9176.94,2026-08-18 16:00:00,True
C10235,ACC-07355,5208.57,2026-09-07 00:00:00,True
C10236,ACC-01325,13013.22,2026-08-31 07:00:00,True
C10237,ACC-03988,13320.26,2026-08-21 22:00:00,True
C10238,ACC-01069,80817.22,2026-08-30 10:00:00,True
C10239,ACC-00773,6771.46,2026-08-21 10:00:00,True
C10240,ACC-04628,9941.17,2026-08-16 16:00:00,True
C10241,ACC-06260,12598.77,2026-08-16 18:00:00,True
C10242,ACC-03685,14241.54,2026-08-26 15:00:00,True
C10243,ACC-03840,11352.98,2026-08-22 16:00:00,True
C10244,ACC-06604,13642.47,2026-08-22 02:00:00,True
C10245,ACC-00276,98189.48,2026-08-21 02:00:00,True
C10246,ACC-06234,24189.24,2026-09-07 17:00:00,True
C10247,ACC-00903,8346.49,2026-08-20 16:00:00,True
C10248,ACC-01432,10579.63,2026-08-31 09:00:00,True
C10249,ACC-00457,7519.96,2026-08-29 03:00:00,True
C10250,ACC-07912,14644.1,2026-08-13 15:00:00,True
C10251,ACC-01883,8333.62,2026-08-22 08:00:00,True
C10252,ACC-02513,6414.28,2026-08-22 15:00:00,True
C10253,ACC-04623,14676.97,2026-08-30 03:00:00,True
C10254,ACC-06423,8919.58,2026-08-18 15:00:00,True
C10255,ACC-06725,14380.02,2026-08-21 14:00:00,True
C10256,ACC-07624,8766.79,2026-08-31 19:00:00,True
C10257,ACC-01610,13131.85,2026-08-16 02:00:00,True
C10258,ACC-02919,13289.59,2026-08-19 14:00:00,True
C10259,ACC-04504,14124.48,2026-08-17 15:00:00,True
C10260,ACC-03337,68847.63,2026-09-07 16:00:00,True
C10261,ACC-03798,61272.75,2026-08-16 13:00:00,True
C10262,ACC-04696,5838.75,2026-09-07 03:00:00,True
C10263,ACC-00612,9493.19,2026-09-05 04:00:00,True
C10264,ACC-01131,13310.47,2026-08-25 08:00:00,True
C10265,ACC-03547,21520.31,2026-09-08 05:00:00,True
C10266,ACC-05599,10488.04,2026-09-04 08:00:00,True
C10267,ACC-02720,10277.72,2026-08-17 17:00:00,True
C10268,ACC-07673,7376.4,2026-09-07 03:00:00,True
C10269,ACC-04572,7384.4,2026-09-07 11:00:00,True
C10270,ACC-01821,9571.14,2026-08-20 17:00:00,True
C10271,ACC-01159,10967.39,2026-09-06 21:00:00,True
C10272,ACC-00277,10153.76,2026-09-09 16:00:00,True
C10273,ACC-04395,51236.3,2026-09-02 14:00:00,True
C10274,ACC-05323,85232.49,2026-08-26 11:00:00,True
C10275,ACC-04655,5366.21,2026-08-26 04:00:00,True
C10276,ACC-01790,26314.16,2026-08-21 06:00:00,True
C10277,ACC-05438,71613.03,2026-08-22 07:00:00,True
C10278,ACC-03471,14494.67,2026-08-30 00:00:00,True
C10279,ACC-02150,6534.38,2026-09-08 17:00:00,True
C10280,ACC-03772,8720.13,2026-08-27 01:00:00,True
C10281,ACC-00939,76763.24,2026-08-17 10:00:00,True
C10282,ACC-02623,7903.62,2026-08-23 19:00:00,True
C10283,ACC-03298,12118.09,2026-09-01 07:00:00,True
C10284,ACC-03043,6740.91,2026-08-18 16:00:00,True
C10285,ACC-00765,7242.42,2026-08-29 20:00:00,True
C10286,ACC-02903,7367.36,2026-09-04 08:00:00,True
C10287,ACC-01448,90236.81,2026-08-26 12:00:00,True
C10288,ACC-07116,11397.94,2026-08-16 19:00:00,True
C10289,ACC-01225,9326.18,2026-09-05 08:00:00,True
C10290,ACC-02872,13313.91,2026-08-14 11:00:00,True
C10291,ACC-06402,8041.25,2026-08-25 08:00:00,True
C10292,ACC-01899,14347.38,2026-09-05 02:00:00,True
C10293,ACC-05500,14474.83,2026-09-03 01:00:00,True
C10294,ACC-03909,13459.34,2026-08-25 03:00:00,True
C10295,ACC-01694,25837.84,2026-09-02 06:00:00,True
C10296,ACC-04347,9396.05,2026-09-09 07:00:00,True
C10297,ACC-02363,7040.23,2026-08-25 22:00:00,True
C10298,ACC-07824,8125.82,2026-08-22 08:00:00,True
C10299,ACC-07082,12342.0,2026-08-19 02:00:00,True
C10300,ACC-06606,14753.74,2026-08-14 01:00:00,True
C10301,ACC-01547,10149.8,2026-09-06 01:00:00,True
C10302,ACC-02868,7417.38,2026-09-07 02:00:00,True
C10303,ACC-03405,48231.61,2026-09-07 04:00:00,True
C10304,ACC-05891,9948.94,2026-09-09 03:00:00,True
C10305,ACC-00864,11725.21,2026-08-14 16:00:00,True
C10306,ACC-03346,5081.77,2026-08-31 19:00:00,True
C10307,ACC-00342,99127.26,2026-09-06 23:00:00,True
C10308,ACC-06443,6188.11,2026-08-19 17:00:00,True
C10309,ACC-00858,8731.98,2026-09-07 00:00:00,True
C10310,ACC-07394,65033.94,2026-08-30 19:00:00,True
C10311,ACC-02374,8683.58,2026-08-26 12:00:00,True
C10312,ACC-03574,14798.98,2026-08-20 09:00:00,True
C10313,ACC-01749,12967.55,2026-08-23 03:00:00,True
C10314,ACC-02732,11292.6,2026-08-17 14:00:00,True
C10315,ACC-06840,7655.3,2026-08-21 21:00:00,True
C10316,ACC-04210,56773.08,2026-08-20 18:00:00,True
C10317,ACC-02213,10462.73,2026-08-24 02:00:00,True
C10318,ACC-02771,11807.46,2026-08-19 13:00:00,True
C10319,ACC-03870,7643.62,2026-08-15 14:00:00,True
C10320,ACC-01202,14573.37,2026-08-26 06:00:00,True
C10321,ACC-01673,7984.99,2026-09-01 19:00:00,True
C10322,ACC-03249,12049.01,2026-09-01 03:00:00,True
C10323,ACC-01066,30981.84,2026-08-18 14:00:00,True
C10324,ACC-02352,10868.3,2026-08-21 13:00:00,True
C10325,ACC-04509,11698.34,2026-09-03 11:00:00,True
C10326,ACC-07112,11379.45,2026-08-25 05:00:00,True
C10327,ACC-07127,9133.01,2026-09-09 09:00:00,True
C10328,ACC-00669,6005.45,2026-08-18 21:00:00,True
C10329,ACC-06712,5051.81,2026-08-17 08:00:00,True
C10330,ACC-02456,9069.07,2026-08-24 07:00:00,True
C10331,ACC-09999,11505.39,2026-08-25 21:00:00,True
C10332,ACC-00475,8211.68,2026-08-17 03:00:00,True
C10333,ACC-04017,34904.93,2026-08-21 11:00:00,True
C10334,ACC-07327,13767.43,2026-08-18 03:00:00,True
C10335,ACC-06708,10679.62,2026-09-10 03:00:00,True
C10336,ACC-05566,7845.62,2026-09-07 02:00:00,True
C10337,ACC-01622,10243.19,2026-08-20 19:00:00,True
C10338,ACC-03981,9680.21,2026-09-05 20:00:00,True
C10339,ACC-00667,39843.77,2026-09-04 09:00:00,True
C10340,ACC-00045,7355.21,2026-09-02 00:00:00,True
C10341,ACC-02548,14540.35,2026-08-17 04:00:00,True
C10342,ACC-07728,12228.83,2026-08-31 18:00:00,True
C10343,ACC-06219,11536.83,2026-09-10 04:00:00,True
C10344,ACC-01158,5621.24,2026-08-19 05:00:00,True
C10345,ACC-04792,8068.06,2026-09-06 22:00:00,True
C10346,ACC-03457,10025.2,2026-08-28 15:00:00,True
C10347,ACC-07240,11902.9,2026-08-19 03:00:00,True
C10348,ACC-00873,8675.44,2026-08-21 03:00:00,True
C10349,ACC-01605,14573.61,2026-09-03 05:00:00,True
C10350,ACC-00705,9549.79,2026-08-26 08:00:00,True
C10351,ACC-01712,59106.24,2026-08-22 01:00:00,True
C10352,ACC-04586,13086.92,2026-08-24 22:00:00,True
C10353,ACC-02299,10132.48,2026-08-27 08:00:00,True
C10354,ACC-02863,5577.37,2026-08-26 18:00:00,True
C10355,ACC-00847,13069.15,2026-08-26 15:00:00,True
C10356,ACC-05722,8959.49,2026-08-18 12:00:00,True
C10357,ACC-01058,12458.04,2026-08-15 12:00:00,True
C10358,ACC-07409,30834.31,2026-08-23 10:00:00,True
C10359,ACC-05699,11458.81,2026-08-20 13:00:00,True
C10360,ACC-03446,14928.57,2026-08-28 01:00:00,True
C10361,ACC-00134,13696.2,2026-08-28 22:00:00,True
C10362,ACC-06935,5802.5,2026-08-29 00:00:00,True
C10363,ACC-03892,6329.9,2026-08-19 19:00:00,True
C10364,ACC-05179,6186.33,2026-08-14 01:00:00,True
C10365,ACC-06316,10288.43,2026-08-24 00:00:00,True
C10366,ACC-04399,13348.22,2026-08-18 05:00:00,True
C10367,ACC-01406,14784.91,2026-08-17 12:00:00,True
C10368,ACC-07816,12190.94,2026-08-26 15:00:00,True
C10369,ACC-03790,8792.76,2026-08-27 19:00:00,True
C10370,ACC-07893,67833.41,2026-09-03 05:00:00,True
C10371,ACC-02419,7369.04,2026-08-20 02:00:00,True
C10372,ACC-04002,10212.51,2026-09-05 15:00:00,True
C10373,ACC-07855,7751.54,2026-08-28 03:00:00,True
C10374,ACC-06413,13797.14,2026-08-23 18:00:00,True
C10375,ACC-04681,11787.5,2026-09-04 16:00:00,True
C10376,ACC-06578,5468.84,2026-08-23 21:00:00,True
C10377,ACC-03430,11713.43,2026-08-29 16:00:00,True
C10378,ACC-07701,87770.67,2026-08-15 20:00:00,True
C10379,ACC-00562,12245.85,2026-09-07 19:00:00,True
C10380,ACC-03872,7684.62,2026-09-04 11:00:00,True
C10381,ACC-07175,11029.22,2026-08-19 17:00:00,True
C10382,ACC-05211,6881.63,2026-08-14 10:00:00,True
C10383,ACC-07605,12243.05,2026-08-16 18:00:00,True
C10384,ACC-01965,9793.94,2026-08-24 06:00:00,True
C10385,ACC-03647,8031.88,2026-08-14 02:00:00,True
C10386,ACC-06192,14371.6,2026-09-10 06:00:00,True
C10387,ACC-07790,12468.79,2026-08-18 09:00:00,True
C10388,ACC-06661,14144.41,2026-08-16 21:00:00,True
C10389,ACC-04203,49656.39,2026-08-18 17:00:00,True
C10390,ACC-07014,87125.48,2026-08-28 11:00:00,True
C10391,ACC-05628,5485.14,2026-09-07 15:00:00,True
C10392,ACC-07456,6374.92,2026-09-09 23:00:00,True
C10393,ACC-01985,5679.68,2026-08-21 05:00:00,True
C10394,ACC-05339,92781.87,2026-09-06 12:00:00,True
C10395,ACC-05719,10243.85,2026-09-07 09:00:00,True
C10396,ACC-03154,11197.81,2026-09-03 06:00:00,True
C10397,ACC-06243,7673.25,2026-09-02 01:00:00,True
C10398,ACC-01255,8730.52,2026-08-29 10:00:00,True
C10399,ACC-02581,10650.02,2026-08-28 22:00:00,True
C10400,ACC-01088,7999.75,2026-08-19 05:00:00,True
C10401,ACC-00674,11537.36,2026-08-15 10:00:00,True
C10402,ACC-02220,12595.86,2026-08-13 16:00:00,True
C10403,ACC-04908,8792.64,2026-09-08 00:00:00,True
C10404,ACC-03482,5561.15,2026-08-23 21:00:00,True
C10405,ACC-06517,6713.84,2026-09-09 14:00:00,True
C10406,ACC-03449,11449.07,2026-08-25 23:00:00,True
C10407,ACC-02725,14773.29,2026-08-30 18:00:00,True
C10408,ACC-03513,14191.52,2026-09-06 20:00:00,True
C10409,ACC-04918,14012.73,2026-09-03 06:00:00,True
C10410,ACC-07125,9755.0,2026-08-18 18:00:00,True
C10411,ACC-01073,11844.29,2026-09-09 10:00:00,True
C10412,ACC-05766,10635.1,2026-09-01 19:00:00,True
C10413,ACC-04806,14287.66,2026-09-09 07:00:00,True
C10414,ACC-07811,14614.69,2026-08-31 12:00:00,True
C10415,ACC-01811,12522.54,2026-08-23 08:00:00,True
C10416,ACC-01386,54967.06,2026-08-19 00:00:00,True
C10417,ACC-06879,8405.93,2026-08-15 10:00:00,True
C10418,ACC-02493,14548.58,2026-08-16 17:00:00,True
C10419,ACC-04961,43630.36,2026-08-29 02:00:00,True
C10420,ACC-02459,5735.07,2026-09-02 14:00:00,True
C10421,ACC-03944,8800.0,2026-09-02 08:00:00,True
C10422,ACC-06405,6542.77,2026-08-15 16:00:00,True
C10423,ACC-05620,8607.0,2026-08-29 02:00:00,True
C10424,ACC-06175,14429.6,2026-09-08 12:00:00,True
C10425,ACC-03687,12613.46,2026-08-27 01:00:00,True
C10426,ACC-05004,51023.96,2026-09-07 08:00:00,True
C10427,ACC-04098,69615.38,2026-09-07 13:00:00,True
C10428,ACC-01252,9402.23,2026-08-16 02:00:00,True
C10429,ACC-07707,14742.25,2026-08-27 16:00:00,True
C10430,ACC-02634,8206.65,2026-09-06 03:00:00,True
C10431,ACC-04691,9790.1,2026-08-19 06:00:00,True
C10432,ACC-03503,25532.69,2026-09-05 00:00:00,True
C10433,ACC-05334,11729.78,2026-08-13 23:00:00,True
C10434,ACC-03664,8028.33,2026-09-05 16:00:00,True
C10435,ACC-04190,6541.43,2026-09-01 15:00:00,True
C10436,ACC-02986,5739.65,2026-08-28 00:00:00,True
C10437,ACC-06600,10822.44,2026-08-21 21:00:00,True
C10438,ACC-03833,14234.96,2026-08-23 20:00:00,True
C10439,ACC-05950,9183.01,2026-08-13 14:00:00,True
C10440,ACC-02440,12016.34,2026-09-09 01:00:00,True
C10441,ACC-05895,10938.2,2026-08-15 19:00:00,True
C10442,ACC-03767,12689.54,2026-09-08 09:00:00,True
C10443,ACC-01144,32059.59,2026-08-19 15:00:00,True
C10444,ACC-06111,6045.49,2026-09-09 21:00:00,True
C10445,ACC-06298,6160.69,2026-08-28 10:00:00,True
C10446,ACC-04188,8483.29,2026-08-18 08:00:00,True
C10447,ACC-07490,12842.7,2026-08-30 22:00:00,True
C10448,ACC-05175,8483.0,2026-08-24 21:00:00,True
C10449,ACC-06860,12219.94,2026-09-06 22:00:00,True
C10450,ACC-05903,5671.74,2026-08-27 02:00:00,True
C10451,ACC-06591,6150.85,2026-09-08 14:00:00,True
C10452,ACC-01087,11479.7,2026-08-14 02:00:00,True
C10453,ACC-03997,14299.22,2026-08-20 07:00:00,True
C10454,ACC-00091,10159.94,2026-08-18 05:00:00,True
C10455,ACC-05928,8309.9,2026-08-24 07:00:00,True
C10456,ACC-01044,7318.56,2026-08-27 22:00:00,True
C10457,ACC-06329,6844.52,2026-08-28 16:00:00,True
C10458,ACC-07750,9321.34,2026-08-20 15:00:00,True
C10459,ACC-06719,11141.07,2026-09-09 13:00:00,True
C10460,ACC-06098,10922.03,2026-09-03 22:00:00,True
C10461,ACC-00519,12047.36,2026-08-29 12:00:00,True
C10462,ACC-04570,12523.25,2026-09-04 04:00:00,True
C10463,ACC-03335,10773.48,2026-08-16 10:00:00,True
C10464,ACC-03737,6869.6,2026-08-15 19:00:00,True
C10465,ACC-05535,9575.5,2026-08-31 06:00:00,True
C10466,ACC-03595,13626.37,2026-09-01 15:00:00,True
C10467,ACC-04341,53843.1,2026-08-24 16:00:00,True
C10468,ACC-07852,10373.79,2026-08-25 16:00:00,True
C10469,ACC-07623,56585.71,2026-08-21 07:00:00,True
C10470,ACC-02324,10497.26,2026-08-17 21:00:00,True
C10471,ACC-00599,6142.07,2026-09-06 18:00:00,True
C10472,ACC-00353,13232.83,2026-08-16 19:00:00,True
C10473,ACC-02550,26958.64,2026-08-29 19:00:00,True
C10474,ACC-05045,12756.32,2026-08-14 09:00:00,True
C10475,ACC-05896,13107.03,2026-09-03 06:00:00,True
C10476,ACC-01570,8506.31,2026-08-22 14:00:00,True
C10477,ACC-05823,11327.71,2026-08-18 17:00:00,True
C10478,ACC-05761,6392.35,2026-09-04 17:00:00,True
C10479,ACC-06221,74343.95,2026-09-04 06:00:00,True
C10480,ACC-02343,14627.72,2026-09-07 08:00:00,True
C10481,ACC-07047,14187.69,2026-08-15 23:00:00,True
C10482,ACC-05290,6268.88,2026-09-01 16:00:00,True
C10483,ACC-06033,7496.77,2026-08-14 08:00:00,True
C10484,ACC-01872,13284.82,2026-08-19 02:00:00,True
C10485,ACC-01222,8927.01,2026-08-16 15:00:00,True
C10486,ACC-02923,11324.02,2026-09-05 18:00:00,True
C10487,ACC-02670,8751.72,2026-08-20 23:00:00,True
C10488,ACC-01687,12945.99,2026-09-07 16:00:00,True
C10489,ACC-02583,9028.51,2026-08-17 10:00:00,True
C10490,ACC-02167,11947.04,2026-08-18 04:00:00,True
C10491,ACC-06956,14502.54,2026-08-29 22:00:00,True
C10492,ACC-03758,59577.2,2026-08-30 18:00:00,True
C10493,ACC-02115,8377.55,2026-08-31 03:00:00,True
C10494,ACC-03344,27295.93,2026-08-23 08:00:00,True
C10495,ACC-04671,7134.21,2026-09-07 12:00:00,True
C10496,ACC-04282,10936.79,2026-09-08 08:00:00,True
C10497,ACC-06590,9450.67,2026-08-24 15:00:00,True
C10498,ACC-07702,8435.74,2026-09-09 14:00:00,True
C10499,ACC-05144,72001.62,2026-09-06 23:00:00,True
C10500,ACC-06152,12224.32,2026-08-27 01:00:00,True
C10501,ACC-03876,6513.74,2026-08-20 13:00:00,True
C10502,ACC-05442,11865.66,2026-08-27 17:00:00,True
C10503,ACC-02824,5866.88,2026-08-14 06:00:00,True
C10504,ACC-04583,12524.46,2026-09-07 08:00:00,True
C10505,ACC-07308,71046.59,2026-08-22 13:00:00,True
C10506,ACC-07165,13887.25,2026-09-07 20:00:00,True
C10507,ACC-00021,14339.24,2026-09-10 01:00:00,True
C10508,ACC-04433,13608.14,2026-09-06 00:00:00,True
C10509,ACC-03490,8654.12,2026-08-22 23:00:00,True
C10510,ACC-04428,12627.26,2026-08-20 07:00:00,True
C10511,ACC-01917,5166.89,2026-08-17 10:00:00,True
C10512,ACC-00264,7621.85,2026-09-08 12:00:00,True
C10513,ACC-02186,14486.8,2026-09-09 11:00:00,True
C10514,ACC-01143,7864.88,2026-08-28 20:00:00,True
C10515,ACC-07353,12671.1,2026-08-18 20:00:00,True
C10516,ACC-06353,9022.77,2026-08-27 14:00:00,True
C10517,ACC-02657,10376.55,2026-08-20 19:00:00,True
C10518,ACC-04218,5835.97,2026-09-06 04:00:00,True
C10519,ACC-01564,79335.48,2026-09-07 20:00:00,True
C10520,ACC-04105,6194.43,2026-08-18 07:00:00,True
C10521,ACC-07970,12015.0,2026-08-19 08:00:00,True
C10522,ACC-07234,14530.16,2026-09-04 21:00:00,True
C10523,ACC-07822,12829.87,2026-08-24 20:00:00,True
C10524,ACC-05011,6669.63,2026-08-18 04:00:00,True
C10525,ACC-04037,12811.24,2026-09-05 13:00:00,True
C10526,ACC-04065,13864.15,2026-09-01 13:00:00,True
C10527,ACC-02862,8350.11,2026-08-17 12:00:00,True
C10528,ACC-03108,10238.54,2026-08-28 04:00:00,True
C10529,ACC-00370,26230.97,2026-09-01 14:00:00,True
C10530,ACC-07237,10020.41,2026-08-30 09:00:00,True
C10531,ACC-05948,67335.27,2026-09-09 07:00:00,True
C10532,ACC-05865,12324.63,2026-08-26 06:00:00,True
C10533,ACC-00041,6505.66,2026-08-24 05:00:00,True
C10534,ACC-07108,7329.98,2026-08-28 12:00:00,True
C10535,ACC-06490,13395.74,2026-08-29 16:00:00,True
C10536,ACC-05189,5014.62,2026-09-10 02:00:00,True
C10537,ACC-06419,13490.06,2026-08-20 00:00:00,True
C10538,ACC-03615,6039.49,2026-08-18 03:00:00,True
C10539,ACC-00557,9198.16,2026-08-25 05:00:00,True
C10540,ACC-00181,12116.52,2026-09-09 08:00:00,True
C10541,ACC-01646,14212.74,2026-09-08 11:00:00,True
C10542,ACC-01731,9130.57,2026-08-13 20:00:00,True
C10543,ACC-03276,14745.55,2026-08-29 22:00:00,True
C10544,ACC-06605,5955.77,2026-09-07 18:00:00,True
C10545,ACC-02669,13199.63,2026-09-05 16:00:00,True
C10546,ACC-06734,10678.21,2026-09-07 18:00:00,True
C10547,ACC-04492,57284.41,2026-08-27 15:00:00,True
C10548,ACC-00783,10359.25,2026-08-28 09:00:00,True
C10549,ACC-03801,9519.17,2026-08-17 06:00:00,True
C10550,ACC-06559,99254.13,2026-08-27 04:00:00,True
C10551,ACC-05197,13546.01,2026-09-10 00:00:00,True
C10552,ACC-05862,10501.21,2026-08-23 13:00:00,True
C10553,ACC-04548,25998.97,2026-09-06 22:00:00,True
C10554,ACC-06580,71412.2,2026-09-08 06:00:00,True
C10555,ACC-07648,7491.48,2026-08-15 20:00:00,True
C10556,ACC-00194,12948.46,2026-08-15 19:00:00,True
C10557,ACC-01996,8591.12,2026-08-28 14:00:00,True
C10558,ACC-03285,8440.34,2026-08-23 21:00:00,True
C10559,ACC-02663,8216.04,2026-08-22 20:00:00,True
C10560,ACC-06680,5260.63,2026-09-02 07:00:00,True
C10561,ACC-05746,5293.03,2026-08-22 05:00:00,True
C10562,ACC-01096,5585.91,2026-08-16 04:00:00,True
C10563,ACC-03288,8574.33,2026-08-25 20:00:00,True
C10564,ACC-00741,14739.8,2026-08-23 05:00:00,True
C10565,ACC-05351,11568.64,2026-09-07 05:00:00,True
C10566,ACC-07076,13162.85,2026-09-01 19:00:00,True
C10567,ACC-00451,84832.09,2026-08-18 11:00:00,True
C10568,ACC-00503,87718.47,2026-08-25 19:00:00,True
C10569,ACC-03525,14605.59,2026-08-14 01:00:00,True
C10570,ACC-01052,14419.23,2026-08-29 14:00:00,True
C10571,ACC-03336,6010.32,2026-08-28 18:00:00,True
C10572,ACC-00259,6364.52,2026-09-01 02:00:00,True
C10573,ACC-05629,97402.53,2026-09-04 13:00:00,True
C10574,ACC-00996,10655.5,2026-09-02 16:00:00,True
C10575,ACC-02158,8311.68,2026-08-26 08:00:00,True
C10576,ACC-01394,8468.1,2026-09-08 05:00:00,True
C10577,ACC-01441,11361.87,2026-08-31 07:00:00,True
C10578,ACC-04036,28378.0,2026-09-07 14:00:00,True
C10579,ACC-05061,13879.31,2026-08-31 07:00:00,True
C10580,ACC-06891,5750.02,2026-09-04 13:00:00,True
C10581,ACC-07807,10940.31,2026-09-08 02:00:00,True
C10582,ACC-02778,12045.05,2026-08-21 21:00:00,True
C10583,ACC-03317,6649.97,2026-08-27 16:00:00,True
C10584,ACC-07827,5535.56,2026-08-28 07:00:00,True
C10585,ACC-04627,14743.98,2026-08-31 06:00:00,True
C10586,ACC-01407,10541.12,2026-08-27 14:00:00,True
C10587,ACC-03282,7652.65,2026-08-17 19:00:00,True
C10588,ACC-06514,7375.48,2026-09-01 03:00:00,True
C10589,ACC-07287,10717.7,2026-09-09 00:00:00,True
C10590,ACC-05441,6535.9,2026-08-14 21:00:00,True
C10591,ACC-03126,9276.06,2026-08-30 12:00:00,True
C10592,ACC-03269,47503.31,2026-08-31 15:00:00,True
C10593,ACC-00509,14707.06,2026-08-23 23:00:00,True
C10594,ACC-06868,10536.02,2026-08-23 05:00:00,True
C10595,ACC-04799,13184.05,2026-08-15 00:00:00,True
C10596,ACC-05779,11870.68,2026-08-27 19:00:00,True
C10597,ACC-02258,13816.54,2026-08-25 18:00:00,True
C10598,ACC-05867,5789.55,2026-08-26 03:00:00,True
C10599,ACC-02427,5347.28,2026-08-13 14:00:00,True
C10600,ACC-00133,13004.5,2026-08-22 20:00:00,True
C10601,ACC-05310,6474.48,2026-08-19 17:00:00,True
C10602,ACC-01509,64509.14,2026-08-16 22:00:00,True
C10603,ACC-01251,41130.93,2026-08-24 02:00:00,True
C10604,ACC-01540,10720.23,2026-08-20 21:00:00,True
C10605,ACC-05364,6722.0,2026-08-26 11:00:00,True
C10606,ACC-04920,11182.44,2026-08-29 08:00:00,True
C10607,ACC-05713,9017.2,2026-08-19 14:00:00,True
C10608,ACC-06769,11905.14,2026-08-29 02:00:00,True
C10609,ACC-01072,9752.18,2026-09-08 13:00:00,True
C10610,ACC-07328,45669.47,2026-09-02 01:00:00,True
C10611,ACC-00528,11049.79,2026-08-17 23:00:00,True
C10612,ACC-03138,9417.17,2026-09-08 06:00:00,True
C10613,ACC-05116,12409.45,2026-08-14 23:00:00,True
C10614,ACC-04453,13671.89,2026-08-16 20:00:00,True
C10615,ACC-06081,10152.7,2026-08-15 11:00:00,True
C10616,ACC-00070,8111.23,2026-09-05 10:00:00,True
C10617,ACC-02304,6356.5,2026-08-25 00:00:00,True
C10618,ACC-05278,13793.33,2026-08-13 20:00:00,True
C10619,ACC-01699,6927.63,2026-09-10 07:00:00,True
C10620,ACC-06867,13369.77,2026-08-15 06:00:00,True
C10621,ACC-04445,9564.49,2026-09-03 11:00:00,True
C10622,ACC-02598,6991.1,2026-08-29 14:00:00,True
C10623,ACC-06368,10051.26,2026-08-29 22:00:00,True
C10624,ACC-07472,11811.74,2026-08-21 09:00:00,True
C10625,ACC-07741,9887.87,2026-09-03 01:00:00,True
C10626,ACC-06896,14605.2,2026-08-27 07:00:00,True
C10627,ACC-03681,10513.34,2026-08-25 18:00:00,True
C10628,ACC-00700,13376.54,2026-08-30 07:00:00,True
C10629,ACC-02836,13308.7,2026-09-01 13:00:00,True
C10630,ACC-06952,5274.5,2026-09-08 03:00:00,True
C10631,ACC-03219,13538.21,2026-09-09 07:00:00,True
C10632,ACC-04541,13571.11,2026-08-17 06:00:00,True
C10633,ACC-04372,11776.95,2026-08-21 05:00:00,True
C10634,ACC-02792,9095.07,2026-09-01 16:00:00,True
C10635,ACC-06444,5088.98,2026-09-09 15:00:00,True
C10636,ACC-03534,6732.01,2026-09-05 16:00:00,True
C10637,ACC-03808,7237.7,2026-08-16 12:00:00,True
C10638,ACC-04955,12127.4,2026-08-22 03:00:00,True
C10639,ACC-04559,7753.79,2026-08-18 16:00:00,True
C10640,ACC-07568,9589.98,2026-08-29 01:00:00,True
C10641,ACC-04179,8021.45,2026-09-03 22:00:00,True
C10642,ACC-02446,8971.53,2026-08-24 17:00:00,True
C10643,ACC-00856,10115.14,2026-09-07 12:00:00,True
C10644,ACC-02236,10614.57,2026-08-20 01:00:00,True
C10645,ACC-01286,7826.77,2026-08-21 17:00:00,True
C10646,ACC-05368,9817.38,2026-08-20 09:00:00,True
C10647,ACC-01105,11405.95,2026-08-31 04:00:00,True
C10648,ACC-04387,7611.47,2026-08-14 04:00:00,True
C10649,ACC-07074,7987.91,2026-08-18 16:00:00,True
C10650,ACC-02926,37789.06,2026-09-05 20:00:00,True
C10651,ACC-01977,12848.97,2026-08-23 16:00:00,True
C10652,ACC-05222,10073.15,2026-08-20 01:00:00,True
C10653,ACC-03168,53048.58,2026-08-14 07:00:00,True
C10654,ACC-05169,6373.65,2026-08-14 08:00:00,True
C10655,ACC-02666,9091.92,2026-09-04 02:00:00,True
C10656,ACC-01802,6432.24,2026-08-22 22:00:00,True
C10657,ACC-03855,6803.57,2026-08-13 14:00:00,True
C10658,ACC-00190,8326.29,2026-09-07 21:00:00,True
C10659,ACC-01320,11344.99,2026-09-05 02:00:00,True
C10660,ACC-00016,7735.28,2026-09-09 22:00:00,True
C10661,ACC-05997,25222.96,2026-08-17 07:00:00,True
C10662,ACC-02464,14484.63,2026-09-09 03:00:00,True
C10663,ACC-02964,10202.88,2026-08-26 13:00:00,True
C10664,ACC-04363,23836.83,2026-08-25 02:00:00,True
C10665,ACC-03880,13361.2,2026-09-06 16:00:00,True
C10666,ACC-06176,76058.11,2026-09-08 14:00:00,True
C10667,ACC-02103,10115.85,2026-08-28 09:00:00,True
C10668,ACC-04859,7827.07,2026-08-22 09:00:00,True
C10669,ACC-04573,9977.39,2026-08-16 09:00:00,True
C10670,ACC-07033,12779.59,2026-08-22 06:00:00,True
C10671,ACC-07792,14731.2,2026-08-14 20:00:00,True
C10672,ACC-00614,9097.56,2026-08-29 14:00:00,True
C10673,ACC-00216,10481.39,2026-09-05 11:00:00,True
C10674,ACC-04611,14331.24,2026-09-03 14:00:00,True
C10675,ACC-06754,5027.38,2026-08-31 05:00:00,True
C10676,ACC-00501,14068.8,2026-08-20 10:00:00,True
C10677,ACC-04716,11690.22,2026-08-14 18:00:00,True
C10678,ACC-00374,12795.26,2026-09-06 10:00:00,True
C10679,ACC-00058,12235.76,2026-09-07 13:00:00,True
C10680,ACC-05743,7311.6,2026-09-01 16:00:00,True
C10681,ACC-02535,9642.77,2026-09-01 04:00:00,True
C10682,ACC-07507,13741.4,2026-09-07 07:00:00,True
C10683,ACC-02829,56523.09,2026-08-14 03:00:00,True
C10684,ACC-05574,11899.02,2026-08-15 00:00:00,True
C10685,ACC-00435,73587.55,2026-08-25 23:00:00,True
C10686,ACC-05109,10231.03,2026-08-30 20:00:00,True
C10687,ACC-00403,5952.42,2026-08-18 17:00:00,True
C10688,ACC-04326,24028.06,2026-08-19 13:00:00,True
C10689,ACC-02959,11433.17,2026-09-02 19:00:00,True
C10690,ACC-03130,5788.31,2026-08-29 05:00:00,True
C10691,ACC-03588,9480.99,2026-08-26 18:00:00,True
C10692,ACC-06429,9470.68,2026-08-13 21:00:00,True
C10693,ACC-07649,12452.39,2026-09-06 21:00:00,True
C10694,ACC-07502,9034.4,2026-09-10 09:00:00,True
C10695,ACC-05753,10490.99,2026-09-08 19:00:00,True
C10696,ACC-05663,12917.83,2026-08-15 10:00:00,True
C10697,ACC-07633,8045.98,2026-08-21 16:00:00,True
C10698,ACC-04448,7068.51,2026-08-24 19:00:00,True
C10699,ACC-06988,59393.77,2026-08-19 22:00:00,True
C10700,ACC-04164,12425.11,2026-08-14 14:00:00,True
C10701,ACC-01695,20347.01,2026-08-28 09:00:00,True
C10702,ACC-07527,76949.95,2026-08-18 11:00:00,True
C10703,ACC-00785,7173.43,2026-08-23 16:00:00,True
C10704,ACC-04794,12143.85,2026-09-03 17:00:00,True
C10705,ACC-00178,14211.92,2026-08-20 01:00:00,True
C10706,ACC-03735,11500.86,2026-09-05 14:00:00,True
C10707,ACC-02600,10424.91,2026-09-04 20:00:00,True
C10708,ACC-06011,12103.53,2026-08-21 02:00:00,True
C10709,ACC-04719,10622.8,2026-08-17 01:00:00,True
C10710,ACC-01981,14426.74,2026-08-22 18:00:00,True
C10711,ACC-01796,23758.39,2026-08-18 23:00:00,True
C10712,ACC-00493,9165.66,2026-08-29 00:00:00,True
C10713,ACC-01229,8126.54,2026-08-15 15:00:00,True
C10714,ACC-04834,5129.65,2026-08-24 11:00:00,True
C10715,ACC-03742,11205.62,2026-09-02 06:00:00,True
C10716,ACC-07982,13299.83,2026-08-16 22:00:00,True
C10717,ACC-01279,25830.46,2026-08-20 14:00:00,True
C10718,ACC-01318,10253.95,2026-08-19 02:00:00,True
C10719,ACC-04877,5681.76,2026-09-04 20:00:00,True
C10720,ACC-02498,9159.31,2026-08-25 07:00:00,True
C10721,ACC-03536,5919.46,2026-08-24 00:00:00,True
C10722,ACC-00356,33391.58,2026-09-03 06:00:00,True
C10723,ACC-05019,10332.06,2026-08-16 19:00:00,True
C10724,ACC-02200,7107.81,2026-08-21 10:00:00,True
C10725,ACC-07251,13649.51,2026-08-21 06:00:00,True
C10726,ACC-05353,7055.8,2026-08-28 09:00:00,True
C10727,ACC-02537,13786.37,2026-08-14 14:00:00,True
C10728,ACC-03889,11465.61,2026-08-17 23:00:00,True
C10729,ACC-02268,11860.44,2026-09-07 13:00:00,True
C10730,ACC-07927,12168.68,2026-09-09 22:00:00,True
C10731,ACC-06351,5732.48,2026-09-09 10:00:00,True
C10732,ACC-00336,10580.84,2026-09-05 04:00:00,True
C10733,ACC-00117,14109.87,2026-08-23 05:00:00,True
C10734,ACC-02538,9511.26,2026-08-28 00:00:00,True
C10735,ACC-02988,8164.04,2026-08-28 23:00:00,True
C10736,ACC-00883,6183.06,2026-08-28 15:00:00,True
C10737,ACC-00053,12202.86,2026-09-09 16:00:00,True
C10738,ACC-02259,10856.08,2026-09-07 13:00:00,True
C10739,ACC-05802,8577.0,2026-08-19 10:00:00,True
C10740,ACC-03493,20892.02,2026-08-25 09:00:00,True
C10741,ACC-05704,34508.64,2026-08-13 19:00:00,True
C10742,ACC-04822,13522.51,2026-08-15 18:00:00,True
C10743,ACC-05807,9612.65,2026-08-13 19:00:00,True
C10744,ACC-02593,7906.53,2026-08-24 10:00:00,True
C10745,ACC-06257,5982.02,2026-09-08 04:00:00,True
C10746,ACC-06797,9871.9,2026-08-17 18:00:00,True
C10747,ACC-05929,6282.15,2026-08-31 01:00:00,True
C10748,ACC-00263,6000.45,2026-08-21 05:00:00,True
C10749,ACC-03922,14001.19,2026-08-22 10:00:00,True
C10750,ACC-00105,9506.46,2026-08-30 21:00:00,True
C10751,ACC-01616,8056.75,2026-08-21 15:00:00,True
C10752,ACC-02204,10655.52,2026-08-23 08:00:00,True
C10753,ACC-07354,14586.59,2026-08-30 02:00:00,True
C10754,ACC-01812,8132.15,2026-09-05 12:00:00,True
C10755,ACC-07766,12121.99,2026-08-16 05:00:00,True
C10756,ACC-03365,7766.8,2026-08-20 23:00:00,True
C10757,ACC-03638,11795.8,2026-08-30 08:00:00,True
C10758,ACC-06801,9628.48,2026-08-30 21:00:00,True
C10759,ACC-04773,37864.53,2026-08-30 03:00:00,True
C10760,ACC-04172,12332.27,2026-08-16 18:00:00,True
C10761,ACC-05193,9647.01,2026-09-01 08:00:00,True
C10762,ACC-07179,8967.85,2026-08-25 10:00:00,True
C10763,ACC-04358,97475.31,2026-08-25 12:00:00,True
C10764,ACC-07412,13348.72,2026-08-21 04:00:00,True
C10765,ACC-07122,68161.62,2026-09-01 18:00:00,True
C10766,ACC-05509,11611.1,2026-08-15 09:00:00,True
C10767,ACC-07825,12202.56,2026-08-28 02:00:00,True
C10768,ACC-02735,9788.15,2026-08-25 15:00:00,True
C10769,ACC-04713,6612.46,2026-09-03 18:00:00,True
C10770,ACC-01029,5224.46,2026-08-14 23:00:00,True
C10771,ACC-06083,10734.87,2026-09-09 08:00:00,True
C10772,ACC-00566,11295.4,2026-09-05 08:00:00,True
C10773,ACC-04388,6468.65,2026-09-08 18:00:00,True
C10774,ACC-00341,14224.47,2026-09-05 04:00:00,True
C10775,ACC-05506,10993.58,2026-08-25 00:00:00,True
C10776,ACC-00298,5186.2,2026-08-22 16:00:00,True
C10777,ACC-01095,11617.45,2026-08-17 13:00:00,True
C10778,ACC-04683,7165.93,2026-09-01 10:00:00,True
C10779,ACC-07339,13673.02,2026-08-21 21:00:00,True
C10780,ACC-02851,13303.64,2026-09-05 05:00:00,True
C10781,ACC-05185,91757.52,2026-08-22 08:00:00,True
C10782,ACC-03760,11492.32,2026-08-16 15:00:00,True
C10783,ACC-07920,29426.29,2026-08-24 23:00:00,True
C10784,ACC-07218,11545.46,2026-09-10 00:00:00,True
C10785,ACC-01243,9088.45,2026-08-19 02:00:00,True
C10786,ACC-02717,9260.72,2026-09-07 08:00:00,True
C10787,ACC-01583,7613.03,2026-08-23 04:00:00,True
C10788,ACC-05094,10646.7,2026-08-23 23:00:00,True
C10789,ACC-04142,14917.99,2026-08-22 04:00:00,True
C10790,ACC-04751,9132.28,2026-08-29 06:00:00,True
C10791,ACC-04005,9824.68,2026-08-15 19:00:00,True
C10792,ACC-00241,10549.11,2026-08-29 19:00:00,True
C10793,ACC-01423,10776.51,2026-09-02 03:00:00,True
C10794,ACC-07727,8981.3,2026-08-16 14:00:00,True
C10795,ACC-05267,6190.86,2026-09-05 15:00:00,True
C10796,ACC-04495,12831.09,2026-09-02 22:00:00,True
C10797,ACC-07313,7144.58,2026-09-05 09:00:00,True
C10798,ACC-02024,13008.54,2026-08-29 02:00:00,True
C10799,ACC-05254,11845.64,2026-08-21 14:00:00,True
C10800,ACC-03901,8891.04,2026-09-09 07:00:00,True
C10801,ACC-00830,13043.69,2026-08-21 12:00:00,True
C10802,ACC-05437,9716.69,2026-08-15 08:00:00,True
C10803,ACC-07575,5881.41,2026-08-21 23:00:00,True
C10804,ACC-05289,8708.35,2026-09-02 05:00:00,True
C10805,ACC-04992,12244.95,2026-08-22 11:00:00,True
C10806,ACC-05285,11561.75,2026-08-28 17:00:00,True
C10807,ACC-04184,14635.3,2026-08-31 14:00:00,True
C10808,ACC-06987,85241.19,2026-09-09 07:00:00,True
C10809,ACC-05081,14630.57,2026-09-02 17:00:00,True
C10810,ACC-05758,10749.07,2026-08-27 00:00:00,True
C10811,ACC-00646,9071.35,2026-09-02 07:00:00,True
C10812,ACC-01292,5723.86,2026-09-06 19:00:00,True
C10813,ACC-06681,14470.15,2026-09-01 02:00:00,True
C10814,ACC-00380,14567.09,2026-08-15 20:00:00,True
C10815,ACC-05668,7501.41,2026-08-23 18:00:00,True
C10816,ACC-07667,10631.69,2026-08-27 00:00:00,True
C10817,ACC-01529,12574.73,2026-08-17 05:00:00,True
C10818,ACC-06164,11815.95,2026-08-16 22:00:00,True
C10819,ACC-02188,9819.7,2026-08-23 12:00:00,True
C10820,ACC-04408,8826.73,2026-09-02 10:00:00,True
C10821,ACC-07923,11769.13,2026-08-16 05:00:00,True
C10822,ACC-07299,9124.26,2026-09-03 02:00:00,True
C10823,ACC-03176,10356.52,2026-08-29 20:00:00,True
C10824,ACC-06061,7482.58,2026-08-19 04:00:00,True
C10825,ACC-01071,11736.98,2026-09-08 00:00:00,True
C10826,ACC-02264,5760.29,2026-08-15 02:00:00,True
C10827,ACC-06874,8138.73,2026-09-04 21:00:00,True
C10828,ACC-01597,7690.76,2026-09-03 18:00:00,True
C10829,ACC-01124,14302.55,2026-08-17 15:00:00,True
C10830,ACC-00625,12371.12,2026-09-03 21:00:00,True
C10831,ACC-06843,45233.35,2026-09-02 13:00:00,True
C10832,ACC-03250,9908.05,2026-08-23 04:00:00,True
C10833,ACC-02368,7802.67,2026-08-16 20:00:00,True
C10834,ACC-03349,6282.46,2026-09-02 18:00:00,True
C10835,ACC-06143,9783.2,2026-08-24 23:00:00,True
C10836,ACC-03364,10024.75,2026-08-24 11:00:00,True
C10837,ACC-07043,57707.63,2026-08-28 15:00:00,True
C10838,ACC-01186,8659.24,2026-08-22 02:00:00,True
C10839,ACC-06424,7105.32,2026-08-25 23:00:00,True
C10840,ACC-07597,8650.78,2026-08-19 01:00:00,True
C10841,ACC-07265,9507.29,2026-08-29 04:00:00,True
C10842,ACC-02136,46772.52,2026-08-23 08:00:00,True
C10843,ACC-00661,10603.5,2026-08-30 01:00:00,True
C10844,ACC-05014,8441.4,2026-08-16 04:00:00,True
C10845,ACC-06342,8510.9,2026-08-28 09:00:00,True
C10846,ACC-04258,6989.58,2026-08-19 17:00:00,True
C10847,ACC-03908,11491.31,2026-08-22 16:00:00,True
C10848,ACC-01440,8551.09,2026-09-05 03:00:00,True
C10849,ACC-05892,9874.94,2026-08-19 20:00:00,True
C10850,ACC-03541,13896.32,2026-08-17 22:00:00,True
C10851,ACC-05544,7865.24,2026-08-28 17:00:00,True
C10852,ACC-07834,13682.58,2026-08-21 08:00:00,True
C10853,ACC-04552,9218.16,2026-08-21 02:00:00,True
C10854,ACC-04810,9047.73,2026-08-21 18:00:00,True
C10855,ACC-02505,88336.95,2026-09-08 10:00:00,True
C10856,ACC-01450,94527.17,2026-09-05 13:00:00,True
C10857,ACC-07776,7293.56,2026-08-29 03:00:00,True
C10858,ACC-06862,9431.6,2026-08-18 03:00:00,True
C10859,ACC-04427,10267.42,2026-09-06 08:00:00,True
C10860,ACC-02918,5351.55,2026-09-05 12:00:00,True
C10861,ACC-05058,13642.41,2026-08-30 02:00:00,True
C10862,ACC-03234,14348.58,2026-08-26 19:00:00,True
C10863,ACC-06283,6351.15,2026-08-23 22:00:00,True
C10864,ACC-05387,6770.37,2026-08-18 19:00:00,True
C10865,ACC-02172,11310.48,2026-08-21 22:00:00,True
C10866,ACC-02715,81269.54,2026-08-20 18:00:00,True
C10867,ACC-01714,41770.73,2026-08-16 03:00:00,True
C10868,ACC-04236,6877.89,2026-08-21 21:00:00,True
C10869,ACC-06338,37375.05,2026-09-10 08:00:00,True
C10870,ACC-06552,12857.25,2026-08-28 03:00:00,True
C10871,ACC-05826,9636.84,2026-08-26 01:00:00,True
C10872,ACC-07102,8302.49,2026-08-16 11:00:00,True
C10873,ACC-02653,97997.78,2026-08-15 08:00:00,True
C10874,ACC-00983,14945.35,2026-09-02 13:00:00,True
C10875,ACC-01513,12353.23,2026-09-03 22:00:00,True
C10876,ACC-03420,11660.08,2026-09-06 20:00:00,True
C10877,ACC-05308,8891.23,2026-09-03 21:00:00,True
C10878,ACC-04181,6586.11,2026-09-01 02:00:00,True
C10879,ACC-06442,12447.25,2026-08-18 11:00:00,True
C10880,ACC-07282,6221.42,2026-08-23 20:00:00,True
C10881,ACC-05317,7988.13,2026-08-25 16:00:00,True
C10882,ACC-02280,13636.58,2026-08-30 11:00:00,True
C10883,ACC-02376,7359.66,2026-09-04 09:00:00,True
C10884,ACC-01436,5150.68,2026-08-28 02:00:00,True
C10885,ACC-05866,10846.97,2026-08-16 04:00:00,True
C10886,ACC-04056,69491.59,2026-08-29 05:00:00,True
C10887,ACC-04323,5600.52,2026-08-16 16:00:00,True
C10888,ACC-05212,6539.18,2026-08-29 16:00:00,True
C10889,ACC-05815,6258.27,2026-08-24 09:00:00,True
C10890,ACC-04534,14816.76,2026-09-03 02:00:00,True
C10891,ACC-07188,12566.98,2026-08-15 16:00:00,True
C10892,ACC-07211,12331.89,2026-08-15 22:00:00,True
C10893,ACC-01987,8777.69,2026-09-09 14:00:00,True
C10894,ACC-07801,7506.96,2026-08-18 08:00:00,True
C10895,ACC-07933,12066.26,2026-09-08 21:00:00,True
C10896,ACC-00168,10427.34,2026-08-24 03:00:00,True
C10897,ACC-07484,10667.02,2026-08-26 06:00:00,True
C10898,ACC-05693,8236.81,2026-08-24 01:00:00,True
C10899,ACC-03972,13676.62,2026-08-27 04:00:00,True
C10900,ACC-01914,6603.43,2026-08-21 19:00:00,True
C10901,ACC-07416,9493.84,2026-08-25 08:00:00,True
C10902,ACC-02411,23502.18,2026-08-15 04:00:00,True
C10903,ACC-04106,13734.93,2026-09-06 07:00:00,True
C10904,ACC-06859,9853.7,2026-09-04 09:00:00,True
C10905,ACC-01558,10710.12,2026-09-07 11:00:00,True
C10906,ACC-01608,11579.21,2026-08-15 00:00:00,True
C10907,ACC-05476,12013.14,2026-08-24 17:00:00,True
C10908,ACC-07531,8663.54,2026-09-02 11:00:00,True
C10909,ACC-00086,5708.74,2026-08-21 14:00:00,True
C10910,ACC-00293,9914.06,2026-09-03 16:00:00,True
C10911,ACC-01624,9680.59,2026-08-15 10:00:00,True
C10912,ACC-00818,8609.26,2026-08-21 11:00:00,True
C10913,ACC-05349,13220.27,2026-08-17 23:00:00,True
C10914,ACC-01322,5583.0,2026-08-15 14:00:00,True
C10915,ACC-00028,10290.21,2026-08-22 04:00:00,True
C10916,ACC-04668,13344.56,2026-08-18 10:00:00,True
C10917,ACC-06800,55440.97,2026-09-08 06:00:00,True
C10918,ACC-01343,10500.81,2026-08-30 02:00:00,True
C10919,ACC-05203,9123.43,2026-08-31 01:00:00,True
C10920,ACC-03602,13261.55,2026-08-20 23:00:00,True
C10921,ACC-01828,7407.23,2026-08-30 17:00:00,True
C10922,ACC-01620,23018.9,2026-08-24 06:00:00,True
C10923,ACC-00311,6384.08,2026-08-30 08:00:00,True
C10924,ACC-03539,7498.57,2026-08-29 18:00:00,True
C10925,ACC-05051,5919.05,2026-09-02 03:00:00,True
C10926,ACC-06995,14178.82,2026-08-28 18:00:00,True
C10927,ACC-05955,87958.25,2026-08-18 10:00:00,True
C10928,ACC-02251,12774.19,2026-09-09 16:00:00,True
C10929,ACC-06954,8047.83,2026-08-29 11:00:00,True
C10930,ACC-07457,10399.3,2026-09-09 02:00:00,True
C10931,ACC-06625,10024.02,2026-09-06 02:00:00,True
C10932,ACC-06866,5505.2,2026-09-03 08:00:00,True
C10933,ACC-02132,69279.75,2026-08-18 00:00:00,True
C10934,ACC-04714,7462.46,2026-08-17 20:00:00,True
C10935,ACC-00795,12767.72,2026-09-08 04:00:00,True
C10936,ACC-02996,14241.38,2026-08-30 15:00:00,True
C10937,ACC-05035,11717.48,2026-09-08 09:00:00,True
C10938,ACC-03156,8483.08,2026-08-28 01:00:00,True
C10939,ACC-05330,10938.77,2026-08-31 01:00:00,True
C10940,ACC-07405,6692.55,2026-09-10 03:00:00,True
C10941,ACC-05927,13215.84,2026-08-29 17:00:00,True
C10942,ACC-04901,11231.82,2026-08-15 22:00:00,True
C10943,ACC-00015,14242.13,2026-08-27 11:00:00,True
C10944,ACC-05423,11853.59,2026-09-03 06:00:00,True
C10945,ACC-07821,13527.64,2026-09-05 13:00:00,True
C10946,ACC-01314,5545.38,2026-09-06 13:00:00,True
C10947,ACC-01142,13687.52,2026-08-22 08:00:00,True
C10948,ACC-07578,5137.33,2026-08-15 03:00:00,True
C10949,ACC-01023,8051.18,2026-08-19 09:00:00,True
C10950,ACC-04379,8318.77,2026-08-26 12:00:00,True
C10951,ACC-07101,7118.75,2026-08-17 19:00:00,True
C10952,ACC-02895,12503.55,2026-08-23 20:00:00,True
C10953,ACC-03341,62524.85,2026-08-23 21:00:00,True
C10954,ACC-04723,10006.51,2026-09-05 06:00:00,True
C10955,ACC-05209,98259.54,2026-08-26 19:00:00,True
C10956,ACC-04212,13118.93,2026-08-25 04:00:00,True
C10957,ACC-03504,13786.77,2026-08-21 04:00:00,True
C10958,ACC-00531,54405.14,2026-08-15 12:00:00,True
C10959,ACC-01487,11562.32,2026-08-17 08:00:00,True
C10960,ACC-05750,68988.96,2026-08-23 07:00:00,True
C10961,ACC-05273,7309.12,2026-08-22 05:00:00,True
C10962,ACC-04068,5794.75,2026-09-10 01:00:00,True
C10963,ACC-01908,6340.87,2026-08-16 21:00:00,True
C10964,ACC-04635,9687.63,2026-08-13 17:00:00,True
C10965,ACC-02192,6839.76,2026-08-21 01:00:00,True
C10966,ACC-06622,9738.47,2026-08-28 21:00:00,True
C10967,ACC-05918,7262.73,2026-09-05 06:00:00,True
C10968,ACC-01228,14254.35,2026-08-28 12:00:00,True
C10969,ACC-03860,12423.67,2026-08-28 05:00:00,True
C10970,ACC-02139,5661.36,2026-09-04 06:00:00,True
C10971,ACC-07810,9899.43,2026-08-26 17:00:00,True
C10972,ACC-00104,13875.87,2026-08-30 22:00:00,True
C10973,ACC-02804,12762.15,2026-08-28 00:00:00,True
C10974,ACC-07557,13243.29,2026-08-21 13:00:00,True
C10975,ACC-03803,8941.51,2026-08-18 02:00:00,True
C10976,ACC-00888,10938.06,2026-08-17 18:00:00,True
C10977,ACC-00067,13757.83,2026-08-24 16:00:00,True
C10978,ACC-07900,10206.49,2026-08-16 11:00:00,True
C10979,ACC-02924,13270.1,2026-08-26 22:00:00,True
C10980,ACC-01849,10187.03,2026-09-09 05:00:00,True
C10981,ACC-01409,5392.52,2026-08-28 13:00:00,True
C10982,ACC-05996,12651.6,2026-08-28 20:00:00,True
C10983,ACC-03741,7911.79,2026-09-09 06:00:00,True
C10984,ACC-04146,12736.77,2026-08-29 03:00:00,True
C10985,ACC-06209,21992.97,2026-08-31 22:00:00,True
C10986,ACC-00154,13966.18,2026-08-26 18:00:00,True
C10987,ACC-03038,5901.8,2026-09-03 22:00:00,True
C10988,ACC-03000,34455.68,2026-08-30 14:00:00,True
C10989,ACC-06207,56299.08,2026-09-06 06:00:00,True
C10990,ACC-02070,11012.17,2026-08-27 10:00:00,True
C10991,ACC-02062,13821.68,2026-09-10 05:00:00,True
C10992,ACC-04247,11286.35,2026-09-01 17:00:00,True
C10993,ACC-04215,5489.19,2026-08-15 06:00:00,True
C10994,ACC-01664,11532.77,2026-09-06 11:00:00,True
C10995,ACC-05133,13538.29,2026-09-09 08:00:00,True
C10996,ACC-00942,13380.14,2026-08-19 18:00:00,True
C10997,ACC-06656,14203.85,2026-09-01 02:00:00,True
C10998,ACC-02002,53100.63,2026-09-09 09:00:00,True
C10999,ACC-06564,7090.51,2026-09-03 14:00:00,True
C11000,ACC-06230,99918.96,2026-09-09 09:00:00,True
C11001,ACC-00937,8337.92,2026-08-28 11:00:00,True
C11002,ACC-03911,7123.38,2026-08-23 16:00:00,True
C11003,ACC-06940,83780.35,2026-08-21 06:00:00,True
C11004,ACC-02057,9814.96,2026-08-21 08:00:00,True
C11005,ACC-04710,13920.58,2026-08-20 22:00:00,True
C11006,ACC-01909,29347.57,2026-08-24 02:00:00,True
C11007,ACC-00604,93890.94,2026-08-16 03:00:00,True
C11008,ACC-05312,81294.41,2026-08-17 20:00:00,True
C11009,ACC-05379,5224.8,2026-08-18 03:00:00,True
C11010,ACC-06882,11388.51,2026-08-17 03:00:00,True
C11011,ACC-02232,7005.56,2026-09-04 02:00:00,True
C11012,ACC-04706,10322.76,2026-09-01 04:00:00,True
C11013,ACC-02178,11711.24,2026-08-16 22:00:00,True
C11014,ACC-03444,6574.96,2026-09-02 08:00:00,True
C11015,ACC-01262,14582.98,2026-09-07 12:00:00,True
C11016,ACC-00632,6023.75,2026-08-23 20:00:00,True
C11017,ACC-04887,93822.72,2026-08-24 01:00:00,True
C11018,ACC-03671,10677.89,2026-08-16 22:00:00,True
C11019,ACC-00891,9682.76,2026-09-07 14:00:00,True
C11020,ACC-01683,11844.78,2026-08-27 03:00:00,True
C11021,ACC-00587,9705.46,2026-08-18 22:00:00,True
C11022,ACC-00923,13610.96,2026-09-03 08:00:00,True
C11023,ACC-01055,14128.62,2026-08-22 04:00:00,True
C11024,ACC-05393,54828.3,2026-08-29 07:00:00,True
C11025,ACC-01612,10445.27,2026-08-16 02:00:00,True
C11026,ACC-06110,45327.82,2026-09-03 07:00:00,True
C11027,ACC-02053,8045.5,2026-08-22 15:00:00,True
C11028,ACC-06366,76941.89,2026-08-27 14:00:00,True
C11029,ACC-06548,9351.9,2026-08-29 00:00:00,True
C11030,ACC-06516,6734.1,2026-09-03 15:00:00,True
C11031,ACC-01090,10554.22,2026-09-06 06:00:00,True
C11032,ACC-02679,13399.63,2026-08-15 01:00:00,True
C11033,ACC-01395,14974.56,2026-09-06 03:00:00,True
C11034,ACC-05491,6342.77,2026-08-20 08:00:00,True
C11035,ACC-00186,5157.08,2026-09-07 16:00:00,True
C11036,ACC-03994,11579.27,2026-08-17 21:00:00,True
C11037,ACC-03960,87744.31,2026-09-06 10:00:00,True
C11038,ACC-07718,92286.82,2026-09-02 14:00:00,True
C11039,ACC-04610,9688.69,2026-08-24 12:00:00,True
C11040,ACC-03871,10739.65,2026-08-24 21:00:00,True
C11041,ACC-02219,8529.15,2026-08-30 23:00:00,True
C11042,ACC-06502,7892.08,2026-08-16 03:00:00,True
C11043,ACC-03978,14228.65,2026-09-08 14:00:00,True
C11044,ACC-07109,12269.72,2026-08-18 03:00:00,True
C11045,ACC-03887,26148.98,2026-08-23 04:00:00,True
C11046,ACC-00291,7520.51,2026-08-16 04:00:00,True
C11047,ACC-01621,7752.17,2026-08-22 04:00:00,True
C11048,ACC-03819,12414.29,2026-09-02 12:00:00,True
C11049,ACC-06533,14101.31,2026-08-22 07:00:00,True
C11050,ACC-03669,11591.56,2026-08-18 08:00:00,True
C11051,ACC-03081,7612.53,2026-08-30 07:00:00,True
C11052,ACC-05550,9849.19,2026-08-19 05:00:00,True
C11053,ACC-00409,13620.14,2026-08-15 20:00:00,True
C11054,ACC-01889,57121.19,2026-08-31 10:00:00,True
C11055,ACC-04642,9762.66,2026-08-26 03:00:00,True
C11056,ACC-07159,7336.61,2026-08-16 19:00:00,True
C11057,ACC-00950,8900.7,2026-08-19 14:00:00,True
C11058,ACC-01350,10304.42,2026-09-02 08:00:00,True
C11059,ACC-06630,7887.92,2026-08-28 12:00:00,True
C11060,ACC-02737,8820.04,2026-08-15 22:00:00,True
C11061,ACC-04880,11828.76,2026-08-30 20:00:00,True
C11062,ACC-04391,78020.05,2026-09-09 09:00:00,True
C11063,ACC-01070,5340.42,2026-09-02 06:00:00,True
C11064,ACC-00553,5568.82,2026-08-22 10:00:00,True
C11065,ACC-03566,13939.67,2026-08-21 15:00:00,True
C11066,ACC-06115,11380.83,2026-09-03 17:00:00,True
C11067,ACC-06499,93815.63,2026-08-19 09:00:00,True
C11068,ACC-02618,11922.21,2026-09-01 23:00:00,True
C11069,ACC-00871,7573.37,2026-08-20 02:00:00,True
C11070,ACC-00896,7772.87,2026-08-17 10:00:00,True
C11071,ACC-00910,8885.9,2026-09-09 00:00:00,True
C11072,ACC-04016,14556.06,2026-09-09 04:00:00,True
C11073,ACC-04506,9405.75,2026-09-02 07:00:00,True
C11074,ACC-07316,11103.02,2026-08-26 06:00:00,True
C11075,ACC-07640,9920.57,2026-09-04 16:00:00,True
C11076,ACC-05335,12687.07,2026-09-05 19:00:00,True
C11077,ACC-03171,11433.38,2026-09-03 17:00:00,True
C11078,ACC-06598,7589.96,2026-08-26 14:00:00,True
C11079,ACC-01779,5704.12,2026-09-09 10:00:00,True
C11080,ACC-04864,12772.37,2026-08-18 04:00:00,True
C11081,ACC-04591,6488.54,2026-09-09 21:00:00,True
C11082,ACC-06269,82474.96,2026-08-21 12:00:00,True
C11083,ACC-00244,10401.29,2026-08-16 10:00:00,True
C11084,ACC-01359,14541.55,2026-09-10 00:00:00,True
C11085,ACC-03553,6212.04,2026-08-14 21:00:00,True
C11086,ACC-01357,8334.4,2026-08-24 01:00:00,True
C11087,ACC-03641,5551.95,2026-09-01 00:00:00,True
C11088,ACC-01607,22029.17,2026-08-21 10:00:00,True
C11089,ACC-01037,9892.33,2026-08-23 05:00:00,True
C11090,ACC-07564,11434.08,2026-09-07 19:00:00,True
C11091,ACC-05164,14649.54,2026-08-25 19:00:00,True
C11092,ACC-06309,14665.74,2026-08-15 22:00:00,True
C11093,ACC-06106,8392.85,2026-09-10 11:00:00,True
C11094,ACC-06377,5428.15,2026-08-30 13:00:00,True
C11095,ACC-05240,13071.04,2026-09-07 06:00:00,True
C11096,ACC-04865,9583.7,2026-08-19 20:00:00,True
C11097,ACC-01040,85659.14,2026-08-19 19:00:00,True
C11098,ACC-01580,11112.26,2026-09-06 22:00:00,True
C11099,ACC-04763,5639.58,2026-08-14 18:00:00,True
C11100,ACC-00309,6141.8,2026-08-15 09:00:00,True
C11101,ACC-06151,49594.19,2026-08-21 17:00:00,True
C11102,ACC-05294,7436.45,2026-09-04 22:00:00,True
C11103,ACC-05970,41675.98,2026-08-23 11:00:00,True
C11104,ACC-03835,7392.54,2026-08-26 23:00:00,True
C11105,ACC-04283,11916.74,2026-09-04 17:00:00,True
C11106,ACC-00893,12171.99,2026-08-22 07:00:00,True
C11107,ACC-03124,69345.55,2026-08-22 10:00:00,True
C11108,ACC-04451,5433.17,2026-08-16 22:00:00,True
C11109,ACC-06281,14248.61,2026-08-18 11:00:00,True
C11110,ACC-05696,12854.92,2026-09-05 07:00:00,True
C11111,ACC-03802,6160.65,2026-08-25 20:00:00,True
C11112,ACC-03198,98044.47,2026-09-02 13:00:00,True
C11113,ACC-04517,6272.12,2026-09-04 02:00:00,True
C11114,ACC-02821,5596.52,2026-08-18 18:00:00,True
C11115,ACC-02389,91345.81,2026-09-06 09:00:00,True
C11116,ACC-07274,14137.55,2026-08-23 08:00:00,True
C11117,ACC-05298,14801.84,2026-09-09 23:00:00,True
C11118,ACC-00103,12334.76,2026-09-08 21:00:00,True
C11119,ACC-02029,9256.98,2026-08-25 11:00:00,True
C11120,ACC-02492,13097.17,2026-08-28 21:00:00,True
C11121,ACC-05958,9524.41,2026-08-19 09:00:00,True
C11122,ACC-00141,10584.87,2026-09-03 10:00:00,True
C11123,ACC-04084,12317.86,2026-09-09 14:00:00,True
C11124,ACC-05673,8584.06,2026-09-04 08:00:00,True
C11125,ACC-01207,89724.14,2026-09-02 16:00:00,True
C11126,ACC-02071,12039.02,2026-08-20 22:00:00,True
C11127,ACC-03881,46855.57,2026-09-09 16:00:00,True
C11128,ACC-07671,14453.22,2026-09-08 20:00:00,True
C11129,ACC-03728,13879.78,2026-08-20 01:00:00,True
C11130,ACC-04921,8655.91,2026-09-07 00:00:00,True
C11131,ACC-04879,8655.71,2026-08-22 11:00:00,True
C11132,ACC-00635,10587.9,2026-09-04 16:00:00,True
C11133,ACC-00677,12093.37,2026-09-07 19:00:00,True
C11134,ACC-00717,14812.52,2026-09-04 08:00:00,True
C11135,ACC-02014,56192.85,2026-09-02 19:00:00,True
C11136,ACC-02118,13295.6,2026-08-24 20:00:00,True
C11137,ACC-03331,10319.04,2026-08-25 14:00:00,True
C11138,ACC-02519,13994.51,2026-08-14 19:00:00,True
C11139,ACC-05818,8681.46,2026-08-26 17:00:00,True
C11140,ACC-06966,13087.96,2026-08-19 14:00:00,True
C11141,ACC-05213,13919.03,2026-09-08 06:00:00,True
C11142,ACC-04995,5801.7,2026-08-27 10:00:00,True
C11143,ACC-05252,14582.57,2026-09-05 03:00:00,True
C11144,ACC-05734,6647.66,2026-09-08 09:00:00,True
C11145,ACC-01578,6479.54,2026-09-06 14:00:00,True
C11146,ACC-02416,10206.88,2026-09-06 06:00:00,True
C11147,ACC-04434,7931.69,2026-08-21 12:00:00,True
C11148,ACC-00551,14317.21,2026-08-19 19:00:00,True
C11149,ACC-01054,9201.3,2026-08-26 01:00:00,True
C11150,ACC-01966,5214.82,2026-08-17 16:00:00,True
C11151,ACC-01967,5220.37,2026-09-04 10:00:00,True
C11152,ACC-02551,13349.48,2026-08-16 05:00:00,True
C11153,ACC-02743,33309.05,2026-08-24 16:00:00,True
C11154,ACC-03955,10353.17,2026-09-04 14:00:00,True
C11155,ACC-04090,43644.55,2026-09-05 07:00:00,True
C11156,ACC-05536,11668.88,2026-08-31 18:00:00,True
C11157,ACC-00609,12285.44,2026-08-15 18:00:00,True
C11158,ACC-00440,11891.47,2026-08-27 02:00:00,True
C11159,ACC-01130,14001.74,2026-08-17 21:00:00,True
C11160,ACC-05781,10509.6,2026-09-05 15:00:00,True
C11161,ACC-02671,92675.76,2026-09-01 12:00:00,True
C11162,ACC-00157,6479.46,2026-08-30 00:00:00,True
C11163,ACC-04160,8696.3,2026-08-13 23:00:00,True
C11164,ACC-03567,7846.5,2026-08-30 12:00:00,True
C11165,ACC-00382,14775.24,2026-08-30 03:00:00,True
C11166,ACC-05913,5875.99,2026-08-13 19:00:00,True
C11167,ACC-01007,64465.11,2026-08-17 22:00:00,True
C11168,ACC-04982,12552.44,2026-08-18 18:00:00,True
C11169,ACC-07506,6860.06,2026-09-06 06:00:00,True
C11170,ACC-03718,10538.67,2026-08-29 03:00:00,True
C11171,ACC-05245,13345.85,2026-09-09 03:00:00,True
C11172,ACC-03799,10592.81,2026-08-31 21:00:00,True
C11173,ACC-00177,5268.4,2026-08-27 05:00:00,True
C11174,ACC-02301,7626.77,2026-09-10 08:00:00,True
C11175,ACC-02760,24680.83,2026-08-20 16:00:00,True
C11176,ACC-00455,13783.17,2026-08-30 22:00:00,True
C11177,ACC-05894,6633.09,2026-09-06 01:00:00,True
C11178,ACC-06032,9195.14,2026-09-02 01:00:00,True
C11179,ACC-06958,82304.63,2026-08-30 11:00:00,True
C11180,ACC-06711,14209.07,2026-08-28 02:00:00,True
C11181,ACC-00425,7178.76,2026-09-05 09:00:00,True
C11182,ACC-05151,13315.74,2026-08-25 05:00:00,True
C11183,ACC-00723,11134.28,2026-08-15 19:00:00,True
C11184,ACC-01042,13460.7,2026-08-14 20:00:00,True
C11185,ACC-06300,12022.65,2026-08-18 19:00:00,True
C11186,ACC-07292,9173.46,2026-08-16 09:00:00,True
C11187,ACC-01012,13188.45,2026-09-08 09:00:00,True
C11188,ACC-06466,8482.1,2026-09-09 21:00:00,True
C11189,ACC-01840,6390.14,2026-08-19 01:00:00,True
C11190,ACC-04969,10231.21,2026-08-26 17:00:00,True
C11191,ACC-05547,12098.95,2026-08-31 07:00:00,True
C11192,ACC-01970,13145.74,2026-09-09 13:00:00,True
C11193,ACC-01856,13568.15,2026-09-03 08:00:00,True
C11194,ACC-02828,7265.74,2026-09-05 14:00:00,True
C11195,ACC-01063,6302.18,2026-09-06 06:00:00,True
C11196,ACC-05075,11908.18,2026-09-07 23:00:00,True
C11197,ACC-07922,5777.35,2026-08-16 09:00:00,True
C11198,ACC-01572,12573.34,2026-08-16 21:00:00,True
C11199,ACC-05513,6078.17,2026-09-09 06:00:00,True
C11200,ACC-05951,10134.79,2026-08-15 15:00:00,True
C11201,ACC-00379,6189.22,2026-09-08 21:00:00,True
C11202,ACC-06728,5662.47,2026-09-02 11:00:00,True
C11203,ACC-02591,12545.5,2026-08-20 12:00:00,True
C11204,ACC-03031,93638.17,2026-08-16 09:00:00,True
C11205,ACC-03618,9747.16,2026-08-13 14:00:00,True
C11206,ACC-02514,6851.26,2026-08-18 18:00:00,True
C11207,ACC-07645,6808.49,2026-08-20 09:00:00,True
C11208,ACC-00416,9240.92,2026-08-30 00:00:00,True
C11209,ACC-01890,9075.78,2026-08-25 05:00:00,True
C11210,ACC-04334,6236.15,2026-08-17 02:00:00,True
C11211,ACC-04753,6359.12,2026-09-06 20:00:00,True
C11212,ACC-04778,12047.31,2026-08-17 01:00:00,True
C11213,ACC-05776,5406.09,2026-08-23 13:00:00,True
C11214,ACC-07963,84194.91,2026-08-30 21:00:00,True
C11215,ACC-03623,6792.97,2026-08-20 01:00:00,True
C11216,ACC-01256,11720.95,2026-08-19 21:00:00,True
C11217,ACC-03314,10226.62,2026-08-28 22:00:00,True
C11218,ACC-00684,42281.47,2026-08-20 10:00:00,True
C11219,ACC-01941,10936.5,2026-08-18 18:00:00,True
C11220,ACC-06574,14432.25,2026-08-16 16:00:00,True
C11221,ACC-01045,11666.77,2026-08-29 21:00:00,True
C11222,ACC-03640,10114.15,2026-08-28 21:00:00,True
C11223,ACC-03408,6080.37,2026-09-05 22:00:00,True
C11224,ACC-07968,9972.74,2026-09-01 21:00:00,True
C11225,ACC-02871,5297.24,2026-08-21 08:00:00,True
C11226,ACC-02126,13303.12,2026-08-18 11:00:00,True
C11227,ACC-07617,5267.49,2026-08-25 15:00:00,True
C11228,ACC-06088,30759.06,2026-09-05 00:00:00,True
C11229,ACC-07783,9874.55,2026-08-19 00:00:00,True
C11230,ACC-03533,11750.25,2026-09-06 18:00:00,True
C11231,ACC-00421,11853.74,2026-08-19 19:00:00,True
C11232,ACC-06330,9759.11,2026-08-22 21:00:00,True
C11233,ACC-07626,10066.85,2026-08-14 07:00:00,True
C11234,ACC-06666,9946.91,2026-08-29 04:00:00,True
C11235,ACC-07951,11764.88,2026-08-28 17:00:00,True
C11236,ACC-03736,8204.83,2026-08-17 03:00:00,True
C11237,ACC-04764,24515.94,2026-09-09 18:00:00,True
C11238,ACC-02321,7346.22,2026-09-03 05:00:00,True
C11239,ACC-03984,5849.42,2026-08-31 18:00:00,True
C11240,ACC-05205,13689.4,2026-08-19 10:00:00,True
C11241,ACC-02266,6697.79,2026-09-07 02:00:00,True
C11242,ACC-04176,5373.78,2026-08-24 02:00:00,True
C11243,ACC-05505,10680.49,2026-08-19 23:00:00,True
C11244,ACC-07785,5204.02,2026-08-28 04:00:00,True
C11245,ACC-06390,5222.36,2026-08-25 18:00:00,True
C11246,ACC-06287,46947.04,2026-08-31 00:00:00,True
C11247,ACC-06645,88221.97,2026-09-07 18:00:00,True
C11248,ACC-00389,12266.15,2026-08-27 18:00:00,True
C11249,ACC-01855,7006.48,2026-09-08 20:00:00,True
C11250,ACC-02434,7403.74,2026-08-27 08:00:00,True
C11251,ACC-00580,12655.3,2026-08-17 15:00:00,True
C11252,ACC-02339,9102.6,2026-08-13 23:00:00,True
C11253,ACC-01190,11339.27,2026-08-14 10:00:00,True
C11254,ACC-07817,7669.35,2026-08-13 23:00:00,True
C11255,ACC-05573,6605.84,2026-08-31 16:00:00,True
C11256,ACC-04481,42221.76,2026-08-19 17:00:00,True
C11257,ACC-07373,11442.94,2026-08-24 07:00:00,True
C11258,ACC-07132,45072.83,2026-09-08 13:00:00,True
C11259,ACC-02790,77253.7,2026-08-14 18:00:00,True
C11260,ACC-00676,5210.74,2026-08-15 03:00:00,True
C11261,ACC-05302,13414.73,2026-08-22 11:00:00,True
C11262,ACC-06615,11906.82,2026-08-20 11:00:00,True
C11263,ACC-00145,7396.76,2026-08-15 15:00:00,True
C11264,ACC-01483,8092.69,2026-08-24 00:00:00,True
C11265,ACC-06710,14031.57,2026-08-19 01:00:00,True
C11266,ACC-01589,10349.11,2026-08-20 09:00:00,True
C11267,ACC-02197,8884.71,2026-09-02 22:00:00,True
C11268,ACC-04897,8008.88,2026-08-29 04:00:00,True
C11269,ACC-03750,7974.23,2026-08-15 05:00:00,True
C11270,ACC-07632,14158.91,2026-08-14 07:00:00,True
C11271,ACC-04262,13794.67,2026-08-21 02:00:00,True
C11272,ACC-07523,9062.89,2026-08-16 16:00:00,True
C11273,ACC-04096,13664.45,2026-09-09 04:00:00,True
C11274,ACC-06983,9710.91,2026-08-14 21:00:00,True
C11275,ACC-01698,12173.86,2026-08-28 02:00:00,True
C11276,ACC-07311,13244.01,2026-08-15 09:00:00,True
C11277,ACC-01527,10063.35,2026-08-19 04:00:00,True
C11278,ACC-00935,11021.16,2026-08-29 23:00:00,True
C11279,ACC-02839,12377.86,2026-08-14 19:00:00,True
C11280,ACC-07911,61309.27,2026-08-26 14:00:00,True
C11281,ACC-07225,12631.63,2026-08-16 16:00:00,True
C11282,ACC-07546,11857.53,2026-08-13 17:00:00,True
C11283,ACC-01128,9514.9,2026-08-16 02:00:00,True
C11284,ACC-02947,6335.1,2026-08-13 13:00:00,True
C11285,ACC-04471,10930.2,2026-09-04 15:00:00,True
C11286,ACC-05494,6986.64,2026-08-31 03:00:00,True
C11287,ACC-06393,6818.89,2026-08-28 01:00:00,True
C11288,ACC-02724,7244.87,2026-08-28 18:00:00,True
C11289,ACC-07536,42637.38,2026-09-09 19:00:00,True
C11290,ACC-00853,9183.31,2026-08-20 06:00:00,True
C11291,ACC-00489,5287.73,2026-08-28 08:00:00,True
C11292,ACC-02899,11176.8,2026-09-02 05:00:00,True
C11293,ACC-03874,10829.03,2026-09-03 01:00:00,True
C11294,ACC-01787,57674.59,2026-08-20 22:00:00,True
C11295,ACC-05869,90154.91,2026-08-29 17:00:00,True
C11296,ACC-06553,10169.73,2026-08-22 04:00:00,True
C11297,ACC-02665,8155.43,2026-08-28 07:00:00,True
C11298,ACC-05149,10556.75,2026-08-26 08:00:00,True
C11299,ACC-06836,12982.2,2026-08-19 16:00:00,True
C11300,ACC-04835,6486.21,2026-09-09 06:00:00,True
C11301,ACC-04206,59439.08,2026-09-03 07:00:00,True
C11302,ACC-05451,13668.79,2026-08-13 13:00:00,True
C11303,ACC-06631,5935.78,2026-09-07 01:00:00,True
C11304,ACC-03885,6806.55,2026-08-14 03:00:00,True
C11305,ACC-06936,10087.38,2026-09-04 13:00:00,True
C11306,ACC-05578,13908.95,2026-09-01 18:00:00,True
C11307,ACC-06876,10835.47,2026-08-23 06:00:00,True
C11308,ACC-04413,12668.48,2026-09-09 20:00:00,True
C11309,ACC-03594,14204.13,2026-09-04 23:00:00,True
C11310,ACC-07123,11769.09,2026-09-02 21:00:00,True
C11311,ACC-06248,7842.81,2026-08-31 12:00:00,True
C11312,ACC-06471,8941.7,2026-08-20 09:00:00,True
C11313,ACC-05596,13369.77,2026-08-23 09:00:00,True
C11314,ACC-03946,5810.63,2026-09-06 12:00:00,True
C11315,ACC-05994,11595.39,2026-08-14 14:00:00,True
C11316,ACC-04416,14552.02,2026-08-26 16:00:00,True
C11317,ACC-01833,24442.8,2026-08-21 15:00:00,True
C11318,ACC-02791,14519.0,2026-09-07 19:00:00,True
C11319,ACC-02780,8988.58,2026-08-29 10:00:00,True
C11320,ACC-05576,14650.49,2026-09-05 05:00:00,True
C11321,ACC-03319,5891.88,2026-08-14 00:00:00,True
C11322,ACC-01669,6629.41,2026-08-14 06:00:00,True
C11323,ACC-03385,7849.36,2026-08-17 00:00:00,True
C11324,ACC-06059,6541.35,2026-08-16 16:00:00,True
C11325,ACC-02159,13011.0,2026-08-31 21:00:00,True
C11326,ACC-03722,14037.34,2026-08-18 03:00:00,True
C11327,ACC-03530,77090.84,2026-08-22 08:00:00,True
C11328,ACC-03725,11295.6,2026-08-25 20:00:00,True
C11329,ACC-06817,57172.52,2026-08-25 10:00:00,True
C11330,ACC-05638,93448.95,2026-08-17 18:00:00,True
C11331,ACC-07569,7110.68,2026-08-16 07:00:00,True
C11332,ACC-00137,14821.86,2026-09-07 13:00:00,True
C11333,ACC-05854,6063.31,2026-09-01 15:00:00,True
C11334,ACC-07258,5058.47,2026-08-24 12:00:00,True
C11335,ACC-00364,6717.35,2026-09-07 12:00:00,True
C11336,ACC-06079,11918.06,2026-08-25 22:00:00,True
C11337,ACC-00482,92193.23,2026-08-13 15:00:00,True
C11338,ACC-00694,9452.66,2026-08-17 14:00:00,True
C11339,ACC-06886,5196.28,2026-08-25 21:00:00,True
C11340,ACC-00206,7426.3,2026-08-26 18:00:00,True
C11341,ACC-00406,13294.51,2026-08-31 18:00:00,True
C11342,ACC-01786,8338.5,2026-08-29 11:00:00,True
C11343,ACC-02119,13476.3,2026-09-06 16:00:00,True
C11344,ACC-03004,13486.16,2026-08-27 23:00:00,True
C11345,ACC-00726,10958.4,2026-08-17 18:00:00,True
C11346,ACC-04227,5370.17,2026-08-24 03:00:00,True
C11347,ACC-04475,10133.56,2026-08-28 21:00:00,True
C11348,ACC-06358,14352.81,2026-08-17 17:00:00,True
C11349,ACC-05655,7319.06,2026-08-14 21:00:00,True
C11350,ACC-05367,5190.2,2026-09-08 20:00:00,True
C11351,ACC-03079,10532.56,2026-08-23 02:00:00,True
C11352,ACC-03971,9171.37,2026-09-01 16:00:00,True
C11353,ACC-05569,42596.58,2026-08-26 09:00:00,True
C11354,ACC-00211,11670.56,2026-08-18 10:00:00,True
C11355,ACC-06753,25093.25,2026-09-06 07:00:00,True
C11356,ACC-02130,11175.63,2026-08-28 09:00:00,True
C11357,ACC-03113,7240.96,2026-09-06 19:00:00,True
C11358,ACC-01273,12848.86,2026-09-02 02:00:00,True
C11359,ACC-05606,49098.95,2026-08-17 11:00:00,True
C11360,ACC-01114,6229.83,2026-08-15 08:00:00,True
C11361,ACC-00110,48941.95,2026-09-03 22:00:00,True
C11362,ACC-02306,6455.84,2026-09-09 22:00:00,True
C11363,ACC-04594,13062.47,2026-09-09 14:00:00,True
C11364,ACC-01550,8383.04,2026-09-08 10:00:00,True
C11365,ACC-02298,9340.72,2026-08-29 07:00:00,True
C11366,ACC-00588,11601.76,2026-08-29 11:00:00,True
C11367,ACC-07444,63263.22,2026-08-21 08:00:00,True
C11368,ACC-00549,10116.72,2026-09-04 10:00:00,True
C11369,ACC-00448,8407.09,2026-08-31 20:00:00,True
C11370,ACC-04109,40780.52,2026-08-21 07:00:00,True
C11371,ACC-07194,6238.13,2026-08-25 01:00:00,True
C11372,ACC-06825,14413.43,2026-08-16 16:00:00,True
C11373,ACC-00806,10724.35,2026-08-27 03:00:00,True
C11374,ACC-01528,8389.8,2026-09-09 22:00:00,True
C11375,ACC-02082,14890.0,2026-09-02 13:00:00,True
C11376,ACC-01048,13943.39,2026-08-22 14:00:00,True
C11377,ACC-00679,10332.89,2026-08-20 15:00:00,True
C11378,ACC-02445,8503.37,2026-08-22 05:00:00,True
C11379,ACC-01727,12847.89,2026-08-31 15:00:00,True
C11380,ACC-00691,11724.34,2026-08-18 18:00:00,True
C11381,ACC-03229,10196.67,2026-08-19 00:00:00,True
C11382,ACC-00686,8278.47,2026-09-03 09:00:00,True
C11383,ACC-05036,13228.43,2026-08-23 06:00:00,True
C11384,ACC-00008,5979.88,2026-08-29 22:00:00,True
C11385,ACC-07009,58781.15,2026-08-18 23:00:00,True
C11386,ACC-02833,14680.32,2026-08-27 08:00:00,True
C11387,ACC-06116,6180.58,2026-08-24 20:00:00,True
C11388,ACC-05025,9733.56,2026-09-03 22:00:00,True
C11389,ACC-00627,14440.7,2026-08-18 07:00:00,True
C11390,ACC-07390,11016.0,2026-08-30 09:00:00,True
C11391,ACC-03098,6208.66,2026-08-28 09:00:00,True
C11392,ACC-04021,5402.82,2026-08-23 03:00:00,True
C11393,ACC-00854,8714.67,2026-09-06 09:00:00,True
C11394,ACC-03051,7939.81,2026-08-30 03:00:00,True
C11395,ACC-00592,6421.4,2026-09-10 08:00:00,True
C11396,ACC-06721,5486.51,2026-08-22 23:00:00,True
C11397,ACC-02993,80934.3,2026-09-01 03:00:00,True
C11398,ACC-07054,6489.83,2026-08-19 22:00:00,True
C11399,ACC-03020,83692.7,2026-08-18 02:00:00,True
C11400,ACC-06014,10610.44,2026-08-19 03:00:00,True
C11401,ACC-06511,10593.53,2026-09-06 16:00:00,True
C11402,ACC-05828,88771.87,2026-09-03 17:00:00,True
C11403,ACC-01427,7571.78,2026-08-31 00:00:00,True
C11404,ACC-01174,10417.79,2026-09-07 09:00:00,True
C11405,ACC-03703,40634.74,2026-09-01 08:00:00,True
C11406,ACC-01165,25236.66,2026-08-15 09:00:00,True
C11407,ACC-03060,11335.41,2026-09-09 23:00:00,True
C11408,ACC-06805,10540.75,2026-09-10 04:00:00,True
C11409,ACC-01902,6015.09,2026-08-22 15:00:00,True
C11410,ACC-02511,11515.51,2026-08-16 19:00:00,True
C11411,ACC-02198,10682.46,2026-09-06 03:00:00,True
C11412,ACC-02834,13462.78,2026-08-27 10:00:00,True
C11413,ACC-06907,12828.82,2026-08-25 06:00:00,True
C11414,ACC-02208,27177.21,2026-09-06 01:00:00,True
C11415,ACC-07850,13304.98,2026-08-19 09:00:00,True
C11416,ACC-01160,14988.21,2026-08-17 19:00:00,True
C11417,ACC-06689,48239.58,2026-08-28 06:00:00,True
C11418,ACC-07880,35501.62,2026-08-15 00:00:00,True
C11419,ACC-00530,11721.76,2026-08-17 18:00:00,True
C11420,ACC-02944,6755.29,2026-08-21 18:00:00,True
C11421,ACC-07577,12459.73,2026-08-23 08:00:00,True
C11422,ACC-07161,14335.63,2026-09-06 04:00:00,True
C11423,ACC-03424,13810.03,2026-08-14 05:00:00,True
C11424,ACC-00943,6918.52,2026-08-18 04:00:00,True
C11425,ACC-04019,14919.51,2026-08-20 12:00:00,True
C11426,ACC-01721,99221.17,2026-08-18 15:00:00,True
C11427,ACC-07896,9238.2,2026-09-02 14:00:00,True
C11428,ACC-03145,95483.81,2026-09-08 05:00:00,True
C11429,ACC-04824,11195.67,2026-08-16 17:00:00,True
C11430,ACC-01358,11253.49,2026-08-17 09:00:00,True
C11431,ACC-06870,5855.35,2026-08-23 09:00:00,True
C11432,ACC-03293,8773.95,2026-09-09 11:00:00,True
C11433,ACC-05322,80157.07,2026-08-13 14:00:00,True
C11434,ACC-07921,12874.75,2026-09-02 17:00:00,True
C11435,ACC-00776,9534.11,2026-08-22 12:00:00,True
C11436,ACC-06938,13799.38,2026-08-26 23:00:00,True
C11437,ACC-00223,8396.16,2026-08-22 09:00:00,True
C11438,ACC-07015,90817.75,2026-08-20 12:00:00,True
C11439,ACC-04272,6474.09,2026-08-17 08:00:00,True
C11440,ACC-01705,8429.0,2026-08-31 17:00:00,True
C11441,ACC-05646,10176.81,2026-08-30 12:00:00,True
C11442,ACC-06010,6446.0,2026-08-19 15:00:00,True
C11443,ACC-07814,13191.84,2026-09-02 20:00:00,True
C11444,ACC-03939,9220.61,2026-08-24 11:00:00,True
C11445,ACC-03846,11405.55,2026-09-04 06:00:00,True
C11446,ACC-06963,8415.52,2026-09-04 10:00:00,True
C11447,ACC-00606,11947.82,2026-08-19 21:00:00,True
C11448,ACC-07317,11924.14,2026-08-26 17:00:00,True
C11449,ACC-01764,48792.74,2026-08-13 18:00:00,True
C11450,ACC-00422,6978.25,2026-09-10 06:00:00,True
C11451,ACC-03814,13853.82,2026-09-05 05:00:00,True
C11452,ACC-04577,8398.17,2026-08-18 07:00:00,True
C11453,ACC-00793,6785.41,2026-08-24 05:00:00,True
C11454,ACC-07841,13428.81,2026-09-10 07:00:00,True
C11455,ACC-00378,24260.72,2026-09-07 12:00:00,True
C11456,ACC-03995,13728.51,2026-08-16 04:00:00,True
C11457,ACC-07913,14683.84,2026-08-13 20:00:00,True
C11458,ACC-06087,12272.99,2026-08-26 06:00:00,True
C11459,ACC-06126,12909.97,2026-08-15 21:00:00,True
C11460,ACC-01837,6674.34,2026-08-22 10:00:00,True
C11461,ACC-05768,12511.36,2026-08-28 16:00:00,True
C11462,ACC-05256,10188.92,2026-08-29 21:00:00,True
C11463,ACC-02777,12124.87,2026-09-05 02:00:00,True
C11464,ACC-06931,66716.98,2026-08-24 14:00:00,True
C11465,ACC-04034,11211.26,2026-08-26 20:00:00,True
C11466,ACC-04546,9675.51,2026-08-27 22:00:00,True
C11467,ACC-05239,13045.04,2026-08-28 01:00:00,True
C11468,ACC-03866,68322.72,2026-08-31 04:00:00,True
C11469,ACC-05115,12398.21,2026-09-05 14:00:00,True
C11470,ACC-03092,12700.76,2026-09-02 12:00:00,True
C11471,ACC-00542,12831.28,2026-09-01 01:00:00,True
C11472,ACC-06102,13218.61,2026-08-29 00:00:00,True
C11473,ACC-04596,5118.91,2026-08-16 16:00:00,True
C11474,ACC-02147,14892.75,2026-08-20 20:00:00,True
C11475,ACC-03817,7275.78,2026-09-06 00:00:00,True
C11476,ACC-04844,7098.75,2026-08-17 13:00:00,True
C11477,ACC-00791,10870.04,2026-09-02 20:00:00,True
C11478,ACC-07275,12225.1,2026-08-23 22:00:00,True
C11479,ACC-03633,12919.15,2026-08-27 02:00:00,True
C11480,ACC-01852,82828.62,2026-08-31 06:00:00,True
C11481,ACC-07610,14772.43,2026-09-06 08:00:00,True
C11482,ACC-01414,20883.77,2026-08-30 18:00:00,True
C11483,ACC-04838,8911.05,2026-08-30 23:00:00,True
C11484,ACC-03185,10364.53,2026-09-07 08:00:00,True
C11485,ACC-03391,5687.63,2026-08-25 13:00:00,True
C11486,ACC-02507,6299.32,2026-08-14 06:00:00,True
C11487,ACC-05492,43032.94,2026-09-04 03:00:00,True
C11488,ACC-02077,12003.17,2026-08-27 01:00:00,True
C11489,ACC-02991,64225.91,2026-08-19 03:00:00,True
C11490,ACC-01692,12553.97,2026-08-30 10:00:00,True
C11491,ACC-06136,9100.96,2026-08-25 02:00:00,True
C11492,ACC-01094,7073.72,2026-09-05 04:00:00,True
C11493,ACC-00987,79894.08,2026-09-08 22:00:00,True
C11494,ACC-04149,5682.37,2026-08-25 22:00:00,True
C11495,ACC-05949,7422.94,2026-08-23 15:00:00,True
C11496,ACC-02939,9707.88,2026-08-27 08:00:00,True
C11497,ACC-02437,6705.89,2026-09-02 07:00:00,True
C11498,ACC-02796,6005.15,2026-09-09 17:00:00,True
C11499,ACC-02631,10346.54,2026-09-01 09:00:00,True
C11500,ACC-03850,5775.85,2026-08-29 07:00:00,True
C11501,ACC-05327,11773.83,2026-08-17 12:00:00,True
C11502,ACC-00924,8580.87,2026-09-05 22:00:00,True
C11503,ACC-06166,5344.45,2026-09-03 14:00:00,True
C11504,ACC-03415,7161.66,2026-08-19 19:00:00,True
C11505,ACC-03150,13365.01,2026-08-19 11:00:00,True
C11506,ACC-04568,11410.12,2026-08-15 20:00:00,True
C11507,ACC-02394,13970.1,2026-08-18 15:00:00,True
C11508,ACC-01260,8083.24,2026-08-28 14:00:00,True
C11509,ACC-04721,5046.66,2026-09-08 17:00:00,True
C11510,ACC-01847,12671.14,2026-08-17 00:00:00,True
C11511,ACC-03789,45814.37,2026-09-03 01:00:00,True
C11512,ACC-04277,11246.73,2026-08-21 06:00:00,True
C11513,ACC-01047,14389.23,2026-08-24 00:00:00,True
C11514,ACC-04904,7137.8,2026-09-07 05:00:00,True
C11515,ACC-03401,6736.22,2026-08-30 02:00:00,True
C11516,ACC-04285,8162.4,2026-08-28 16:00:00,True
C11517,ACC-03847,9587.76,2026-08-29 06:00:00,True
C11518,ACC-04249,13150.85,2026-09-07 15:00:00,True
C11519,ACC-05636,8689.8,2026-08-20 17:00:00,True
C11520,ACC-05030,9110.97,2026-09-08 06:00:00,True
C11521,ACC-01857,69307.89,2026-08-16 17:00:00,True
C11522,ACC-04832,7363.96,2026-09-07 03:00:00,True
C11523,ACC-06872,11197.66,2026-08-28 05:00:00,True
C11524,ACC-04658,8745.24,2026-09-09 08:00:00,True
C11525,ACC-07659,6516.71,2026-09-01 06:00:00,True
C11526,ACC-05447,5379.07,2026-09-03 16:00:00,True
C11527,ACC-04657,14885.51,2026-08-17 17:00:00,True
C11528,ACC-01661,34683.64,2026-08-26 13:00:00,True
C11529,ACC-02770,5646.17,2026-08-21 12:00:00,True
C11530,ACC-01873,14536.61,2026-08-26 10:00:00,True
C11531,ACC-06344,14920.13,2026-09-08 16:00:00,True
C11532,ACC-05851,5917.59,2026-09-04 08:00:00,True
C11533,ACC-00876,13312.21,2026-08-22 19:00:00,True
C11534,ACC-02451,10074.25,2026-09-04 05:00:00,True
C11535,ACC-02060,9670.74,2026-08-27 13:00:00,True
C11536,ACC-01478,78794.25,2026-09-04 13:00:00,True
C11537,ACC-03869,13196.04,2026-08-17 08:00:00,True
C11538,ACC-02856,5198.11,2026-08-15 21:00:00,True
C11539,ACC-00430,13540.42,2026-08-28 23:00:00,True
C11540,ACC-07462,10951.83,2026-08-17 03:00:00,True
C11541,ACC-05742,12266.48,2026-09-05 19:00:00,True
C11542,ACC-07259,9636.51,2026-09-02 00:00:00,True
C11543,ACC-06216,8751.47,2026-08-27 03:00:00,True
C11544,ACC-05482,5719.4,2026-08-21 21:00:00,True
C11545,ACC-02884,9692.58,2026-09-05 14:00:00,True
C11546,ACC-00824,5041.81,2026-09-06 06:00:00,True
C11547,ACC-01462,12303.69,2026-08-13 20:00:00,True
C11548,ACC-01075,9045.55,2026-08-29 21:00:00,True
C11549,ACC-01275,14704.93,2026-08-28 00:00:00,True
C11550,ACC-04163,9895.51,2026-08-30 00:00:00,True
C11551,ACC-06765,5712.34,2026-08-20 18:00:00,True
C11552,ACC-00687,8848.26,2026-09-09 09:00:00,True
C11553,ACC-00913,6942.28,2026-08-23 07:00:00,True
C11554,ACC-01631,12712.7,2026-08-28 04:00:00,True
C11555,ACC-05123,8485.79,2026-08-16 13:00:00,True
C11556,ACC-04086,11349.8,2026-08-18 21:00:00,True
C11557,ACC-04200,5577.05,2026-08-29 14:00:00,True
C11558,ACC-03543,12356.64,2026-08-28 23:00:00,True
C11559,ACC-06112,5345.08,2026-09-02 21:00:00,True
C11560,ACC-04758,11309.53,2026-08-15 01:00:00,True
C11561,ACC-04493,11974.71,2026-08-20 12:00:00,True
C11562,ACC-02555,7613.31,2026-08-21 08:00:00,True
C11563,ACC-07996,6473.67,2026-08-26 15:00:00,True
C11564,ACC-06379,10783.42,2026-09-02 17:00:00,True
C11565,ACC-03045,5123.37,2026-08-20 07:00:00,True
C11566,ACC-05570,11443.97,2026-08-17 10:00:00,True
C11567,ACC-00890,12060.7,2026-08-29 00:00:00,True
C11568,ACC-00872,14099.49,2026-09-07 20:00:00,True
C11569,ACC-07652,25587.32,2026-08-28 07:00:00,True
C11570,ACC-00969,10249.62,2026-08-18 23:00:00,True
C11571,ACC-05890,12330.42,2026-08-21 03:00:00,True
C11572,ACC-04123,8746.51,2026-09-05 07:00:00,True
C11573,ACC-04798,6980.21,2026-08-19 08:00:00,True
C11574,ACC-01877,14484.83,2026-09-04 20:00:00,True
C11575,ACC-05881,13143.7,2026-08-26 18:00:00,True
C11576,ACC-05887,5589.82,2026-09-05 06:00:00,True
C11577,ACC-07440,7593.52,2026-09-05 06:00:00,True
C11578,ACC-01169,9407.3,2026-08-13 23:00:00,True
C11579,ACC-03068,13683.62,2026-08-22 09:00:00,True
C11580,ACC-02074,7931.26,2026-09-05 10:00:00,True
C11581,ACC-07838,57858.54,2026-08-29 09:00:00,True
C11582,ACC-07111,9294.54,2026-08-30 17:00:00,True
C11583,ACC-05372,69468.14,2026-08-29 15:00:00,True
C11584,ACC-03440,10149.14,2026-08-19 21:00:00,True
C11585,ACC-07090,5031.29,2026-08-20 06:00:00,True
C11586,ACC-03965,5166.3,2026-08-21 02:00:00,True
C11587,ACC-05864,14695.98,2026-08-30 11:00:00,True
C11588,ACC-01192,11779.29,2026-08-18 02:00:00,True
C11589,ACC-01329,9845.36,2026-09-02 17:00:00,True
C11590,ACC-00672,12939.6,2026-08-17 17:00:00,True
C11591,ACC-03848,14390.85,2026-08-29 23:00:00,True
C11592,ACC-01734,99704.38,2026-08-25 15:00:00,True
C11593,ACC-07270,6680.53,2026-08-13 22:00:00,True
C11594,ACC-02579,9821.69,2026-08-27 09:00:00,True
C11595,ACC-05284,7433.56,2026-08-24 05:00:00,True
C11596,ACC-00235,11999.09,2026-09-04 15:00:00,True
C11597,ACC-01915,59356.7,2026-09-06 23:00:00,True
C11598,ACC-07513,8328.01,2026-08-15 14:00:00,True
C11599,ACC-02755,12663.37,2026-09-02 18:00:00,True
C11600,ACC-05427,11439.87,2026-08-22 10:00:00,True
C11601,ACC-02275,12429.68,2026-08-28 14:00:00,True
C11602,ACC-01762,20735.08,2026-08-18 00:00:00,True
C11603,ACC-07529,8159.26,2026-08-13 22:00:00,True
C11604,ACC-01057,13372.17,2026-08-15 03:00:00,True
C11605,ACC-00978,9557.85,2026-08-25 15:00:00,True
C11606,ACC-01477,6458.71,2026-08-22 03:00:00,True
C11607,ACC-05634,5343.44,2026-08-19 14:00:00,True
C11608,ACC-07140,10023.78,2026-08-31 03:00:00,True
C11609,ACC-03169,7734.53,2026-08-19 09:00:00,True
C11610,ACC-06924,93845.1,2026-08-13 14:00:00,True
C11611,ACC-02229,8937.72,2026-08-18 19:00:00,True
C11612,ACC-05605,12522.66,2026-09-06 02:00:00,True
C11613,ACC-00590,13498.1,2026-08-23 11:00:00,True
C11614,ACC-02041,9575.33,2026-08-19 03:00:00,True
C11615,ACC-07406,33457.83,2026-09-04 18:00:00,True
C11616,ACC-07319,8555.84,2026-09-09 09:00:00,True
C11617,ACC-06627,14450.63,2026-08-26 07:00:00,True
C11618,ACC-02946,11500.98,2026-09-06 20:00:00,True
C11619,ACC-01352,72255.64,2026-08-22 23:00:00,True
C11620,ACC-01710,6200.0,2026-08-30 12:00:00,True
C11621,ACC-04797,9892.18,2026-09-08 09:00:00,True
C11622,ACC-05060,7249.35,2026-08-19 20:00:00,True
C11623,ACC-04080,14873.49,2026-08-22 18:00:00,True
C11624,ACC-04224,11937.26,2026-08-26 04:00:00,True
C11625,ACC-00469,6810.97,2026-09-06 18:00:00,True
C11626,ACC-02486,67928.21,2026-08-25 16:00:00,True
C11627,ACC-07573,10547.22,2026-09-05 12:00:00,True
C11628,ACC-02261,6230.45,2026-08-16 02:00:00,True
C11629,ACC-00946,7062.3,2026-09-05 18:00:00,True
C11630,ACC-04255,10624.96,2026-09-05 10:00:00,True
C11631,ACC-05724,5846.1,2026-08-14 11:00:00,True
C11632,ACC-01188,7985.78,2026-09-06 20:00:00,True
C11633,ACC-06431,9230.51,2026-08-24 07:00:00,True
C11634,ACC-04820,7483.37,2026-08-20 12:00:00,True
C11635,ACC-07187,14046.2,2026-09-08 20:00:00,True
C11636,ACC-03289,10341.02,2026-08-31 15:00:00,True
C11637,ACC-06197,9904.43,2026-09-05 18:00:00,True
C11638,ACC-02185,14107.83,2026-08-30 20:00:00,True
C11639,ACC-07894,10382.09,2026-08-29 17:00:00,True
C11640,ACC-06165,5990.09,2026-09-03 14:00:00,True
C11641,ACC-02134,7371.0,2026-08-15 11:00:00,True
C11642,ACC-07518,7997.09,2026-09-04 08:00:00,True
C11643,ACC-06367,31459.52,2026-08-15 06:00:00,True
C11644,ACC-07819,11295.68,2026-09-04 10:00:00,True
C11645,ACC-04733,11968.03,2026-09-01 16:00:00,True
C11646,ACC-00693,8721.42,2026-09-03 14:00:00,True
C11647,ACC-01172,29880.28,2026-08-19 16:00:00,True
C11648,ACC-04828,74932.67,2026-08-24 13:00:00,True
C11649,ACC-05414,11575.63,2026-08-19 08:00:00,True
C11650,ACC-03584,10675.61,2026-09-06 00:00:00,True
C11651,ACC-07789,14184.42,2026-09-02 11:00:00,True
C11652,ACC-00586,12075.02,2026-08-21 01:00:00,True
C11653,ACC-03528,11087.03,2026-09-02 15:00:00,True
C11654,ACC-02395,6831.05,2026-08-18 22:00:00,True
C11655,ACC-06359,61200.92,2026-08-29 22:00:00,True
C11656,ACC-04954,11978.82,2026-08-19 19:00:00,True
C11657,ACC-02223,58649.97,2026-08-29 12:00:00,True
C11658,ACC-04598,5022.34,2026-09-02 06:00:00,True
C11659,ACC-06104,8936.21,2026-08-20 18:00:00,True
C11660,ACC-03242,10155.29,2026-08-31 16:00:00,True
C11661,ACC-04514,13924.94,2026-09-08 22:00:00,True
C11662,ACC-03554,5574.97,2026-08-13 21:00:00,True
C11663,ACC-01576,9603.54,2026-09-09 17:00:00,True
C11664,ACC-00964,6071.64,2026-09-01 01:00:00,True
C11665,ACC-04724,6861.58,2026-08-29 13:00:00,True
C11666,ACC-02534,6013.38,2026-08-30 12:00:00,True
C11667,ACC-01001,5847.44,2026-08-26 06:00:00,True
C11668,ACC-06337,9107.19,2026-08-25 08:00:00,True
C11669,ACC-00381,6556.3,2026-08-26 12:00:00,True
C11670,ACC-06389,42791.98,2026-08-20 04:00:00,True
C11671,ACC-01151,9210.56,2026-09-06 00:00:00,True
C11672,ACC-01076,30089.89,2026-08-31 11:00:00,True
C11673,ACC-01277,5136.49,2026-08-29 20:00:00,True
C11674,ACC-05745,5520.4,2026-08-20 05:00:00,True
C11675,ACC-01170,9296.65,2026-08-15 02:00:00,True
C11676,ACC-02399,5080.29,2026-08-21 13:00:00,True
C11677,ACC-06239,7822.23,2026-08-26 03:00:00,True
C11678,ACC-03215,7477.47,2026-09-07 23:00:00,True
C11679,ACC-05119,10112.4,2026-09-05 13:00:00,True
C11680,ACC-00850,12667.28,2026-09-03 04:00:00,True
C11681,ACC-01732,14942.57,2026-08-14 04:00:00,True
C11682,ACC-00952,13206.09,2026-09-02 15:00:00,True
C11683,ACC-00113,12064.61,2026-09-03 21:00:00,True
C11684,ACC-01707,12011.45,2026-08-16 09:00:00,True
C11685,ACC-07058,6811.88,2026-08-24 17:00:00,True
C11686,ACC-05138,11289.08,2026-08-13 18:00:00,True
C11687,ACC-01736,70664.8,2026-09-06 05:00:00,True
C11688,ACC-07883,8361.78,2026-09-03 05:00:00,True
C11689,ACC-01206,10098.64,2026-08-26 11:00:00,True
C11690,ACC-06203,8042.9,2026-08-21 11:00:00,True
C11691,ACC-04701,7805.56,2026-09-02 01:00:00,True
C11692,ACC-01493,9180.74,2026-08-29 14:00:00,True
C11693,ACC-00938,21092.93,2026-08-31 11:00:00,True
C11694,ACC-04199,8312.12,2026-08-24 08:00:00,True
C11695,ACC-06290,12429.32,2026-08-18 01:00:00,True
C11696,ACC-03646,11047.14,2026-08-22 20:00:00,True
C11697,ACC-07686,32293.79,2026-09-02 16:00:00,True
C11698,ACC-00885,51799.51,2026-09-06 06:00:00,True
C11699,ACC-03342,13702.56,2026-08-19 19:00:00,True
C11700,ACC-05104,9377.45,2026-09-08 07:00:00,True
C11701,ACC-03590,10624.99,2026-08-25 00:00:00,True
C11702,ACC-05986,36797.79,2026-08-29 00:00:00,True
C11703,ACC-04168,11486.46,2026-09-07 12:00:00,True
C11704,ACC-02662,14722.19,2026-08-20 17:00:00,True
C11705,ACC-04993,14464.28,2026-08-31 10:00:00,True
C11706,ACC-05163,12220.8,2026-08-24 04:00:00,True
C11707,ACC-03713,7948.95,2026-08-27 17:00:00,True
C11708,ACC-03352,13159.22,2026-09-08 16:00:00,True
C11709,ACC-00801,70384.05,2026-08-15 01:00:00,True
C11710,ACC-04024,6556.41,2026-08-14 00:00:00,True
C11711,ACC-08000,12262.86,2026-09-02 13:00:00,True
C11712,ACC-07217,50230.01,2026-08-30 08:00:00,True
C11713,ACC-07522,13265.62,2026-09-10 09:00:00,True
C11714,ACC-07940,26797.22,2026-08-16 16:00:00,True
C11715,ACC-00240,12596.72,2026-09-05 21:00:00,True
C11716,ACC-04386,8073.85,2026-08-27 07:00:00,True
C11717,ACC-01541,7438.09,2026-08-26 08:00:00,True
C11718,ACC-04530,7674.57,2026-08-23 14:00:00,True
C11719,ACC-02214,5212.08,2026-08-24 09:00:00,True
C11720,ACC-05819,10446.42,2026-09-09 09:00:00,True
C11721,ACC-05223,62438.45,2026-09-06 20:00:00,True
C11722,ACC-07072,11794.33,2026-08-22 07:00:00,True
C11723,ACC-05391,11871.61,2026-09-05 15:00:00,True
C11724,ACC-03063,8483.86,2026-08-22 03:00:00,True
C11725,ACC-06718,14162.34,2026-09-07 04:00:00,True
C11726,ACC-07772,14328.82,2026-08-20 01:00:00,True
C11727,ACC-05982,12986.84,2026-08-15 14:00:00,True
C11728,ACC-01297,13617.14,2026-08-16 12:00:00,True
C11729,ACC-05897,6465.89,2026-09-05 16:00:00,True
C11730,ACC-07170,9466.95,2026-09-06 00:00:00,True
C11731,ACC-06335,13146.5,2026-08-15 21:00:00,True
C11732,ACC-06071,9274.53,2026-09-06 18:00:00,True
C11733,ACC-05400,62701.65,2026-08-18 04:00:00,True
C11734,ACC-01758,13214.04,2026-08-23 19:00:00,True
C11735,ACC-05692,10809.64,2026-08-29 10:00:00,True
C11736,ACC-01538,22107.75,2026-08-27 20:00:00,True
C11737,ACC-01647,53319.59,2026-08-28 01:00:00,True
C11738,ACC-00017,9697.65,2026-08-17 07:00:00,True
C11739,ACC-05507,27354.92,2026-09-05 13:00:00,True
C11740,ACC-03747,35578.45,2026-08-29 08:00:00,True
C11741,ACC-00144,5778.09,2026-09-07 09:00:00,True
C11742,ACC-04310,5280.49,2026-08-22 02:00:00,True
C11743,ACC-03084,10415.68,2026-09-01 07:00:00,True
C11744,ACC-01171,84599.55,2026-09-08 06:00:00,True
C11745,ACC-01894,10871.76,2026-09-06 12:00:00,True
C11746,ACC-06312,10863.58,2026-08-28 21:00:00,True
C11747,ACC-06601,7901.19,2026-08-14 11:00:00,True
C11748,ACC-04485,9631.06,2026-09-05 15:00:00,True
C11749,ACC-01924,14528.18,2026-08-21 10:00:00,True
C11750,ACC-05394,13074.76,2026-09-03 06:00:00,True
C11751,ACC-06185,99760.76,2026-08-21 08:00:00,True
C11752,ACC-07806,14580.16,2026-08-22 10:00:00,True
C11753,ACC-04833,14944.05,2026-08-22 16:00:00,True
C11754,ACC-06357,6426.23,2026-09-07 12:00:00,True
C11755,ACC-02649,10471.36,2026-08-14 03:00:00,True
C11756,ACC-05832,9989.12,2026-08-16 10:00:00,True
C11757,ACC-06108,6697.18,2026-08-27 02:00:00,True
C11758,ACC-05941,5681.62,2026-09-01 07:00:00,True
C11759,ACC-05541,8533.68,2026-08-23 01:00:00,True
C11760,ACC-03657,12106.55,2026-09-08 07:00:00,True
C11761,ACC-07946,14861.43,2026-08-27 04:00:00,True
C11762,ACC-01231,11502.92,2026-09-01 22:00:00,True
C11763,ACC-03025,14716.81,2026-09-06 09:00:00,True
C11764,ACC-03191,8634.72,2026-08-26 11:00:00,True
C11765,ACC-07345,9090.33,2026-09-01 00:00:00,True
C11766,ACC-00252,6289.84,2026-08-21 15:00:00,True
C11767,ACC-03127,13448.36,2026-08-29 20:00:00,True
C11768,ACC-02279,5834.91,2026-08-31 01:00:00,True
C11769,ACC-00037,9500.92,2026-08-27 20:00:00,True
C11770,ACC-04776,11206.14,2026-08-20 11:00:00,True
C11771,ACC-05649,12410.43,2026-08-21 11:00:00,True
C11772,ACC-04486,13212.35,2026-09-02 14:00:00,True
C11773,ACC-06779,13530.6,2026-09-10 08:00:00,True
C11774,ACC-03350,6582.06,2026-09-01 00:00:00,True
C11775,ACC-02608,7230.51,2026-08-29 10:00:00,True
C11776,ACC-07829,11691.51,2026-08-13 22:00:00,True
C11777,ACC-02499,9684.89,2026-08-29 22:00:00,True
C11778,ACC-05782,6091.19,2026-08-23 22:00:00,True
C11779,ACC-03917,6083.48,2026-09-04 13:00:00,True
C11780,ACC-06403,6994.71,2026-08-28 23:00:00,True
C11781,ACC-03489,96211.6,2026-08-31 10:00:00,True
C11782,ACC-00575,7698.48,2026-08-19 23:00:00,True
C11783,ACC-05009,5835.91,2026-08-21 07:00:00,True
C11784,ACC-05096,9050.68,2026-09-08 04:00:00,True
C11785,ACC-00758,9514.21,2026-08-31 14:00:00,True
C11786,ACC-02912,7141.05,2026-08-27 20:00:00,True
C11787,ACC-02906,13305.49,2026-09-02 07:00:00,True
C11788,ACC-06822,8420.19,2026-09-07 23:00:00,True
C11789,ACC-02575,6645.33,2026-08-17 03:00:00,True
C11790,ACC-00535,9816.25,2026-08-29 23:00:00,True
C11791,ACC-04956,12838.57,2026-08-23 14:00:00,True
C11792,ACC-05518,8546.92,2026-08-18 23:00:00,True
C11793,ACC-02066,8891.38,2026-08-18 18:00:00,True
C11794,ACC-02621,12830.72,2026-09-09 19:00:00,True
C11795,ACC-05340,5778.09,2026-08-22 06:00:00,True
C11796,ACC-00022,11165.12,2026-08-19 18:00:00,True
C11797,ACC-07742,14863.68,2026-08-30 15:00:00,True
C11798,ACC-03353,13252.35,2026-08-17 13:00:00,True
C11799,ACC-03635,5141.87,2026-08-18 02:00:00,True
C11800,ACC-06723,9994.46,2026-08-27 08:00:00,True
C11801,ACC-05690,12920.17,2026-08-31 09:00:00,True
C11802,ACC-01668,7628.03,2026-08-19 23:00:00,True
C11803,ACC-05085,14882.39,2026-08-18 12:00:00,True
C11804,ACC-04059,34065.1,2026-08-15 08:00:00,True
C11805,ACC-06961,6768.95,2026-08-28 01:00:00,True
C11806,ACC-00352,10427.63,2026-08-22 07:00:00,True
C11807,ACC-03458,49971.5,2026-08-29 03:00:00,True
C11808,ACC-02754,7836.04,2026-09-02 20:00:00,True
C11809,ACC-04353,8073.97,2026-08-20 04:00:00,True
C11810,ACC-03903,11733.01,2026-08-15 23:00:00,True
C11811,ACC-00683,5326.75,2026-09-09 23:00:00,True
C11812,ACC-07021,12905.1,2026-09-10 08:00:00,True
C11813,ACC-06632,13200.34,2026-08-14 20:00:00,True
C11814,ACC-01936,8350.9,2026-08-22 02:00:00,True
C11815,ACC-04446,7418.31,2026-08-22 23:00:00,True
C11816,ACC-07595,11162.68,2026-08-29 06:00:00,True
C11817,ACC-00673,13013.32,2026-08-29 11:00:00,True
C11818,ACC-04536,6288.7,2026-08-22 23:00:00,True
C11819,ACC-07910,14773.56,2026-08-21 00:00:00,True
C11820,ACC-00639,14041.71,2026-09-05 00:00:00,True
C11821,ACC-06288,9374.02,2026-08-25 07:00:00,True
C11822,ACC-06763,26301.8,2026-09-06 14:00:00,True
C11823,ACC-06670,12423.4,2026-08-29 12:00:00,True
C11824,ACC-00887,11344.63,2026-09-05 22:00:00,True
C11825,ACC-03199,6865.55,2026-08-17 01:00:00,True
C11826,ACC-02272,7969.23,2026-08-21 05:00:00,True
C11827,ACC-06147,12263.13,2026-08-24 05:00:00,True
C11828,ACC-07035,12703.92,2026-08-16 00:00:00,True
C11829,ACC-01895,7749.65,2026-08-20 11:00:00,True
C11830,ACC-04989,5231.41,2026-09-05 16:00:00,True
C11831,ACC-05980,6109.32,2026-08-23 09:00:00,True
C11832,ACC-06138,6070.77,2026-08-22 09:00:00,True
C11833,ACC-03487,13946.05,2026-09-01 04:00:00,True
C11834,ACC-03376,9942.45,2026-09-08 10:00:00,True
C11835,ACC-01903,8908.0,2026-08-30 06:00:00,True
C11836,ACC-01398,9137.45,2026-08-26 12:00:00,True
C11837,ACC-04819,5763.13,2026-08-25 16:00:00,True
C11838,ACC-06864,8752.54,2026-08-19 23:00:00,True
C11839,ACC-06455,14083.02,2026-08-30 16:00:00,True
C11840,ACC-01089,6798.06,2026-08-16 07:00:00,True
C11841,ACC-07246,11596.66,2026-09-10 07:00:00,True
C11842,ACC-02104,13548.09,2026-08-20 17:00:00,True
C11843,ACC-01368,58525.99,2026-09-07 02:00:00,True
C11844,ACC-00967,12080.84,2026-09-08 01:00:00,True
C11845,ACC-02359,9670.44,2026-08-21 03:00:00,True
C11846,ACC-04162,9360.62,2026-08-15 21:00:00,True
C11847,ACC-05978,7500.93,2026-08-29 06:00:00,True
C11848,ACC-03358,13460.36,2026-09-03 15:00:00,True
C11849,ACC-06918,14618.71,2026-08-19 04:00:00,True
C11850,ACC-03157,12931.53,2026-09-06 18:00:00,True
C11851,ACC-01973,6656.53,2026-08-23 03:00:00,True
C11852,ACC-06045,9878.32,2026-09-03 13:00:00,True
C11853,ACC-01266,10963.3,2026-08-26 23:00:00,True
C11854,ACC-07162,77344.21,2026-09-02 02:00:00,True
C11855,ACC-03086,10674.69,2026-09-03 22:00:00,True
C11856,ACC-06850,10616.41,2026-08-31 05:00:00,True
C11857,ACC-01718,11018.02,2026-08-29 03:00:00,True
C11858,ACC-07823,6029.2,2026-08-25 06:00:00,True
C11859,ACC-04211,11079.04,2026-09-01 14:00:00,True
C11860,ACC-04575,5748.24,2026-08-15 15:00:00,True
C11861,ACC-02365,11821.32,2026-08-20 23:00:00,True
C11862,ACC-03691,13133.94,2026-08-28 02:00:00,True
C11863,ACC-02658,5496.6,2026-09-04 06:00:00,True
C11864,ACC-06917,5467.92,2026-08-25 21:00:00,True
C11865,ACC-01287,6192.59,2026-09-01 23:00:00,True
C11866,ACC-04801,11014.31,2026-08-27 07:00:00,True
C11867,ACC-05097,7364.22,2026-08-23 00:00:00,True
C11868,ACC-06186,5178.36,2026-09-10 03:00:00,True
C11869,ACC-05182,27609.59,2026-08-15 18:00:00,True
C11870,ACC-04469,12232.54,2026-08-15 23:00:00,True
C11871,ACC-05474,12536.92,2026-09-02 02:00:00,True
C11872,ACC-00249,10564.5,2026-08-29 10:00:00,True
C11873,ACC-06039,11123.21,2026-08-30 21:00:00,True
C11874,ACC-06459,11964.57,2026-08-29 03:00:00,True
C11875,ACC-05157,13486.72,2026-08-26 21:00:00,True
C11876,ACC-04477,14377.04,2026-09-07 01:00:00,True
C11877,ACC-01795,7240.14,2026-09-07 12:00:00,True
C11878,ACC-00573,95771.59,2026-08-15 12:00:00,True
C11879,ACC-05990,8293.29,2026-09-08 04:00:00,True
C11880,ACC-07715,7699.12,2026-08-22 00:00:00,True
C11881,ACC-07797,10834.53,2026-09-05 08:00:00,True
C11882,ACC-01304,78821.46,2026-09-07 08:00:00,True
C11883,ACC-05131,5780.17,2026-09-03 14:00:00,True
C11884,ACC-05268,7124.75,2026-08-26 11:00:00,True
C11885,ACC-05593,9681.5,2026-08-20 06:00:00,True
C11886,ACC-03271,9876.46,2026-08-29 06:00:00,True
C11887,ACC-06314,13139.95,2026-08-31 06:00:00,True
C11888,ACC-06854,56867.75,2026-08-16 20:00:00,True
C11889,ACC-00357,9762.4,2026-09-02 12:00:00,True
C11890,ACC-06971,8519.57,2026-08-24 22:00:00,True
C11891,ACC-06576,5840.67,2026-09-06 19:00:00,True
C11892,ACC-00596,6506.2,2026-08-28 06:00:00,True
C11893,ACC-03308,10079.27,2026-08-24 23:00:00,True
C11894,ACC-06274,7725.89,2026-09-08 22:00:00,True
C11895,ACC-01162,11486.22,2026-09-07 11:00:00,True
C11896,ACC-02086,6939.32,2026-08-17 23:00:00,True
C11897,ACC-02371,6766.45,2026-09-04 00:00:00,True
C11898,ACC-05381,11074.48,2026-09-01 20:00:00,True
C11899,ACC-05612,6091.85,2026-08-24 23:00:00,True
C11900,ACC-03820,7489.44,2026-09-08 16:00:00,True
C11901,ACC-03589,6151.88,2026-09-07 05:00:00,True
C11902,ACC-07836,7661.78,2026-09-08 18:00:00,True
C11903,ACC-05293,6010.32,2026-09-07 19:00:00,True
C11904,ACC-02290,11995.12,2026-09-02 17:00:00,True
C11905,ACC-00314,8928.85,2026-08-29 00:00:00,True
C11906,ACC-04966,13240.69,2026-09-02 13:00:00,True
C11907,ACC-01609,9951.72,2026-08-19 04:00:00,True
C11908,ACC-03986,8476.33,2026-09-05 06:00:00,True
C11909,ACC-02998,57805.46,2026-08-31 14:00:00,True
C11910,ACC-04726,10672.67,2026-09-09 12:00:00,True
C11911,ACC-04888,72749.35,2026-09-01 05:00:00,True
C11912,ACC-05435,9978.32,2026-09-06 01:00:00,True
C11913,ACC-01163,12410.12,2026-09-02 18:00:00,True
C11914,ACC-01761,7063.08,2026-08-28 01:00:00,True
C11915,ACC-00339,14206.47,2026-09-08 06:00:00,True
C11916,ACC-01289,23288.0,2026-08-28 16:00:00,True
C11917,ACC-01604,8432.74,2026-08-24 14:00:00,True
C11918,ACC-04540,9334.6,2026-08-22 09:00:00,True
C11919,ACC-05470,14681.53,2026-08-26 18:00:00,True
C11920,ACC-01770,7884.09,2026-08-16 01:00:00,True
C11921,ACC-05936,14272.33,2026-09-09 21:00:00,True
C11922,ACC-04938,11809.23,2026-09-05 22:00:00,True
C11923,ACC-04419,11237.95,2026-08-25 03:00:00,True
C11924,ACC-06092,8036.46,2026-08-20 07:00:00,True
C11925,ACC-02253,12997.85,2026-09-01 10:00:00,True
C11926,ACC-03333,5409.53,2026-09-09 22:00:00,True
C11927,ACC-04760,6234.36,2026-08-31 18:00:00,True
C11928,ACC-06205,5050.9,2026-08-26 03:00:00,True
C11929,ACC-01991,13341.1,2026-08-29 15:00:00,True
C11930,ACC-05930,6377.19,2026-09-09 04:00:00,True
C11931,ACC-00602,44084.98,2026-08-31 20:00:00,True
C11932,ACC-01777,10666.65,2026-09-08 03:00:00,True
C11933,ACC-06626,24282.88,2026-08-20 22:00:00,True
C11934,ACC-07796,46504.61,2026-08-14 00:00:00,True
C11935,ACC-07565,12404.73,2026-09-09 09:00:00,True
C11936,ACC-04949,12393.63,2026-08-19 20:00:00,True
C11937,ACC-00461,39776.49,2026-09-08 14:00:00,True
C11938,ACC-05811,5246.56,2026-09-06 21:00:00,True
C11939,ACC-00087,8907.14,2026-08-24 22:00:00,True
C11940,ACC-07520,9045.57,2026-09-07 03:00:00,True
C11941,ACC-05732,13417.21,2026-09-05 05:00:00,True
C11942,ACC-01887,13216.86,2026-08-24 04:00:00,True
C11943,ACC-05617,13593.14,2026-08-19 22:00:00,True
C11944,ACC-06737,9323.54,2026-08-22 09:00:00,True
C11945,ACC-05467,6848.08,2026-08-21 12:00:00,True
C11946,ACC-06757,11574.65,2026-08-14 13:00:00,True
C11947,ACC-02916,12416.65,2026-09-04 20:00:00,True
C11948,ACC-00281,9761.58,2026-08-24 06:00:00,True
C11949,ACC-07030,11675.36,2026-09-01 03:00:00,True
C11950,ACC-03360,8673.39,2026-08-22 21:00:00,True
C11951,ACC-06272,92204.04,2026-09-02 00:00:00,True
C11952,ACC-00323,10130.45,2026-08-25 00:00:00,True
C11953,ACC-07224,6514.03,2026-09-04 16:00:00,True
C11954,ACC-06619,10631.48,2026-08-20 13:00:00,True
C11955,ACC-02761,13586.64,2026-08-26 14:00:00,True
C11956,ACC-05748,12849.61,2026-09-06 04:00:00,True
C11957,ACC-06253,14234.77,2026-08-20 03:00:00,True
C11958,ACC-04487,9837.45,2026-09-07 16:00:00,True
C11959,ACC-05272,11589.72,2026-08-25 17:00:00,True
C11960,ACC-00778,14274.12,2026-08-22 14:00:00,True
C11961,ACC-05355,10254.34,2026-08-16 15:00:00,True
C11962,ACC-05137,53604.49,2026-09-05 14:00:00,True
C11963,ACC-05627,11119.04,2026-09-08 11:00:00,True
C11964,ACC-06943,13468.02,2026-09-07 11:00:00,True
C11965,ACC-06903,21939.44,2026-09-07 22:00:00,True
C11966,ACC-01339,7035.4,2026-08-20 09:00:00,True
C11967,ACC-02503,13932.91,2026-08-16 08:00:00,True
C11968,ACC-01120,10682.95,2026-08-29 23:00:00,True
C11969,ACC-01728,8407.11,2026-08-14 10:00:00,True
C11970,ACC-01735,14577.44,2026-08-19 13:00:00,True
C11971,ACC-03656,10281.55,2026-08-17 16:00:00,True
C11972,ACC-04813,10703.7,2026-09-04 06:00:00,True
C11973,ACC-04421,48632.42,2026-08-25 20:00:00,True
C11974,ACC-02319,14681.15,2026-08-14 07:00:00,True
C11975,ACC-04187,10753.56,2026-09-07 19:00:00,True
C11976,ACC-01989,14318.09,2026-08-13 20:00:00,True
C11977,ACC-01888,8992.2,2026-08-25 03:00:00,True
C11978,ACC-07312,11975.18,2026-09-08 19:00:00,True
C11979,ACC-03151,9709.79,2026-09-06 18:00:00,True
C11980,ACC-05392,5299.78,2026-09-01 16:00:00,True
C11981,ACC-07105,7608.81,2026-08-30 23:00:00,True
C11982,ACC-00949,6392.89,2026-08-31 11:00:00,True
C11983,ACC-02793,8296.09,2026-08-23 13:00:00,True
C11984,ACC-06374,14123.2,2026-08-16 15:00:00,True
C11985,ACC-03421,9935.55,2026-09-09 05:00:00,True
C11986,ACC-04020,24171.23,2026-08-15 18:00:00,True
C11987,ACC-02798,11954.41,2026-08-17 00:00:00,True
C11988,ACC-05191,9268.34,2026-08-27 14:00:00,True
C11989,ACC-05517,9379.53,2026-09-06 09:00:00,True
C11990,ACC-01267,8517.89,2026-08-22 01:00:00,True
C11991,ACC-06691,14180.69,2026-08-30 23:00:00,True
C11992,ACC-01575,5919.91,2026-09-03 05:00:00,True
C11993,ACC-04076,9130.65,2026-09-10 05:00:00,True
C11994,ACC-04695,10680.49,2026-08-16 19:00:00,True
C11995,ACC-04418,13732.56,2026-08-16 12:00:00,True
C11996,ACC-05946,5766.12,2026-09-03 11:00:00,True
C11997,ACC-03041,88700.81,2026-09-05 22:00:00,True
C11998,ACC-00746,8027.19,2026-08-26 14:00:00,True
C11999,ACC-05709,7926.83,2026-08-29 19:00:00,True
C12000,ACC-00507,10268.44,2026-08-21 05:00:00,True
C12001,ACC-04052,11977.72,2026-09-02 02:00:00,True
C12002,ACC-00077,5539.98,2026-08-25 09:00:00,True
C12003,ACC-03611,14505.63,2026-08-27 14:00:00,True
C12004,ACC-05076,5784.46,2026-08-26 04:00:00,True
C12005,ACC-05548,7305.36,2026-09-05 20:00:00,True
C12006,ACC-05145,7107.7,2026-08-17 19:00:00,True
C12007,ACC-05071,13163.8,2026-08-29 13:00:00,True
C12008,ACC-04192,14779.1,2026-09-06 11:00:00,True
C12009,ACC-01476,69722.44,2026-08-18 22:00:00,True
C12010,ACC-07581,12826.13,2026-08-13 23:00:00,True
C12011,ACC-00721,13073.97,2026-08-18 11:00:00,True
C12012,ACC-03868,14524.74,2026-08-24 00:00:00,True
C12013,ACC-01302,86879.98,2026-08-20 03:00:00,True
C12014,ACC-01992,9438.09,2026-08-14 07:00:00,True
C12015,ACC-01389,5088.71,2026-09-09 22:00:00,True
C12016,ACC-05520,66391.26,2026-09-09 01:00:00,True
C12017,ACC-00495,12173.58,2026-09-08 19:00:00,True
C12018,ACC-05888,14919.71,2026-09-08 14:00:00,True
C12019,ACC-06812,11783.88,2026-09-02 12:00:00,True
C12020,ACC-00297,10404.41,2026-08-14 01:00:00,True
C12021,ACC-00251,7346.97,2026-09-08 17:00:00,True
C12022,ACC-07428,10069.38,2026-09-07 10:00:00,True
C12023,ACC-07731,5774.5,2026-09-06 20:00:00,True
C12024,ACC-02384,10703.66,2026-09-04 02:00:00,True
C12025,ACC-07393,9159.7,2026-08-14 15:00:00,True
C12026,ACC-05055,13758.53,2026-08-20 23:00:00,True
C12027,ACC-00960,8265.41,2026-09-06 12:00:00,True
C12028,ACC-01433,8349.86,2026-08-16 01:00:00,True
C12029,ACC-00279,32005.97,2026-08-27 16:00:00,True
C12030,ACC-00571,5784.45,2026-08-16 16:00:00,True
C12031,ACC-01763,10654.02,2026-09-08 05:00:00,True
C12032,ACC-07452,10482.33,2026-08-22 16:00:00,True
C12033,ACC-06900,12330.46,2026-08-27 19:00:00,True
C12034,ACC-05659,12982.06,2026-08-13 20:00:00,True
C12035,ACC-00229,11591.98,2026-08-21 21:00:00,True
C12036,ACC-04154,8169.39,2026-08-24 22:00:00,True
C12037,ACC-02338,7930.65,2026-09-03 18:00:00,True
C12038,ACC-03680,55917.44,2026-09-03 02:00:00,True
C12039,ACC-04607,10693.42,2026-08-28 05:00:00,True
C12040,ACC-06651,14257.17,2026-08-15 08:00:00,True
C12041,ACC-04634,11741.05,2026-09-02 23:00:00,True
C12042,ACC-04944,11055.46,2026-08-20 08:00:00,True
C12043,ACC-06488,8415.72,2026-08-16 03:00:00,True
C12044,ACC-04841,92340.83,2026-09-07 10:00:00,True
C12045,ACC-07357,9023.18,2026-08-30 08:00:00,True
C12046,ACC-00415,94929.72,2026-08-24 05:00:00,True
C12047,ACC-07905,59463.48,2026-09-08 08:00:00,True
C12048,ACC-02889,10176.78,2026-09-08 18:00:00,True
C12049,ACC-03274,10082.28,2026-08-24 18:00:00,True
C12050,ACC-06561,8228.0,2026-08-28 03:00:00,True
C12051,ACC-03232,14535.14,2026-08-31 07:00:00,True
C12052,ACC-07297,13823.84,2026-09-08 13:00:00,True
C12053,ACC-03165,9305.38,2026-08-18 06:00:00,True
C12054,ACC-03581,13795.84,2026-09-01 18:00:00,True
C12055,ACC-04135,8473.46,2026-08-31 09:00:00,True
C12056,ACC-03522,7878.43,2026-09-05 09:00:00,True
C12057,ACC-05538,7236.33,2026-08-25 22:00:00,True
C12058,ACC-01831,14392.05,2026-09-05 03:00:00,True
C12059,ACC-03804,35610.61,2026-09-01 17:00:00,True
C12060,ACC-01829,8695.41,2026-08-26 12:00:00,True
C12061,ACC-07135,9265.03,2026-08-31 18:00:00,True
C12062,ACC-06134,6261.79,2026-08-26 20:00:00,True
C12063,ACC-04138,14179.95,2026-08-27 03:00:00,True
C12064,ACC-05416,14191.84,2026-08-18 14:00:00,True
C12065,ACC-02972,94589.44,2026-09-06 22:00:00,True
C12066,ACC-03578,8175.27,2026-08-15 20:00:00,True
C12067,ACC-05362,11611.3,2026-08-14 19:00:00,True
C12068,ACC-07555,14491.83,2026-08-21 11:00:00,True
C12069,ACC-03560,25380.9,2026-08-21 12:00:00,True
C12070,ACC-04158,7085.47,2026-08-23 17:00:00,True
C12071,ACC-06123,9181.59,2026-09-05 11:00:00,True
C12072,ACC-03826,57178.87,2026-09-01 17:00:00,True
C12073,ACC-02504,6135.36,2026-08-30 15:00:00,True
C12074,ACC-01516,12048.19,2026-08-19 00:00:00,True
C12075,ACC-02065,13401.21,2026-08-16 21:00:00,True
C12076,ACC-06275,63181.38,2026-08-13 21:00:00,True
C12077,ACC-07988,13024.13,2026-08-18 12:00:00,True
C12078,ACC-05098,8332.88,2026-09-07 14:00:00,True
C12079,ACC-02046,5634.65,2026-08-29 19:00:00,True
C12080,ACC-03696,7104.63,2026-09-08 20:00:00,True
C12081,ACC-03520,14852.17,2026-08-24 06:00:00,True
C12082,ACC-07036,79993.23,2026-08-14 19:00:00,True
C12083,ACC-04718,11552.76,2026-08-15 00:00:00,True
C12084,ACC-06417,56712.45,2026-09-05 13:00:00,True
C12085,ACC-03905,33540.46,2026-09-07 04:00:00,True
C12086,ACC-00084,10934.1,2026-08-13 21:00:00,True
C12087,ACC-05143,9031.95,2026-09-08 08:00:00,True
C12088,ACC-07934,10234.06,2026-08-14 21:00:00,True
C12089,ACC-03200,12605.82,2026-08-14 18:00:00,True
C12090,ACC-00275,88692.23,2026-09-08 21:00:00,True
C12091,ACC-03723,14212.3,2026-08-18 10:00:00,True
C12092,ACC-07391,79919.47,2026-08-27 14:00:00,True
C12093,ACC-03426,8994.06,2026-08-23 23:00:00,True
C12094,ACC-03392,9354.79,2026-09-01 09:00:00,True
C12095,ACC-05112,14219.7,2026-08-31 13:00:00,True
C12096,ACC-00270,10224.8,2026-08-20 04:00:00,True
C12097,ACC-07500,25341.76,2026-08-22 01:00:00,True
C12098,ACC-00720,13833.43,2026-08-20 19:00:00,True
C12099,ACC-07197,5141.29,2026-08-29 16:00:00,True
C12100,ACC-02521,7841.88,2026-09-04 04:00:00,True
C12101,ACC-04259,10844.68,2026-08-13 23:00:00,True
C12102,ACC-03563,11245.01,2026-09-01 01:00:00,True
C12103,ACC-04565,10611.12,2026-08-29 04:00:00,True
C12104,ACC-05172,7025.88,2026-08-20 15:00:00,True
C12105,ACC-04430,6029.76,2026-08-23 08:00:00,True
C12106,ACC-02584,6783.25,2026-09-04 04:00:00,True
C12107,ACC-00245,6267.04,2026-08-23 09:00:00,True
C12108,ACC-06803,11448.3,2026-08-24 18:00:00,True
C12109,ACC-03149,10756.56,2026-08-29 02:00:00,True
C12110,ACC-01464,11047.75,2026-08-13 18:00:00,True
C12111,ACC-02009,13713.37,2026-08-15 13:00:00,True
C12112,ACC-07831,7093.07,2026-08-19 21:00:00,True
C12113,ACC-06445,14890.87,2026-09-10 05:00:00,True
C12114,ACC-07007,6464.92,2026-09-07 17:00:00,True
C12115,ACC-02157,13746.14,2026-09-04 21:00:00,True
C12116,ACC-04756,13959.53,2026-08-31 10:00:00,True
C12117,ACC-00907,10117.05,2026-09-09 08:00:00,True
C12118,ACC-01246,11648.42,2026-08-26 23:00:00,True
C12119,ACC-01711,81659.58,2026-08-31 03:00:00,True
C12120,ACC-00203,9240.78,2026-08-29 13:00:00,True
C12121,ACC-03435,41996.11,2026-08-21 19:00:00,True
C12122,ACC-05848,5439.17,2026-08-26 00:00:00,True
C12123,ACC-01074,7530.38,2026-08-18 14:00:00,True
C12124,ACC-02007,14711.41,2026-08-21 11:00:00,True
C12125,ACC-00739,13631.85,2026-08-15 12:00:00,True
C12126,ACC-07178,11322.4,2026-08-25 17:00:00,True
C12127,ACC-01769,9734.48,2026-08-26 07:00:00,True
C12128,ACC-01545,12505.86,2026-08-13 16:00:00,True
C12129,ACC-07352,5381.94,2026-08-16 09:00:00,True
C12130,ACC-07450,73759.27,2026-09-09 17:00:00,True
C12131,ACC-06970,6692.14,2026-08-30 14:00:00,True
C12132,ACC-06603,86888.45,2026-08-22 13:00:00,True
C12133,ACC-07359,14302.73,2026-09-07 18:00:00,True
C12134,ACC-03745,14180.11,2026-09-08 09:00:00,True
C12135,ACC-00968,5864.18,2026-09-04 13:00:00,True
C12136,ACC-00680,11266.25,2026-08-30 18:00:00,True
C12137,ACC-00594,34240.32,2026-09-10 07:00:00,True
C12138,ACC-01586,8155.41,2026-09-05 18:00:00,True
C12139,ACC-05130,99500.45,2026-09-03 06:00:00,True
C12140,ACC-07342,11460.08,2026-08-28 01:00:00,True
C12141,ACC-03166,7074.47,2026-08-20 03:00:00,True
C12142,ACC-07494,10516.11,2026-08-18 20:00:00,True
C12143,ACC-02765,72664.38,2026-08-18 04:00:00,True
C12144,ACC-06510,12012.88,2026-09-09 02:00:00,True
C12145,ACC-02652,13693.29,2026-08-21 01:00:00,True
C12146,ACC-07233,9214.08,2026-09-10 07:00:00,True
C12147,ACC-06546,11478.81,2026-08-31 02:00:00,True
C12148,ACC-03263,14131.49,2026-09-07 07:00:00,True
C12149,ACC-06831,9668.41,2026-09-01 07:00:00,True
C12150,ACC-01470,9390.09,2026-09-05 12:00:00,True
C12151,ACC-05210,10935.75,2026-08-21 22:00:00,True
C12152,ACC-01685,12309.55,2026-08-18 23:00:00,True
C12153,ACC-03019,97794.22,2026-08-26 05:00:00,True
C12154,ACC-03795,6298.91,2026-08-17 08:00:00,True
C12155,ACC-07244,14703.25,2026-08-31 11:00:00,True
C12156,ACC-00248,13014.9,2026-09-01 08:00:00,True
C12157,ACC-05443,6653.42,2026-08-27 00:00:00,True
C12158,ACC-03996,6474.91,2026-09-09 15:00:00,True
C12159,ACC-07460,8075.27,2026-09-05 03:00:00,True
C12160,ACC-05552,81044.49,2026-09-05 05:00:00,True
C12161,ACC-01938,6285.02,2026-09-07 00:00:00,True
C12162,ACC-05626,8998.84,2026-08-17 08:00:00,True
C12163,ACC-06898,96681.02,2026-08-31 03:00:00,True
C12164,ACC-02544,6635.43,2026-08-28 07:00:00,True
C12165,ACC-00628,20927.09,2026-08-19 20:00:00,True
C12166,ACC-04937,76605.18,2026-08-20 15:00:00,True
C12167,ACC-02526,10148.96,2026-09-02 06:00:00,True
C12168,ACC-01008,13722.05,2026-08-21 13:00:00,True
C12169,ACC-01179,9647.63,2026-08-28 11:00:00,True
C12170,ACC-00977,13678.97,2026-09-09 09:00:00,True
C12171,ACC-03210,5500.74,2026-08-27 01:00:00,True
C12172,ACC-06923,8692.96,2026-08-21 15:00:00,True
C12173,ACC-05270,11749.96,2026-08-28 02:00:00,True
C12174,ACC-01180,10427.48,2026-08-17 12:00:00,True
C12175,ACC-07859,8568.85,2026-09-05 03:00:00,True
C12176,ACC-02191,8246.33,2026-09-09 22:00:00,True
C12177,ACC-01360,10957.79,2026-08-21 11:00:00,True
C12178,ACC-07382,5366.12,2026-08-29 13:00:00,True
C12179,ACC-04205,7486.27,2026-08-18 00:00:00,True
C12180,ACC-06807,5945.73,2026-09-07 19:00:00,True
C12181,ACC-05286,11329.2,2026-08-18 08:00:00,True
C12182,ACC-06052,8453.86,2026-08-28 04:00:00,True
C12183,ACC-07871,11172.41,2026-08-26 14:00:00,True
C12184,ACC-02350,13204.86,2026-08-14 13:00:00,True
C12185,ACC-02021,5406.41,2026-08-22 22:00:00,True
C12186,ACC-05354,79414.79,2026-08-31 01:00:00,True
C12187,ACC-01502,14651.6,2026-09-07 23:00:00,True
C12188,ACC-03321,10708.95,2026-08-16 06:00:00,True
C12189,ACC-01301,10140.4,2026-08-31 17:00:00,True
C12190,ACC-05359,11942.57,2026-08-14 05:00:00,True
C12191,ACC-03639,10733.36,2026-09-09 01:00:00,True
C12192,ACC-03734,7747.87,2026-09-03 23:00:00,True
C12193,ACC-00392,7768.54,2026-08-19 07:00:00,True
C12194,ACC-03759,11046.23,2026-08-20 11:00:00,True
C12195,ACC-06246,7849.13,2026-09-04 15:00:00,True
C12196,ACC-02733,58048.23,2026-09-09 23:00:00,True
C12197,ACC-07064,8429.51,2026-08-24 12:00:00,True
C12198,ACC-01882,13226.29,2026-08-31 01:00:00,True
C12199,ACC-02855,13543.56,2026-09-05 22:00:00,True
C12200,ACC-00831,10322.4,2026-08-26 06:00:00,True
C12201,ACC-04440,8900.61,2026-09-04 15:00:00,True
C12202,ACC-04186,11606.98,2026-08-29 11:00:00,True
C12203,ACC-01531,11313.84,2026-08-23 10:00:00,True
C12204,ACC-07038,53231.44,2026-08-24 01:00:00,True
C12205,ACC-00483,12513.88,2026-08-17 12:00:00,True
C12206,ACC-05126,12440.52,2026-08-31 19:00:00,True
C12207,ACC-07431,14211.76,2026-09-03 00:00:00,True
C12208,ACC-06227,11071.22,2026-09-06 00:00:00,True
C12209,ACC-04511,5969.8,2026-08-14 09:00:00,True
C12210,ACC-03771,73138.77,2026-09-04 06:00:00,True
C12211,ACC-05016,12617.53,2026-08-19 16:00:00,True
C12212,ACC-00480,10356.27,2026-08-30 20:00:00,True
C12213,ACC-04355,13590.57,2026-08-29 05:00:00,True
C12214,ACC-03569,7862.83,2026-08-25 22:00:00,True
C12215,ACC-06468,14239.11,2026-08-27 07:00:00,True
C12216,ACC-04468,7884.08,2026-09-05 00:00:00,True
C12217,ACC-01497,12629.35,2026-08-24 02:00:00,True
C12218,ACC-07688,11833.52,2026-08-21 07:00:00,True
C12219,ACC-00769,10801.58,2026-09-07 00:00:00,True
C12220,ACC-05557,9102.94,2026-08-27 23:00:00,True
C12221,ACC-05824,74693.69,2026-08-21 12:00:00,True
C12222,ACC-05296,12967.54,2026-08-27 05:00:00,True
C12223,ACC-03366,55203.66,2026-08-26 20:00:00,True
C12224,ACC-03227,6036.23,2026-08-16 09:00:00,True
C12225,ACC-01474,12579.4,2026-08-14 04:00:00,True
C12226,ACC-03148,12219.94,2026-08-23 09:00:00,True
C12227,ACC-01611,11565.37,2026-08-29 23:00:00,True
C12228,ACC-01933,12955.53,2026-09-06 05:00:00,True
C12229,ACC-05439,5971.26,2026-09-04 04:00:00,True
C12230,ACC-00250,5740.7,2026-08-20 14:00:00,True
C12231,ACC-00412,12525.02,2026-08-18 21:00:00,True
C12232,ACC-07185,8424.43,2026-08-17 04:00:00,True
C12233,ACC-02603,8306.61,2026-08-18 22:00:00,True
C12234,ACC-04895,7579.22,2026-08-26 14:00:00,True
C12235,ACC-06932,5357.45,2026-09-01 17:00:00,True
C12236,ACC-06162,10217.79,2026-09-06 08:00:00,True
C12237,ACC-03979,13801.71,2026-09-10 05:00:00,True
C12238,ACC-04316,12138.03,2026-08-23 01:00:00,True
C12239,ACC-03102,6583.02,2026-08-31 14:00:00,True
C12240,ACC-06975,9752.85,2026-08-21 03:00:00,True
C12241,ACC-03279,7948.8,2026-08-26 15:00:00,True
C12242,ACC-01923,6285.53,2026-08-17 14:00:00,True
C12243,ACC-03299,13591.48,2026-08-22 03:00:00,True
C12244,ACC-00050,7279.18,2026-09-01 16:00:00,True
C12245,ACC-00541,10832.3,2026-08-14 06:00:00,True
C12246,ACC-07762,5120.67,2026-09-05 18:00:00,True
C12247,ACC-06224,10085.92,2026-08-29 13:00:00,True
C12248,ACC-02527,9058.45,2026-08-13 20:00:00,True
C12249,ACC-07117,14724.03,2026-08-22 07:00:00,True
C12250,ACC-02554,10871.35,2026-08-21 08:00:00,True
C12251,ACC-07612,10233.37,2026-08-25 02:00:00,True
C12252,ACC-05561,11483.77,2026-08-28 21:00:00,True
C12253,ACC-04384,9820.52,2026-08-13 20:00:00,True
C12254,ACC-03118,5142.33,2026-08-26 00:00:00,True
C12255,ACC-05385,7248.25,2026-09-08 02:00:00,True
C12256,ACC-02984,6500.89,2026-09-04 05:00:00,True
C12257,ACC-02958,12892.74,2026-08-21 13:00:00,True
C12258,ACC-04621,8565.01,2026-08-21 06:00:00,True
C12259,ACC-07528,14127.03,2026-08-26 18:00:00,True
C12260,ACC-07752,13457.46,2026-09-09 13:00:00,True
C12261,ACC-03142,13981.35,2026-08-15 20:00:00,True
C12262,ACC-03028,8635.6,2026-08-18 06:00:00,True
C12263,ACC-06539,39515.25,2026-09-09 00:00:00,True
C12264,ACC-00234,40139.82,2026-08-16 18:00:00,True
C12265,ACC-04554,7707.43,2026-08-27 17:00:00,True
C12266,ACC-01596,8286.39,2026-08-21 07:00:00,True
C12267,ACC-05463,80835.02,2026-08-25 20:00:00,True
C12268,ACC-07748,5945.68,2026-08-20 03:00:00,True
C12269,ACC-03062,68809.86,2026-08-13 22:00:00,True
C12270,ACC-02938,14567.07,2026-09-05 02:00:00,True
C12271,ACC-05000,10952.3,2026-08-25 16:00:00,True
C12272,ACC-06832,7693.83,2026-08-27 13:00:00,True
C12273,ACC-03371,14343.3,2026-09-01 21:00:00,True
C12274,ACC-00092,8707.91,2026-08-15 03:00:00,True
C12275,ACC-03505,12267.1,2026-09-01 02:00:00,True
C12276,ACC-05127,8153.47,2026-08-14 13:00:00,True
C12277,ACC-03286,10632.86,2026-08-31 23:00:00,True
C12278,ACC-05991,5056.73,2026-08-16 23:00:00,True
C12279,ACC-01268,14686.8,2026-08-29 11:00:00,True
C12280,ACC-06846,13053.71,2026-08-29 16:00:00,True
C12281,ACC-05216,5194.8,2026-08-27 04:00:00,True
C12282,ACC-03653,7086.09,2026-08-19 06:00:00,True
C12283,ACC-03230,95736.65,2026-08-19 04:00:00,True
C12284,ACC-01485,8900.63,2026-08-16 15:00:00,True
C12285,ACC-04497,7498.46,2026-08-18 21:00:00,True
C12286,ACC-03354,85384.8,2026-08-21 18:00:00,True
C12287,ACC-04747,6404.68,2026-08-19 12:00:00,True
C12288,ACC-06025,13707.25,2026-08-17 10:00:00,True
C12289,ACC-00879,12390.58,2026-08-18 14:00:00,True
C12290,ACC-06360,14051.03,2026-08-14 01:00:00,True
C12291,ACC-06609,13845.85,2026-08-26 13:00:00,True
C12292,ACC-07953,9683.26,2026-09-05 02:00:00,True
C12293,ACC-00526,8330.12,2026-08-27 01:00:00,True
C12294,ACC-00195,46700.21,2026-08-19 14:00:00,True
C12295,ACC-04303,5755.53,2026-09-07 13:00:00,True
C12296,ACC-07906,12805.88,2026-09-07 19:00:00,True
C12297,ACC-00803,12985.91,2026-08-24 07:00:00,True
C12298,ACC-07882,10739.25,2026-08-14 10:00:00,True
C12299,ACC-01309,11501.74,2026-08-26 17:00:00,True
C12300,ACC-00610,12671.15,2026-09-04 10:00:00,True
C12301,ACC-01460,9657.15,2026-08-28 04:00:00,True
C12302,ACC-05225,11504.44,2026-08-18 08:00:00,True
C12303,ACC-02643,11478.4,2026-09-08 07:00:00,True
C12304,ACC-06372,10277.14,2026-08-30 22:00:00,True
C12305,ACC-01481,13202.09,2026-08-18 13:00:00,True
C12306,ACC-03005,9014.66,2026-08-28 12:00:00,True
C12307,ACC-01783,45226.9,2026-09-01 12:00:00,True
C12308,ACC-03027,7088.07,2026-09-02 15:00:00,True
C12309,ACC-00817,9242.84,2026-09-01 07:00:00,True
C12310,ACC-02840,14363.02,2026-09-02 05:00:00,True
C12311,ACC-03791,5272.96,2026-09-04 01:00:00,True
C12312,ACC-01986,45350.37,2026-08-27 09:00:00,True
C12313,ACC-03867,14851.52,2026-09-04 06:00:00,True
C12314,ACC-04911,8598.58,2026-08-15 20:00:00,True
C12315,ACC-06327,6119.92,2026-09-01 20:00:00,True
C12316,ACC-05954,5072.56,2026-08-27 12:00:00,True
C12317,ACC-04479,9003.08,2026-08-15 23:00:00,True
C12318,ACC-02612,8546.81,2026-08-14 09:00:00,True
C12319,ACC-01015,9341.49,2026-09-01 10:00:00,True
C12320,ACC-05861,8006.94,2026-08-13 16:00:00,True
C12321,ACC-06009,11504.33,2026-08-19 10:00:00,True
C12322,ACC-00524,13759.42,2026-08-16 00:00:00,True
C12323,ACC-00892,12296.29,2026-09-10 04:00:00,True
C12324,ACC-04749,53539.13,2026-08-31 11:00:00,True
C12325,ACC-01285,14653.0,2026-09-04 20:00:00,True
C12326,ACC-03897,6816.15,2026-08-17 15:00:00,True
C12327,ACC-00375,5299.8,2026-09-07 07:00:00,True
C12328,ACC-01691,9036.54,2026-09-04 03:00:00,True
C12329,ACC-02105,72509.94,2026-08-30 04:00:00,True
C12330,ACC-07279,11684.32,2026-08-29 17:00:00,True
C12331,ACC-01696,49981.66,2026-09-06 21:00:00,True
C12332,ACC-04476,12364.1,2026-09-05 18:00:00,True
C12333,ACC-02143,12479.36,2026-08-14 11:00:00,True
C12334,ACC-06637,11318.8,2026-08-16 00:00:00,True
C12335,ACC-02929,41024.37,2026-08-16 06:00:00,True
C12336,ACC-04551,30098.25,2026-08-27 09:00:00,True
C12337,ACC-00354,87201.03,2026-09-02 22:00:00,True
C12338,ACC-01725,6986.77,2026-09-03 12:00:00,True
C12339,ACC-07236,10255.75,2026-08-18 01:00:00,True
C12340,ACC-07725,10628.83,2026-08-17 08:00:00,True
C12341,ACC-03425,5469.95,2026-08-24 20:00:00,True
C12342,ACC-06238,10394.57,2026-08-24 01:00:00,True
C12343,ACC-06408,6667.53,2026-08-18 20:00:00,True
C12344,ACC-00098,32755.44,2026-09-05 09:00:00,True
C12345,ACC-03402,10914.16,2026-08-28 00:00:00,True
C12346,ACC-01393,5705.32,2026-09-03 01:00:00,True
C12347,ACC-00951,13926.39,2026-09-02 08:00:00,True
C12348,ACC-06647,12396.55,2026-09-06 13:00:00,True
C12349,ACC-02221,7058.31,2026-08-20 08:00:00,True
C12350,ACC-02165,7754.7,2026-09-05 15:00:00,True
C12351,ACC-03576,11367.57,2026-08-31 12:00:00,True
C12352,ACC-01019,10242.41,2026-08-25 03:00:00,True
C12353,ACC-04680,10984.46,2026-08-16 16:00:00,True
C12354,ACC-02928,9382.72,2026-09-02 15:00:00,True
C12355,ACC-04274,10412.59,2026-08-15 09:00:00,True
C12356,ACC-06018,27085.84,2026-08-21 22:00:00,True
C12357,ACC-04667,14597.34,2026-08-17 17:00:00,True
C12358,ACC-07734,7412.93,2026-08-14 01:00:00,True
C12359,ACC-05029,9945.32,2026-08-13 15:00:00,True
C12360,ACC-04781,86992.96,2026-08-18 23:00:00,True
C12361,ACC-05764,10189.67,2026-08-28 17:00:00,True
C12362,ACC-06200,5421.01,2026-08-20 00:00:00,True
C12363,ACC-07660,13382.06,2026-09-06 18:00:00,True
C12364,ACC-02049,10756.26,2026-08-21 09:00:00,True
C12365,ACC-01573,8607.01,2026-09-07 05:00:00,True
C12366,ACC-04324,14037.9,2026-08-19 14:00:00,True
C12367,ACC-03511,12182.89,2026-08-28 00:00:00,True
C12368,ACC-07625,11470.88,2026-09-09 01:00:00,True
C12369,ACC-02116,10733.45,2026-08-26 22:00:00,True
C12370,ACC-02585,32847.37,2026-08-25 11:00:00,True
C12371,ACC-07519,11482.87,2026-08-23 19:00:00,True
C12372,ACC-06137,12533.19,2026-08-18 00:00:00,True
C12373,ACC-03097,13447.2,2026-08-17 07:00:00,True
C12374,ACC-07990,8337.63,2026-08-14 10:00:00,True
C12375,ACC-06764,45820.78,2026-08-21 19:00:00,True
C12376,ACC-00026,10818.47,2026-09-07 06:00:00,True
C12377,ACC-06916,37957.49,2026-08-24 14:00:00,True
C12378,ACC-07253,7453.52,2026-08-19 05:00:00,True
C12379,ACC-07415,11478.95,2026-09-02 22:00:00,True
C12380,ACC-03201,5124.18,2026-09-04 08:00:00,True
C12381,ACC-02595,13575.31,2026-09-03 12:00:00,True
C12382,ACC-01554,9145.26,2026-08-25 22:00:00,True
C12383,ACC-06594,6922.39,2026-08-23 18:00:00,True
C12384,ACC-07334,10808.96,2026-09-04 20:00:00,True
C12385,ACC-07171,13886.04,2026-08-20 18:00:00,True
C12386,ACC-07584,7614.92,2026-08-28 13:00:00,True
C12387,ACC-07720,77405.16,2026-08-16 01:00:00,True
C12388,ACC-01813,31830.41,2026-08-20 19:00:00,True
C12389,ACC-02327,5654.13,2026-08-20 01:00:00,True
C12390,ACC-03328,10697.54,2026-08-18 04:00:00,True
C12391,ACC-02193,12136.12,2026-08-18 12:00:00,True
C12392,ACC-06861,12042.18,2026-08-25 23:00:00,True
C12393,ACC-07073,7152.04,2026-09-06 00:00:00,True
C12394,ACC-06428,22359.0,2026-08-27 03:00:00,True
C12395,ACC-04126,6195.0,2026-08-25 13:00:00,True
C12396,ACC-00296,14461.47,2026-09-08 09:00:00,True
C12397,ACC-02176,14490.3,2026-08-22 14:00:00,True
C12398,ACC-00784,8812.91,2026-08-28 23:00:00,True
C12399,ACC-05113,27639.23,2026-08-26 08:00:00,True
C12400,ACC-00404,5125.78,2026-09-09 20:00:00,True
C12401,ACC-02495,8062.64,2026-08-31 00:00:00,True
C12402,ACC-03943,34433.34,2026-08-15 18:00:00,True
C12403,ACC-06745,39156.11,2026-08-25 07:00:00,True
C12404,ACC-04063,6883.4,2026-08-14 21:00:00,True
C12405,ACC-01205,8583.21,2026-08-29 11:00:00,True
C12406,ACC-05577,12076.37,2026-08-25 15:00:00,True
C12407,ACC-01121,5987.8,2026-08-14 18:00:00,True
C12408,ACC-00218,11635.13,2026-08-25 10:00:00,True
C12409,ACC-07684,10629.97,2026-08-30 20:00:00,True
C12410,ACC-02990,10216.73,2026-08-18 19:00:00,True
C12411,ACC-03410,11431.99,2026-08-16 19:00:00,True
C12412,ACC-06285,6354.76,2026-09-01 02:00:00,True
C12413,ACC-01708,7929.59,2026-08-17 06:00:00,True
C12414,ACC-00909,9042.38,2026-08-20 23:00:00,True
C12415,ACC-06396,9904.65,2026-08-29 10:00:00,True
C12416,ACC-04075,8215.14,2026-08-26 09:00:00,True
C12417,ACC-03170,8888.09,2026-08-25 17:00:00,True
C12418,ACC-01653,12708.43,2026-08-26 03:00:00,True
C12419,ACC-00051,10275.5,2026-08-19 11:00:00,True
C12420,ACC-01842,14467.8,2026-09-09 06:00:00,True
C12421,ACC-00464,12478.51,2026-08-31 18:00:00,True
C12422,ACC-03585,75934.65,2026-08-22 19:00:00,True
C12423,ACC-02396,9572.34,2026-09-04 09:00:00,True
C12424,ACC-07904,12124.11,2026-09-05 05:00:00,True
C12425,ACC-06790,7036.08,2026-09-07 14:00:00,True
C12426,ACC-04145,11404.21,2026-09-03 18:00:00,True
C12427,ACC-06447,14220.86,2026-09-10 11:00:00,True
C12428,ACC-02052,69741.1,2026-09-03 14:00:00,True
C12429,ACC-00787,11803.96,2026-09-01 23:00:00,True
C12430,ACC-04641,8097.39,2026-08-18 16:00:00,True
C12431,ACC-05217,14137.36,2026-08-20 13:00:00,True
C12432,ACC-06602,5102.27,2026-08-27 14:00:00,True
C12433,ACC-00419,8771.32,2026-08-14 23:00:00,True
C12434,ACC-01560,13167.25,2026-08-15 06:00:00,True
C12435,ACC-04371,11001.3,2026-08-26 04:00:00,True
C12436,ACC-05992,64380.0,2026-08-20 14:00:00,True
C12437,ACC-05797,6271.15,2026-08-26 06:00:00,True
C12438,ACC-04094,9788.2,2026-09-08 21:00:00,True
C12439,ACC-03035,5380.31,2026-09-07 05:00:00,True
C12440,ACC-04633,5836.08,2026-08-29 07:00:00,True
C12441,ACC-02582,7417.52,2026-08-19 10:00:00,True
C12442,ACC-04664,9381.09,2026-08-22 01:00:00,True
C12443,ACC-07545,10970.01,2026-09-05 22:00:00,True
C12444,ACC-07290,14336.16,2026-09-08 15:00:00,True
C12445,ACC-07942,12685.49,2026-08-17 06:00:00,True
C12446,ACC-07549,5437.58,2026-08-18 02:00:00,True
C12447,ACC-03592,8413.47,2026-09-10 08:00:00,True
C12448,ACC-06489,45404.28,2026-09-02 07:00:00,True
C12449,ACC-04774,85096.49,2026-09-06 15:00:00,True
C12450,ACC-05964,6196.42,2026-08-16 18:00:00,True
C12451,ACC-07854,5351.95,2026-09-02 16:00:00,True
C12452,ACC-00472,99038.2,2026-08-24 10:00:00,True
C12453,ACC-01182,56794.57,2026-08-26 21:00:00,True
C12454,ACC-06682,13516.84,2026-08-18 19:00:00,True
C12455,ACC-03843,44025.62,2026-08-29 08:00:00,True
C12456,ACC-05446,9121.18,2026-08-14 17:00:00,True
C12457,ACC-04050,8376.83,2026-09-04 06:00:00,True
C12458,ACC-01816,8842.91,2026-09-04 15:00:00,True
C12459,ACC-04527,6803.15,2026-08-24 23:00:00,True
C12460,ACC-06422,11939.7,2026-08-27 12:00:00,True
C12461,ACC-00329,11669.94,2026-08-28 18:00:00,True
C12462,ACC-05580,11806.3,2026-09-01 13:00:00,True
C12463,ACC-06949,86260.36,2026-08-17 08:00:00,True
C12464,ACC-05475,12036.03,2026-08-26 02:00:00,True
C12465,ACC-05985,6014.99,2026-09-01 03:00:00,True
C12466,ACC-05100,14008.17,2026-08-24 07:00:00,True
C12467,ACC-03146,9151.86,2026-09-06 07:00:00,True
C12468,ACC-05749,55786.67,2026-08-23 17:00:00,True
C12469,ACC-02255,14466.04,2026-09-09 21:00:00,True
C12470,ACC-06217,13856.04,2026-08-23 01:00:00,True
C12471,ACC-01814,5688.9,2026-09-08 01:00:00,True
C12472,ACC-02323,8001.05,2026-09-05 17:00:00,True
C12473,ACC-05460,6109.72,2026-08-29 08:00:00,True
C12474,ACC-02815,6971.32,2026-08-15 15:00:00,True
C12475,ACC-04906,41049.07,2026-08-21 02:00:00,True
C12476,ACC-04058,35971.39,2026-08-28 02:00:00,True
C12477,ACC-06775,91665.53,2026-08-26 00:00:00,True
C12478,ACC-04268,69396.85,2026-09-10 08:00:00,True
C12479,ACC-01132,11261.26,2026-09-05 18:00:00,True
C12480,ACC-05324,11310.03,2026-08-13 22:00:00,True
C12481,ACC-01964,6058.33,2026-08-30 15:00:00,True
C12482,ACC-00797,12041.48,2026-09-07 11:00:00,True
C12483,ACC-03678,14265.62,2026-09-03 13:00:00,True
C12484,ACC-02712,78525.18,2026-09-05 10:00:00,True
C12485,ACC-05597,9425.16,2026-08-23 11:00:00,True
C12486,ACC-03893,5795.58,2026-08-25 12:00:00,True
C12487,ACC-07164,37460.66,2026-09-04 04:00:00,True
C12488,ACC-02237,12354.43,2026-09-02 01:00:00,True
C12489,ACC-03115,11548.42,2026-08-25 12:00:00,True
C12490,ACC-00147,7814.49,2026-08-20 04:00:00,True
C12491,ACC-03492,5616.2,2026-09-05 10:00:00,True
C12492,ACC-01662,78171.91,2026-08-26 01:00:00,True
C12493,ACC-01932,8581.13,2026-08-30 22:00:00,True
C12494,ACC-07481,8704.43,2026-08-15 21:00:00,True
C12495,ACC-03879,8134.75,2026-08-31 21:00:00,True
C12496,ACC-04305,7281.12,2026-08-18 06:00:00,True
C12497,ACC-02477,11908.65,2026-09-05 11:00:00,True
C12498,ACC-07115,13799.75,2026-08-27 22:00:00,True
C12499,ACC-07447,9636.24,2026-08-31 00:00:00,True
C12500,ACC-05229,6526.85,2026-08-26 22:00:00,True
C12501,ACC-03206,9195.97,2026-08-18 00:00:00,True
C12502,ACC-07223,77898.34,2026-09-10 08:00:00,True
C12503,ACC-00096,14473.31,2026-08-27 23:00:00,True
C12504,ACC-03502,14691.0,2026-09-04 21:00:00,True
C12505,ACC-04699,14614.39,2026-09-09 01:00:00,True
C12506,ACC-02018,12060.24,2026-09-08 02:00:00,True
C12507,ACC-01853,6414.78,2026-08-22 03:00:00,True
C12508,ACC-01931,13036.22,2026-08-24 21:00:00,True
C12509,ACC-01194,5129.68,2026-08-27 21:00:00,True
C12510,ACC-05017,39688.79,2026-08-31 16:00:00,True
C12511,ACC-07134,7334.38,2026-08-30 14:00:00,True
C12512,ACC-05526,11338.71,2026-08-14 02:00:00,True
C12513,ACC-06435,10549.96,2026-08-26 04:00:00,True
C12514,ACC-05902,11983.3,2026-08-23 02:00:00,True
C12515,ACC-02341,12815.95,2026-09-06 02:00:00,True
C12516,ACC-02569,12081.05,2026-08-23 05:00:00,True
C12517,ACC-04649,83302.53,2026-08-22 05:00:00,True
C12518,ACC-06187,6430.83,2026-09-01 14:00:00,True
C12519,ACC-02212,9737.47,2026-08-14 11:00:00,True
C12520,ACC-00703,5030.53,2026-09-02 16:00:00,True
C12521,ACC-05726,71519.06,2026-08-29 17:00:00,True
C12522,ACC-05817,8686.32,2026-08-28 10:00:00,True
C12523,ACC-03280,9466.85,2026-08-17 08:00:00,True
C12524,ACC-02455,6569.78,2026-08-28 19:00:00,True
C12525,ACC-01445,6077.45,2026-08-27 02:00:00,True
C12526,ACC-07791,7759.49,2026-09-01 22:00:00,True
C12527,ACC-02444,9533.33,2026-08-18 17:00:00,True
C12528,ACC-03433,6285.36,2026-09-04 18:00:00,True
C12529,ACC-00162,5524.23,2026-09-10 09:00:00,True
C12530,ACC-06050,48825.35,2026-08-30 19:00:00,True
C12531,ACC-02740,5811.59,2026-08-30 02:00:00,True
C12532,ACC-03090,9924.56,2026-08-31 10:00:00,True
C12533,ACC-03216,81242.93,2026-08-24 11:00:00,True
C12534,ACC-04280,11696.42,2026-08-26 12:00:00,True
C12535,ACC-03396,10500.31,2026-08-18 23:00:00,True
C12536,ACC-02465,10896.69,2026-09-09 06:00:00,True
C12537,ACC-04415,10827.39,2026-09-04 05:00:00,True
C12538,ACC-05808,12018.24,2026-09-10 01:00:00,True
C12539,ACC-02545,10091.49,2026-08-23 01:00:00,True
C12540,ACC-07221,23332.81,2026-08-15 07:00:00,True
C12541,ACC-06804,12428.13,2026-08-16 09:00:00,True
C12542,ACC-04847,7001.43,2026-08-14 06:00:00,True
C12543,ACC-05747,56630.75,2026-08-22 13:00:00,True
C12544,ACC-01702,12538.59,2026-08-28 17:00:00,True
C12545,ACC-03985,10608.3,2026-08-25 21:00:00,True
C12546,ACC-06289,13573.59,2026-08-31 15:00:00,True
C12547,ACC-02328,11163.7,2026-09-03 10:00:00,True
C12548,ACC-07298,29006.94,2026-09-10 12:00:00,True
C12549,ACC-05103,9552.45,2026-08-18 05:00:00,True
C12550,ACC-02144,35045.59,2026-08-22 14:00:00,True
C12551,ACC-03225,13103.54,2026-08-18 22:00:00,True
C12552,ACC-04525,13735.21,2026-08-21 11:00:00,True
C12553,ACC-01655,10589.44,2026-08-14 23:00:00,True
C12554,ACC-05082,12919.64,2026-08-18 21:00:00,True
C12555,ACC-06308,5472.95,2026-08-18 13:00:00,True
C12556,ACC-02642,63136.94,2026-08-30 10:00:00,True
C12557,ACC-01324,13897.41,2026-08-20 07:00:00,True
C12558,ACC-06687,85548.87,2026-08-30 20:00:00,True
C12559,ACC-03283,35280.53,2026-09-02 18:00:00,True
C12560,ACC-05880,67466.9,2026-09-10 12:00:00,True
C12561,ACC-07873,14770.13,2026-08-19 21:00:00,True
C12562,ACC-00777,39631.16,2026-08-26 02:00:00,True
C12563,ACC-07939,11312.99,2026-08-14 14:00:00,True
C12564,ACC-07561,8798.51,2026-09-06 22:00:00,True
C12565,ACC-06058,11036.09,2026-08-31 05:00:00,True
C12566,ACC-04609,59287.92,2026-08-26 11:00:00,True
C12567,ACC-07856,13535.55,2026-08-27 03:00:00,True
C12568,ACC-05839,11011.2,2026-09-09 03:00:00,True
C12569,ACC-04999,11868.07,2026-08-28 09:00:00,True
C12570,ACC-02087,6991.23,2026-08-15 10:00:00,True
C12571,ACC-07172,5056.92,2026-08-26 05:00:00,True
C12572,ACC-01039,13068.03,2026-08-16 13:00:00,True
C12573,ACC-07984,5438.75,2026-09-05 00:00:00,True
C12574,ACC-03682,8400.7,2026-09-05 05:00:00,True
C12575,ACC-06901,13455.38,2026-08-19 18:00:00,True
C12576,ACC-07641,9446.66,2026-09-02 14:00:00,True
C12577,ACC-07665,28506.25,2026-08-19 09:00:00,True
C12578,ACC-01649,7789.02,2026-08-26 11:00:00,True
C12579,ACC-02741,9222.55,2026-08-23 14:00:00,True
C12580,ACC-02438,7627.76,2026-09-08 10:00:00,True
C12581,ACC-05700,9746.26,2026-08-20 01:00:00,True
C12582,ACC-05018,14066.16,2026-08-25 05:00:00,True
C12583,ACC-01227,5241.09,2026-09-06 09:00:00,True
C12584,ACC-04745,6867.91,2026-09-07 18:00:00,True
C12585,ACC-01678,11598.62,2026-09-03 22:00:00,True
C12586,ACC-00780,10573.68,2026-08-24 01:00:00,True
C12587,ACC-03600,25673.48,2026-08-26 10:00:00,True
C12588,ACC-03780,13578.46,2026-08-20 08:00:00,True
C12589,ACC-02378,9776.88,2026-09-06 10:00:00,True
C12590,ACC-05618,6647.33,2026-09-07 18:00:00,True
C12591,ACC-05974,13397.71,2026-08-20 23:00:00,True
C12592,ACC-06382,13279.76,2026-08-30 05:00:00,True
C12593,ACC-02393,91332.04,2026-08-28 11:00:00,True
C12594,ACC-04971,5399.49,2026-09-05 16:00:00,True
C12595,ACC-02588,62619.13,2026-09-02 00:00:00,True
C12596,ACC-02233,5629.34,2026-08-21 16:00:00,True
C12597,ACC-04436,14341.61,2026-08-21 04:00:00,True
C12598,ACC-01092,10944.34,2026-08-14 03:00:00,True
C12599,ACC-01253,14268.2,2026-09-03 02:00:00,True
C12600,ACC-00816,10660.15,2026-08-31 05:00:00,True
C12601,ACC-05199,83842.45,2026-08-30 03:00:00,True
C12602,ACC-05247,6734.16,2026-08-22 20:00:00,True
C12603,ACC-03228,13761.46,2026-08-17 13:00:00,True
C12604,ACC-00305,7057.34,2026-08-21 05:00:00,True
C12605,ACC-04579,13303.89,2026-08-15 16:00:00,True
C12606,ACC-02039,13095.77,2026-09-04 16:00:00,True
C12607,ACC-01652,8916.3,2026-08-30 05:00:00,True
C12608,ACC-03549,14324.84,2026-08-19 04:00:00,True
C12609,ACC-06869,8413.99,2026-08-26 19:00:00,True
C12610,ACC-07010,5720.5,2026-09-01 17:00:00,True
C12611,ACC-05496,13131.15,2026-09-07 00:00:00,True
C12612,ACC-01854,5665.46,2026-08-29 12:00:00,True
C12613,ACC-01677,14278.06,2026-08-16 04:00:00,True
C12614,ACC-04354,69948.8,2026-08-26 19:00:00,True
C12615,ACC-07924,9298.03,2026-09-02 03:00:00,True
C12616,ACC-05206,11183.12,2026-09-03 05:00:00,True
C12617,ACC-06458,14278.52,2026-08-23 04:00:00,True
C12618,ACC-04340,87630.58,2026-08-30 05:00:00,True
C12619,ACC-02278,9595.07,2026-09-03 05:00:00,True
C12620,ACC-07418,14176.26,2026-09-05 07:00:00,True
C12621,ACC-05358,79133.15,2026-09-02 09:00:00,True
C12622,ACC-01419,43254.31,2026-08-28 17:00:00,True
C12623,ACC-05434,11004.36,2026-09-03 00:00:00,True
C12624,ACC-00718,38286.41,2026-08-26 12:00:00,True
C12625,ACC-01741,5923.77,2026-08-19 07:00:00,True
C12626,ACC-04240,44927.87,2026-08-18 19:00:00,True
C12627,ACC-07668,82324.75,2026-08-25 10:00:00,True
C12628,ACC-01452,32472.75,2026-08-24 01:00:00,True
C12629,ACC-03294,13616.88,2026-09-06 05:00:00,True
C12630,ACC-00470,10738.65,2026-08-15 01:00:00,True
C12631,ACC-02533,7457.89,2026-09-01 22:00:00,True
C12632,ACC-04994,6098.76,2026-09-04 14:00:00,True
C12633,ACC-04765,11401.36,2026-09-03 07:00:00,True
C12634,ACC-03961,5670.74,2026-08-17 11:00:00,True
C12635,ACC-01797,5005.73,2026-08-29 08:00:00,True
C12636,ACC-07534,12988.38,2026-08-26 20:00:00,True
C12637,ACC-00906,10503.16,2026-08-20 00:00:00,True
C12638,ACC-01166,13887.93,2026-08-18 00:00:00,True
C12639,ACC-07583,14432.85,2026-08-26 16:00:00,True
C12640,ACC-06425,10774.72,2026-08-29 17:00:00,True
C12641,ACC-00546,9051.99,2026-08-14 13:00:00,True
C12642,ACC-06303,14368.7,2026-09-01 20:00:00,True
C12643,ACC-07153,13579.27,2026-09-04 20:00:00,True
C12644,ACC-03906,7068.93,2026-09-06 11:00:00,True
C12645,ACC-01129,40233.6,2026-08-22 01:00:00,True
C12646,ACC-00516,93758.82,2026-08-28 22:00:00,True
C12647,ACC-07063,14921.0,2026-09-05 12:00:00,True
C12648,ACC-00536,50234.0,2026-09-05 13:00:00,True
C12649,ACC-04803,9398.61,2026-08-19 14:00:00,True
C12650,ACC-02980,7671.06,2026-08-17 16:00:00,True
C12651,ACC-04201,5931.9,2026-09-06 06:00:00,True
C12652,ACC-04241,59478.58,2026-08-29 04:00:00,True
C12653,ACC-04315,9596.06,2026-09-07 15:00:00,True
C12654,ACC-03512,12279.22,2026-08-30 17:00:00,True
C12655,ACC-06476,14556.68,2026-08-29 21:00:00,True
C12656,ACC-04922,10585.69,2026-09-01 18:00:00,True
C12657,ACC-07815,8306.0,2026-08-14 13:00:00,True
C12658,ACC-05398,10267.09,2026-08-20 02:00:00,True
C12659,ACC-00438,13353.59,2026-08-19 15:00:00,True
C12660,ACC-06824,11826.01,2026-08-22 20:00:00,True
C12661,ACC-06365,12782.96,2026-08-15 17:00:00,True
C12662,ACC-03967,13149.32,2026-09-03 05:00:00,True
C12663,ACC-05328,53011.6,2026-08-27 21:00:00,True
C12664,ACC-04281,10665.73,2026-08-28 23:00:00,True
C12665,ACC-03278,7424.94,2026-09-01 10:00:00,True
C12666,ACC-05237,14484.92,2026-08-21 21:00:00,True
C12667,ACC-05481,12749.66,2026-08-20 10:00:00,True
C12668,ACC-04317,9059.25,2026-09-08 23:00:00,True
C12669,ACC-05999,9142.23,2026-08-28 08:00:00,True
C12670,ACC-01134,14375.94,2026-09-10 02:00:00,True
C12671,ACC-06658,7356.82,2026-09-07 03:00:00,True
C12672,ACC-06897,10884.23,2026-08-26 00:00:00,True
C12673,ACC-03812,13494.5,2026-08-28 23:00:00,True
C12674,ACC-05052,11105.73,2026-09-01 05:00:00,True
C12675,ACC-04771,6591.92,2026-09-05 02:00:00,True
C12676,ACC-02372,8768.48,2026-08-30 18:00:00,True
C12677,ACC-07902,5820.95,2026-09-08 09:00:00,True
C12678,ACC-06293,98696.09,2026-08-15 13:00:00,True
C12679,ACC-04616,68518.69,2026-08-29 15:00:00,True
C12680,ACC-02403,5320.34,2026-08-19 03:00:00,True
C12681,ACC-00868,58527.74,2026-08-14 02:00:00,True
C12682,ACC-07858,53264.08,2026-08-28 09:00:00,True
C12683,ACC-05912,6481.68,2026-08-26 02:00:00,True
C12684,ACC-05155,10127.84,2026-09-06 05:00:00,True
C12685,ACC-01385,14073.07,2026-08-26 04:00:00,True
C12686,ACC-06659,9178.7,2026-08-18 07:00:00,True
C12687,ACC-05736,11315.38,2026-08-17 12:00:00,True
C12688,ACC-02553,13002.09,2026-08-19 02:00:00,True
C12689,ACC-06387,5027.37,2026-08-30 02:00:00,True
C12690,ACC-07003,7017.13,2026-08-25 20:00:00,True
C12691,ACC-04808,11803.56,2026-09-06 02:00:00,True
C12692,ACC-07474,12440.52,2026-08-13 13:00:00,True
C12693,ACC-02161,8906.9,2026-09-01 20:00:00,True
C12694,ACC-00917,11124.64,2026-08-24 18:00:00,True
C12695,ACC-03173,9349.38,2026-08-22 06:00:00,True
C12696,ACC-01793,9549.53,2026-08-18 11:00:00,True
C12697,ACC-07307,10471.23,2026-08-17 18:00:00,True
C12698,ACC-01208,5445.14,2026-08-23 22:00:00,True
C12699,ACC-06547,9073.36,2026-08-31 12:00:00,True
C12700,ACC-04981,9745.18,2026-08-21 10:00:00,True
C12701,ACC-02691,14141.05,2026-08-27 22:00:00,True
C12702,ACC-07096,7309.45,2026-08-21 18:00:00,True
C12703,ACC-01535,7229.0,2026-08-30 18:00:00,True
C12704,ACC-06302,13915.13,2026-09-02 03:00:00,True
C12705,ACC-03069,13167.36,2026-08-14 11:00:00,True
C12706,ACC-04925,7541.42,2026-08-19 18:00:00,True
C12707,ACC-00523,10307.43,2026-09-02 12:00:00,True
C12708,ACC-05710,14520.09,2026-09-09 05:00:00,True
C12709,ACC-00753,8969.8,2026-08-27 05:00:00,True
C12710,ACC-02122,14586.37,2026-08-28 11:00:00,True
C12711,ACC-07061,10352.58,2026-08-16 04:00:00,True
C12712,ACC-00974,5163.43,2026-08-23 23:00:00,True
C12713,ACC-03195,12946.3,2026-08-13 13:00:00,True
C12714,ACC-05879,33112.58,2026-08-21 03:00:00,True
C12715,ACC-05533,8094.92,2026-09-07 03:00:00,True
C12716,ACC-01818,10486.81,2026-08-23 14:00:00,True
C12717,ACC-05590,14828.14,2026-09-08 10:00:00,True
C12718,ACC-01990,29767.8,2026-08-14 09:00:00,True
C12719,ACC-07147,7783.01,2026-08-19 17:00:00,True
C12720,ACC-04482,12890.0,2026-09-08 01:00:00,True
C12721,ACC-06450,8878.81,2026-08-30 07:00:00,True
C12722,ACC-01521,35211.49,2026-09-03 19:00:00,True
C12723,ACC-03634,12734.63,2026-08-20 21:00:00,True
C12724,ACC-06048,5669.01,2026-08-17 14:00:00,True
C12725,ACC-02145,13345.11,2026-08-18 05:00:00,True
C12726,ACC-03486,10574.58,2026-08-16 21:00:00,True
C12727,ACC-01031,8222.14,2026-08-27 00:00:00,True
C12728,ACC-07698,13999.71,2026-08-30 06:00:00,True
C12729,ACC-05733,6880.81,2026-09-08 22:00:00,True
C12730,ACC-06406,5171.21,2026-08-23 01:00:00,True
C12731,ACC-00209,11487.17,2026-08-20 01:00:00,True
C12732,ACC-07129,13375.19,2026-08-27 13:00:00,True
C12733,ACC-01254,5852.25,2026-08-30 22:00:00,True
C12734,ACC-01193,10946.48,2026-08-15 09:00:00,True
C12735,ACC-05371,10928.86,2026-08-24 09:00:00,True
C12736,ACC-04117,10535.85,2026-08-25 21:00:00,True
C12737,ACC-05080,12615.84,2026-08-23 13:00:00,True
C12738,ACC-02888,13108.29,2026-09-06 17:00:00,True
C12739,ACC-03699,8170.67,2026-08-15 16:00:00,True
C12740,ACC-04650,27446.1,2026-08-31 19:00:00,True
C12741,ACC-07146,11029.06,2026-09-05 20:00:00,True
C12742,ACC-05050,8625.32,2026-08-14 09:00:00,True
C12743,ACC-01593,12679.99,2026-09-07 04:00:00,True
C12744,ACC-07784,6826.19,2026-08-31 09:00:00,True
C12745,ACC-04576,13003.72,2026-09-03 18:00:00,True
C12746,ACC-05586,7765.15,2026-09-03 11:00:00,True
C12747,ACC-07465,12548.41,2026-08-14 19:00:00,True
C12748,ACC-07541,13115.77,2026-08-14 10:00:00,True
C12749,ACC-02084,13703.0,2026-08-23 18:00:00,True
C12750,ACC-00390,14063.19,2026-08-24 03:00:00,True
C12751,ACC-03071,6004.36,2026-08-20 03:00:00,True
C12752,ACC-04319,8118.92,2026-08-29 11:00:00,True
C12753,ACC-00095,61838.01,2026-08-28 10:00:00,True
C12754,ACC-04876,40399.94,2026-09-01 18:00:00,True
C12755,ACC-04441,5014.53,2026-08-21 21:00:00,True
C12756,ACC-06311,10907.37,2026-09-07 00:00:00,True
C12757,ACC-07337,11913.0,2026-08-18 04:00:00,True
C12758,ACC-04974,13144.46,2026-08-23 07:00:00,True
C12759,ACC-02978,14671.74,2026-08-23 09:00:00,True
C12760,ACC-05763,12110.68,2026-09-03 08:00:00,True
C12761,ACC-01400,12448.8,2026-09-03 05:00:00,True
C12762,ACC-04727,11840.68,2026-08-18 10:00:00,True
C12763,ACC-04410,7765.49,2026-09-06 06:00:00,True
C12764,ACC-06247,5028.18,2026-09-06 18:00:00,True
C12765,ACC-07483,6107.74,2026-09-03 14:00:00,True
C12766,ACC-02163,9133.56,2026-08-19 12:00:00,True
C12767,ACC-04560,9470.75,2026-08-31 06:00:00,True
C12768,ACC-05415,11479.63,2026-09-05 13:00:00,True
C12769,ACC-04617,8251.12,2026-09-07 01:00:00,True
C12770,ACC-04543,11595.2,2026-08-28 00:00:00,True
C12771,ACC-02773,81010.67,2026-08-20 04:00:00,True
C12772,ACC-03617,9544.29,2026-09-07 18:00:00,True
C12773,ACC-02092,7243.16,2026-08-31 16:00:00,True
C12774,ACC-00621,13638.48,2026-09-03 14:00:00,True
C12775,ACC-05408,14635.08,2026-08-14 21:00:00,True
C12776,ACC-06096,9803.5,2026-09-02 07:00:00,True
C12777,ACC-01216,5171.46,2026-08-27 08:00:00,True
C12778,ACC-02102,9859.03,2026-09-02 16:00:00,True
C12779,ACC-04814,10096.98,2026-09-02 19:00:00,True
C12780,ACC-01993,7676.76,2026-09-06 09:00:00,True
C12781,ACC-07017,62393.55,2026-08-29 20:00:00,True
C12782,ACC-00310,9970.37,2026-09-04 16:00:00,True
C12783,ACC-03395,6490.96,2026-08-25 12:00:00,True
C12784,ACC-03705,12684.93,2026-09-10 02:00:00,True
C12785,ACC-05078,80714.12,2026-08-16 19:00:00,True
C12786,ACC-00447,9931.51,2026-08-24 02:00:00,True
C12787,ACC-02180,5164.31,2026-08-27 19:00:00,True
C12788,ACC-02211,10651.59,2026-09-08 09:00:00,True
C12789,ACC-01340,9107.35,2026-09-06 05:00:00,True
C12790,ACC-01729,9670.83,2026-09-09 06:00:00,True
C12791,ACC-06149,42432.87,2026-08-23 13:00:00,True
C12792,ACC-00995,13931.03,2026-08-22 22:00:00,True
C12793,ACC-03950,14235.67,2026-09-08 02:00:00,True
C12794,ACC-04593,5935.1,2026-08-22 09:00:00,True
C12795,ACC-00444,10368.91,2026-09-01 17:00:00,True
C12796,ACC-07579,5441.71,2026-08-21 05:00:00,True
C12797,ACC-04348,10410.75,2026-08-19 04:00:00,True
C12798,ACC-02885,12286.65,2026-08-19 14:00:00,True
C12799,ACC-06201,13170.65,2026-08-14 21:00:00,True
C12800,ACC-06394,13874.68,2026-09-03 23:00:00,True
C12801,ACC-00668,30761.2,2026-09-07 10:00:00,True
C12802,ACC-07828,14122.41,2026-09-06 13:00:00,True
C12803,ACC-01491,99777.41,2026-09-04 01:00:00,True
C12804,ACC-06996,10672.94,2026-08-23 15:00:00,True
C12805,ACC-02935,6721.35,2026-08-26 23:00:00,True
C12806,ACC-03245,29053.19,2026-08-14 22:00:00,True
C12807,ACC-01998,14093.33,2026-08-26 00:00:00,True
C12808,ACC-02249,12376.12,2026-08-22 14:00:00,True
C12809,ACC-03650,10179.54,2026-09-06 11:00:00,True
C12810,ACC-02080,12989.43,2026-08-24 05:00:00,True
C12811,ACC-02908,10084.16,2026-09-03 11:00:00,True
C12812,ACC-05325,13844.21,2026-08-21 19:00:00,True
C12813,ACC-01010,10522.77,2026-09-02 19:00:00,True
C12814,ACC-07386,10375.66,2026-08-30 20:00:00,True
C12815,ACC-05652,8320.76,2026-09-02 04:00:00,True
C12816,ACC-05153,5440.19,2026-09-06 07:00:00,True
C12817,ACC-07705,6397.12,2026-08-26 06:00:00,True
C12818,ACC-06470,11987.76,2026-08-16 05:00:00,True
C12819,ACC-03794,77847.2,2026-09-07 20:00:00,True
C12820,ACC-02078,6649.24,2026-09-08 02:00:00,True
C12821,ACC-01146,10858.41,2026-08-17 16:00:00,True
C12822,ACC-07835,6904.22,2026-09-07 14:00:00,True
C12823,ACC-03797,9389.79,2026-08-16 09:00:00,True
C12824,ACC-01245,85948.56,2026-08-23 16:00:00,True
C12825,ACC-05028,11216.55,2026-08-31 20:00:00,True
C12826,ACC-04637,8794.45,2026-09-09 02:00:00,True
C12827,ACC-05106,85726.26,2026-09-08 20:00:00,True
C12828,ACC-00436,64463.48,2026-08-15 18:00:00,True
C12829,ACC-02035,35014.72,2026-08-24 13:00:00,True
C12830,ACC-06513,8997.09,2026-08-21 10:00:00,True
C12831,ACC-04643,83092.72,2026-09-03 08:00:00,True
C12832,ACC-01347,8690.48,2026-08-17 15:00:00,True
C12833,ACC-07407,6869.55,2026-08-23 15:00:00,True
C12834,ACC-03763,5232.64,2026-09-03 13:00:00,True
C12835,ACC-02401,8772.71,2026-09-07 21:00:00,True
C12836,ACC-07210,13630.84,2026-08-28 04:00:00,True
C12837,ACC-06178,45205.9,2026-08-24 18:00:00,True
C12838,ACC-01546,8947.2,2026-08-19 09:00:00,True
C12839,ACC-05676,13059.48,2026-09-03 08:00:00,True
C12840,ACC-06518,12113.06,2026-09-08 09:00:00,True
C12841,ACC-07166,9664.5,2026-08-26 20:00:00,True
C12842,ACC-01846,10443.78,2026-08-16 09:00:00,True
C12843,ACC-02189,7410.96,2026-08-22 06:00:00,True
C12844,ACC-06749,11787.83,2026-09-07 16:00:00,True
C12845,ACC-01674,60054.68,2026-08-26 06:00:00,True
C12846,ACC-04197,12202.86,2026-08-27 19:00:00,True
C12847,ACC-00825,5106.72,2026-08-25 12:00:00,True
C12848,ACC-04474,13203.49,2026-09-05 06:00:00,True
C12849,ACC-07532,10860.9,2026-08-16 12:00:00,True
C12850,ACC-06942,6120.15,2026-08-30 23:00:00,True
C12851,ACC-02716,10238.7,2026-09-05 17:00:00,True
C12852,ACC-00163,11883.97,2026-09-10 05:00:00,True
C12853,ACC-00832,11368.33,2026-08-30 21:00:00,True
C12854,ACC-04450,12292.61,2026-08-26 04:00:00,True
C12855,ACC-07420,6197.01,2026-08-14 17:00:00,True
C12856,ACC-05300,14166.72,2026-08-17 23:00:00,True
C12857,ACC-02199,7137.02,2026-08-21 15:00:00,True
C12858,ACC-05027,12920.83,2026-08-29 17:00:00,True
C12859,ACC-01784,5762.52,2026-09-06 11:00:00,True
C12860,ACC-04124,13085.14,2026-08-22 10:00:00,True
C12861,ACC-07950,70438.24,2026-08-13 20:00:00,True
C12862,ACC-02320,7376.49,2026-08-17 02:00:00,True
C12863,ACC-03499,9353.71,2026-08-28 23:00:00,True
C12864,ACC-07421,36254.58,2026-08-15 13:00:00,True
C12865,ACC-04839,23227.35,2026-08-29 00:00:00,True
C12866,ACC-03464,13963.6,2026-09-03 03:00:00,True
C12867,ACC-03932,14851.47,2026-09-09 20:00:00,True
C12868,ACC-06249,8426.09,2026-08-17 06:00:00,True
C12869,ACC-02702,13628.34,2026-09-02 21:00:00,True
C12870,ACC-00014,13937.25,2026-08-23 13:00:00,True
C12871,ACC-07779,5461.21,2026-09-05 23:00:00,True
C12872,ACC-06570,52228.41,2026-09-02 16:00:00,True
C12873,ACC-04074,10727.87,2026-08-21 14:00:00,True
C12874,ACC-02269,12666.28,2026-08-20 23:00:00,True
C12875,ACC-03831,13695.8,2026-08-23 00:00:00,True
C12876,ACC-02353,13302.82,2026-08-20 03:00:00,True
C12877,ACC-02501,12594.95,2026-08-20 17:00:00,True
C12878,ACC-00358,24381.8,2026-08-17 13:00:00,True
C12879,ACC-06336,5229.61,2026-08-21 14:00:00,True
C12880,ACC-07611,6550.01,2026-08-23 21:00:00,True
C12881,ACC-06051,9571.81,2026-08-21 09:00:00,True
C12882,ACC-05545,11419.36,2026-08-28 12:00:00,True
C12883,ACC-03076,7159.07,2026-09-04 13:00:00,True
C12884,ACC-07899,7281.1,2026-08-23 13:00:00,True
C12885,ACC-01956,8257.78,2026-08-22 05:00:00,True
C12886,ACC-06292,14078.6,2026-08-19 17:00:00,True
C12887,ACC-07075,13985.22,2026-08-21 05:00:00,True
C12888,ACC-00460,11572.59,2026-08-25 08:00:00,True
C12889,ACC-07454,13359.71,2026-08-24 12:00:00,True
C12890,ACC-06946,37330.57,2026-09-01 12:00:00,True
C12891,ACC-01754,13087.42,2026-08-23 21:00:00,True
C12892,ACC-05565,13306.14,2026-09-06 15:00:00,True
C12893,ACC-04226,13072.32,2026-09-06 06:00:00,True
C12894,ACC-07999,8368.52,2026-08-30 18:00:00,True
C12895,ACC-01760,51142.9,2026-08-17 09:00:00,True
C12896,ACC-05132,13337.1,2026-09-09 09:00:00,True
C12897,ACC-03343,37640.86,2026-08-17 00:00:00,True
C12898,ACC-01567,5168.18,2026-09-02 04:00:00,True
C12899,ACC-02827,9426.95,2026-08-25 22:00:00,True
C12900,ACC-07280,6623.12,2026-09-01 00:00:00,True
C12901,ACC-06694,13854.36,2026-08-18 22:00:00,True
C12902,ACC-01119,12629.66,2026-08-18 00:00:00,True
C12903,ACC-01715,6300.29,2026-08-27 15:00:00,True
C12904,ACC-06563,5194.62,2026-09-06 01:00:00,True
C12905,ACC-06720,12458.63,2026-08-16 10:00:00,True
C12906,ACC-01299,11253.9,2026-08-25 13:00:00,True
C12907,ACC-04705,14230.9,2026-08-26 00:00:00,True
C12908,ACC-07408,11992.8,2026-09-04 18:00:00,True
C12909,ACC-06990,12691.13,2026-08-22 10:00:00,True
C12910,ACC-01376,8972.79,2026-09-02 12:00:00,True
C12911,ACC-03608,10335.36,2026-08-24 15:00:00,True
C12912,ACC-01827,6984.39,2026-09-08 06:00:00,True
C12913,ACC-01003,5891.87,2026-08-27 05:00:00,True
C12914,ACC-02973,59659.85,2026-09-06 02:00:00,True
C12915,ACC-03902,8759.81,2026-08-23 01:00:00,True
C12916,ACC-06457,9474.89,2026-09-04 06:00:00,True
C12917,ACC-04754,7967.28,2026-08-19 19:00:00,True
C12918,ACC-01789,5491.84,2026-09-01 18:00:00,True
C12919,ACC-00829,8230.23,2026-09-04 18:00:00,True
C12920,ACC-07286,7940.17,2026-09-06 00:00:00,True
C12921,ACC-02721,9311.6,2026-09-09 09:00:00,True
C12922,ACC-04111,7365.08,2026-09-01 11:00:00,True
C12923,ACC-04132,7501.26,2026-09-03 15:00:00,True
C12924,ACC-07157,9703.98,2026-09-07 00:00:00,True
C12925,ACC-02543,14050.43,2026-09-07 08:00:00,True
C12926,ACC-05057,11672.76,2026-08-17 21:00:00,True
C12927,ACC-06276,5751.79,2026-09-05 07:00:00,True
C12928,ACC-07706,11390.62,2026-08-15 07:00:00,True
C12929,ACC-00083,10362.44,2026-08-25 18:00:00,True
C12930,ACC-05585,11282.66,2026-09-05 09:00:00,True
C12931,ACC-07812,14305.86,2026-09-01 20:00:00,True
C12932,ACC-03325,10725.2,2026-08-28 07:00:00,True
C12933,ACC-02362,94168.43,2026-08-30 13:00:00,True
C12934,ACC-01178,9783.21,2026-09-06 22:00:00,True
C12935,ACC-07077,13609.04,2026-09-09 00:00:00,True
C12936,ACC-03614,14003.13,2026-08-26 05:00:00,True
C12937,ACC-06826,51468.54,2026-08-25 08:00:00,True
C12938,ACC-01278,8660.4,2026-08-13 15:00:00,True
C12939,ACC-01379,93486.88,2026-08-17 02:00:00,True
C12940,ACC-05594,12983.85,2026-08-14 02:00:00,True
C12941,ACC-06278,12296.37,2026-08-21 14:00:00,True
C12942,ACC-05287,9331.51,2026-08-19 19:00:00,True
C12943,ACC-05707,12167.51,2026-08-17 17:00:00,True
C12944,ACC-04913,14690.66,2026-09-01 20:00:00,True
C12945,ACC-02992,51239.69,2026-08-21 08:00:00,True
C12946,ACC-03452,12691.07,2026-09-03 19:00:00,True
C12947,ACC-02388,5262.18,2026-08-20 07:00:00,True
C12948,ACC-02418,7749.0,2026-08-21 22:00:00,True
C12949,ACC-07388,73085.61,2026-08-17 10:00:00,True
C12950,ACC-04067,12555.67,2026-08-14 01:00:00,True
C12951,ACC-04072,12276.89,2026-08-29 00:00:00,True
C12952,ACC-02227,9566.35,2026-08-30 15:00:00,True
C12953,ACC-01154,11730.11,2026-09-09 12:00:00,True
C12954,ACC-00153,13997.67,2026-09-05 04:00:00,True
C12955,ACC-00774,8426.31,2026-09-04 13:00:00,True
C12956,ACC-06161,7512.06,2026-08-30 04:00:00,True
C12957,ACC-01346,9606.86,2026-08-25 00:00:00,True
C12958,ACC-03915,6403.54,2026-08-29 06:00:00,True
C12959,ACC-07201,7941.64,2026-08-14 17:00:00,True
C12960,ACC-01630,11339.49,2026-08-21 05:00:00,True
C12961,ACC-06534,10327.03,2026-09-05 15:00:00,True
C12962,ACC-02756,12895.35,2026-08-23 04:00:00,True
C12963,ACC-01237,13662.92,2026-08-15 05:00:00,True
C12964,ACC-00238,14604.75,2026-09-03 19:00:00,True
C12965,ACC-00577,8401.86,2026-08-23 09:00:00,True
C12966,ACC-01463,5796.07,2026-09-05 04:00:00,True
C12967,ACC-00781,6866.02,2026-08-20 02:00:00,True
C12968,ACC-03009,12224.21,2026-08-17 02:00:00,True
C12969,ACC-06280,14139.54,2026-08-26 07:00:00,True
C12970,ACC-07439,6676.79,2026-08-31 00:00:00,True
C12971,ACC-01598,9036.51,2026-08-23 07:00:00,True
C12972,ACC-03954,13683.34,2026-08-23 05:00:00,True
C12973,ACC-04013,10297.41,2026-09-03 02:00:00,True
C12974,ACC-07430,8700.52,2026-08-15 15:00:00,True
C12975,ACC-01689,6062.11,2026-09-02 20:00:00,True
C12976,ACC-07925,29055.75,2026-08-19 00:00:00,True
C12977,ACC-03593,9842.49,2026-08-25 17:00:00,True
C12978,ACC-00215,45385.62,2026-09-09 06:00:00,True
C12979,ACC-05730,7657.54,2026-09-09 17:00:00,True
C12980,ACC-04141,11971.26,2026-08-14 08:00:00,True
C12981,ACC-06512,61140.46,2026-08-21 09:00:00,True
C12982,ACC-00875,9021.94,2026-08-24 01:00:00,True
C12983,ACC-05083,10574.07,2026-09-06 02:00:00,True
C12984,ACC-05687,9160.83,2026-08-15 23:00:00,True
C12985,ACC-02369,10064.39,2026-08-30 18:00:00,True
C12986,ACC-03347,10389.15,2026-08-15 22:00:00,True
C12987,ACC-01136,13625.93,2026-09-02 03:00:00,True
C12988,ACC-07176,23429.99,2026-09-05 21:00:00,True
C12989,ACC-00945,8725.04,2026-08-16 03:00:00,True
C12990,ACC-06766,11473.4,2026-09-02 18:00:00,True
C12991,ACC-03140,14584.61,2026-09-03 10:00:00,True
C12992,ACC-00060,13773.72,2026-09-05 16:00:00,True
C12993,ACC-02627,12993.12,2026-08-15 09:00:00,True
C12994,ACC-03863,5692.43,2026-08-14 02:00:00,True
C12995,ACC-02927,31976.37,2026-09-10 02:00:00,True
C12996,ACC-04923,8662.94,2026-09-10 08:00:00,True
C12997,ACC-07991,12036.84,2026-08-24 13:00:00,True
C12998,ACC-05146,7091.51,2026-08-30 03:00:00,True
C12999,ACC-03202,7184.39,2026-09-07 20:00:00,True
C13000,ACC-02523,12075.66,2026-08-15 07:00:00,True
C13001,ACC-05644,12370.46,2026-08-16 09:00:00,True
C13002,ACC-03862,57054.89,2026-09-04 10:00:00,True
C13003,ACC-07981,6650.59,2026-09-09 19:00:00,True
C13004,ACC-05901,63949.93,2026-08-26 00:00:00,True
C13005,ACC-04779,9395.37,2026-09-04 14:00:00,True
C13006,ACC-06400,9687.72,2026-09-06 16:00:00,True
C13007,ACC-07802,11874.83,2026-09-07 22:00:00,True
C13008,ACC-03381,44255.88,2026-09-03 22:00:00,True
C13009,ACC-05012,6438.73,2026-08-23 19:00:00,True
C13010,ACC-07690,11533.2,2026-09-05 02:00:00,True
C13011,ACC-06086,12893.52,2026-08-19 05:00:00,True
C13012,ACC-01244,7031.87,2026-08-13 19:00:00,True
C13013,ACC-05952,7667.78,2026-08-24 03:00:00,True
C13014,ACC-04031,12247.86,2026-09-06 21:00:00,True
C13015,ACC-06343,12436.6,2026-08-26 13:00:00,True
C13016,ACC-04602,6615.62,2026-08-26 05:00:00,True
C13017,ACC-01265,7471.35,2026-08-29 03:00:00,True
C13018,ACC-03861,8326.24,2026-09-09 18:00:00,True
C13019,ACC-00411,10776.09,2026-08-14 04:00:00,True
C13020,ACC-04055,11112.13,2026-08-16 21:00:00,True
C13021,ACC-06155,6804.6,2026-08-18 09:00:00,True
C13022,ACC-00900,23557.25,2026-08-26 17:00:00,True
C13023,ACC-03439,9889.45,2026-08-16 19:00:00,True
C13024,ACC-07849,56817.18,2026-08-15 15:00:00,True
C13025,ACC-07914,14540.94,2026-08-30 07:00:00,True
C13026,ACC-04004,10705.16,2026-08-13 13:00:00,True
C13027,ACC-06067,5228.41,2026-08-14 10:00:00,True
C13028,ACC-03809,10771.88,2026-09-05 16:00:00,True
C13029,ACC-02098,14418.28,2026-08-16 13:00:00,True
C13030,ACC-06012,30360.2,2026-08-18 01:00:00,True
C13031,ACC-00136,6209.57,2026-09-05 11:00:00,True
C13032,ACC-03933,9464.91,2026-08-18 11:00:00,True
C13033,ACC-06904,11617.18,2026-08-18 02:00:00,True
C13034,ACC-06774,14324.02,2026-08-24 22:00:00,True
C13035,ACC-00369,83186.96,2026-09-03 17:00:00,True
C13036,ACC-05849,11253.48,2026-08-20 00:00:00,True
C13037,ACC-02767,47998.03,2026-09-06 02:00:00,True
C13038,ACC-03187,13104.65,2026-08-29 10:00:00,True
C13039,ACC-00287,5012.36,2026-08-17 16:00:00,True
C13040,ACC-06120,11669.51,2026-09-03 14:00:00,True
C13041,ACC-02558,44555.61,2026-08-22 01:00:00,True
C13042,ACC-04261,13463.42,2026-09-06 06:00:00,True
C13043,ACC-04405,88957.14,2026-09-02 10:00:00,True
C13044,ACC-04375,7282.01,2026-09-09 23:00:00,True
C13045,ACC-00736,54013.61,2026-09-06 03:00:00,True
C13046,ACC-00704,7512.81,2026-09-05 05:00:00,True
C13047,ACC-07928,6368.59,2026-08-15 09:00:00,True
C13048,ACC-00267,9617.46,2026-08-16 04:00:00,True
C13049,ACC-05752,5441.24,2026-09-10 09:00:00,True
C13050,ACC-06811,52686.95,2026-09-09 09:00:00,True
C13051,ACC-07758,5538.83,2026-09-07 05:00:00,True
C13052,ACC-02026,8321.39,2026-08-19 05:00:00,True
C13053,ACC-03913,8611.21,2026-09-09 03:00:00,True
C13054,ACC-00327,9920.33,2026-08-25 04:00:00,True
C13055,ACC-03746,6749.81,2026-09-04 00:00:00,True
C13056,ACC-06890,5247.9,2026-08-19 06:00:00,True
C13057,ACC-02776,6817.26,2026-08-22 23:00:00,True
C13058,ACC-00256,11763.66,2026-08-23 20:00:00,True
C13059,ACC-01730,12034.08,2026-08-26 23:00:00,True
C13060,ACC-03080,9961.74,2026-08-22 04:00:00,True
C13061,ACC-06251,10612.58,2026-09-04 09:00:00,True
C13062,ACC-07151,67081.14,2026-08-31 06:00:00,True
C13063,ACC-03024,6243.23,2026-08-19 22:00:00,True
C13064,ACC-05297,5196.48,2026-09-02 11:00:00,True
C13065,ACC-02452,10855.65,2026-08-21 04:00:00,True
C13066,ACC-04083,5679.45,2026-08-23 19:00:00,True
C13067,ACC-07622,12572.87,2026-08-18 18:00:00,True
C13068,ACC-07433,11310.75,2026-08-13 14:00:00,True
C13069,ACC-04512,5030.27,2026-09-01 18:00:00,True
C13070,ACC-03865,71110.53,2026-09-02 15:00:00,True
C13071,ACC-05292,6986.64,2026-08-21 10:00:00,True
C13072,ACC-07714,92885.67,2026-08-22 22:00:00,True
C13073,ACC-04830,13481.22,2026-09-04 23:00:00,True
C13074,ACC-01140,5263.07,2026-08-20 08:00:00,True
C13075,ACC-03962,10155.71,2026-08-27 11:00:00,True
C13076,ACC-01458,13442.51,2026-08-14 19:00:00,True
C13077,ACC-00230,9107.42,2026-09-07 10:00:00,True
C13078,ACC-00944,11607.56,2026-08-15 07:00:00,True
C13079,ACC-01369,11308.25,2026-08-20 12:00:00,True
C13080,ACC-00775,7594.91,2026-08-19 16:00:00,True
C13081,ACC-02140,14437.14,2026-08-13 19:00:00,True
C13082,ACC-01480,7352.11,2026-08-16 10:00:00,True
C13083,ACC-07837,12509.26,2026-08-19 14:00:00,True
C13084,ACC-03572,10954.74,2026-08-22 20:00:00,True
C13085,ACC-03459,55228.29,2026-08-16 18:00:00,True
C13086,ACC-01885,9376.68,2026-08-25 01:00:00,True
C13087,ACC-03561,6725.75,2026-09-09 19:00:00,True
C13088,ACC-00971,7595.01,2026-08-16 12:00:00,True
C13089,ACC-01782,24002.03,2026-09-08 23:00:00,True
C13090,ACC-05234,8546.41,2026-09-08 18:00:00,True
C13091,ACC-02381,88719.47,2026-08-19 09:00:00,True
C13092,ACC-04091,11411.77,2026-08-19 15:00:00,True
C13093,ACC-00537,11399.99,2026-09-05 03:00:00,True
C13094,ACC-00089,12020.11,2026-08-21 23:00:00,True
C13095,ACC-02043,8763.15,2026-08-31 17:00:00,True
C13096,ACC-03322,12203.55,2026-08-24 05:00:00,True
C13097,ACC-00715,5256.21,2026-08-21 23:00:00,True
C13098,ACC-05962,8123.94,2026-08-26 20:00:00,True
C13099,ACC-01380,5116.15,2026-09-07 22:00:00,True
C13100,ACC-04173,6022.1,2026-08-24 02:00:00,True
C13101,ACC-03721,14812.26,2026-09-06 07:00:00,True
C13102,ACC-02171,12600.49,2026-08-29 18:00:00,True
C13103,ACC-00641,9066.31,2026-08-14 16:00:00,True
C13104,ACC-02997,6250.58,2026-08-23 19:00:00,True
C13105,ACC-03674,14601.54,2026-08-24 18:00:00,True
C13106,ACC-07891,7659.18,2026-08-17 05:00:00,True
C13107,ACC-04286,11966.88,2026-08-28 19:00:00,True
C13108,ACC-00335,5410.88,2026-09-02 17:00:00,True
C13109,ACC-05625,89850.62,2026-08-28 08:00:00,True
C13110,ACC-01928,6079.6,2026-08-18 23:00:00,True
C13111,ACC-07261,12197.14,2026-09-03 21:00:00,True
C13112,ACC-07400,6865.8,2026-09-10 02:00:00,True
C13113,ACC-07768,14183.51,2026-09-03 11:00:00,True
C13114,ACC-02490,30142.18,2026-08-30 19:00:00,True
C13115,ACC-05556,10382.4,2026-09-01 17:00:00,True
C13116,ACC-05218,11304.87,2026-08-16 19:00:00,True
C13117,ACC-05047,14564.26,2026-08-23 19:00:00,True
C13118,ACC-03918,94424.78,2026-08-18 12:00:00,True
C13119,ACC-05770,8123.5,2026-08-28 18:00:00,True
C13120,ACC-06573,8273.27,2026-08-14 10:00:00,True
C13121,ACC-00547,67680.52,2026-08-23 04:00:00,True
C13122,ACC-04502,13075.04,2026-08-16 19:00:00,True
C13123,ACC-07078,8143.88,2026-09-03 23:00:00,True
C13124,ACC-02630,11476.18,2026-08-27 14:00:00,True
C13125,ACC-06524,10792.69,2026-09-06 20:00:00,True
C13126,ACC-03389,10994.94,2026-08-31 01:00:00,True
C13127,ACC-01988,5076.78,2026-08-28 21:00:00,True
C13128,ACC-05572,82601.35,2026-09-09 17:00:00,True
C13129,ACC-04900,14647.58,2026-09-01 02:00:00,True
C13130,ACC-05568,13052.65,2026-09-03 20:00:00,True
C13131,ACC-06612,6308.56,2026-09-09 23:00:00,True
C13132,ACC-02751,7580.89,2026-08-14 01:00:00,True
C13133,ACC-03627,34939.04,2026-08-29 00:00:00,True
C13134,ACC-06709,7941.12,2026-09-05 08:00:00,True
C13135,ACC-07730,9281.82,2026-08-16 22:00:00,True
C13136,ACC-06440,67641.95,2026-08-25 14:00:00,True
C13137,ACC-04936,14307.25,2026-08-29 22:00:00,True
C13138,ACC-04284,9461.15,2026-09-10 04:00:00,True
C13139,ACC-00994,12925.28,2026-08-18 23:00:00,True
C13140,ACC-04297,11385.94,2026-08-14 07:00:00,True
C13141,ACC-04645,6472.75,2026-08-28 10:00:00,True
C13142,ACC-04849,5534.71,2026-09-07 07:00:00,True
C13143,ACC-03040,7288.08,2026-08-25 04:00:00,True
C13144,ACC-02027,8421.5,2026-08-16 21:00:00,True
C13145,ACC-01512,11964.34,2026-08-28 01:00:00,True
C13146,ACC-05729,13663.98,2026-08-18 00:00:00,True
C13147,ACC-06695,9612.04,2026-08-24 11:00:00,True
C13148,ACC-03177,6688.04,2026-08-29 16:00:00,True
C13149,ACC-03707,6748.28,2026-09-01 20:00:00,True
C13150,ACC-02367,11717.49,2026-09-06 09:00:00,True
C13151,ACC-04615,39431.7,2026-08-19 05:00:00,True
C13152,ACC-07658,11415.16,2026-08-31 16:00:00,True
C13153,ACC-00800,9892.85,2026-08-18 07:00:00,True
C13154,ACC-00605,13676.1,2026-09-10 06:00:00,True
C13155,ACC-06118,8795.07,2026-08-23 19:00:00,True
C13156,ACC-00647,13977.39,2026-09-05 10:00:00,True
C13157,ACC-01504,5126.16,2026-08-29 14:00:00,True
C13158,ACC-02244,13011.96,2026-08-24 11:00:00,True
C13159,ACC-01803,12840.38,2026-09-07 17:00:00,True
C13160,ACC-00792,60412.52,2026-09-03 11:00:00,True
C13161,ACC-01587,13425.6,2026-08-25 10:00:00,True
C13162,ACC-00258,7788.54,2026-08-30 07:00:00,True
C13163,ACC-02010,14555.12,2026-09-01 15:00:00,True
C13164,ACC-00738,99053.76,2026-09-02 04:00:00,True
C13165,ACC-05882,88947.83,2026-08-24 20:00:00,True
C13166,ACC-07350,12476.99,2026-08-21 19:00:00,True
C13167,ACC-03643,7526.33,2026-08-28 14:00:00,True
C13168,ACC-03414,14045.59,2026-09-02 08:00:00,True
C13169,ACC-06809,11486.97,2026-08-14 19:00:00,True
C13170,ACC-06196,6627.34,2026-08-22 22:00:00,True
C13171,ACC-00047,10680.13,2026-09-03 05:00:00,True
C13172,ACC-06759,14757.86,2026-09-07 08:00:00,True
C13173,ACC-05530,10497.06,2026-08-20 15:00:00,True
C13174,ACC-01014,38401.56,2026-09-10 00:00:00,True
C13175,ACC-06001,5630.31,2026-09-10 12:00:00,True
C13176,ACC-07437,80409.37,2026-08-25 00:00:00,True
C13177,ACC-01518,85246.43,2026-08-15 21:00:00,True
C13178,ACC-02107,10883.26,2026-08-30 13:00:00,True
C13179,ACC-06245,8314.07,2026-08-27 10:00:00,True
C13180,ACC-07089,9359.12,2026-08-19 11:00:00,True
C13181,ACC-04529,9220.82,2026-08-20 00:00:00,True
C13182,ACC-03423,5130.42,2026-09-08 10:00:00,True
C13183,ACC-02184,14161.4,2026-08-21 00:00:00,True
C13184,ACC-02349,69214.04,2026-09-01 10:00:00,True
C13185,ACC-07732,12602.09,2026-08-29 19:00:00,True
C13186,ACC-01972,10482.35,2026-08-27 23:00:00,True
C13187,ACC-05140,6408.27,2026-08-31 19:00:00,True
C13188,ACC-00640,10674.68,2026-08-23 13:00:00,True
C13189,ACC-06902,6593.06,2026-08-22 00:00:00,True
C13190,ACC-03403,12849.12,2026-08-21 22:00:00,True
C13191,ACC-05740,10399.36,2026-08-25 05:00:00,True
C13192,ACC-05944,10200.39,2026-08-23 19:00:00,True
C13193,ACC-01461,6183.13,2026-08-20 18:00:00,True
C13194,ACC-04480,11604.12,2026-08-24 15:00:00,True
C13195,ACC-06747,95461.44,2026-08-25 17:00:00,True
C13196,ACC-05675,13811.8,2026-09-05 23:00:00,True
C13197,ACC-04231,9545.52,2026-08-17 01:00:00,True
C13198,ACC-01865,10773.12,2026-08-20 20:00:00,True
C13199,ACC-01635,8801.4,2026-08-15 07:00:00,True
C13200,ACC-05350,54859.4,2026-09-01 10:00:00,True
C13201,ACC-02412,6409.13,2026-09-05 07:00:00,True
C13202,ACC-04557,10122.27,2026-08-26 02:00:00,True
C13203,ACC-06655,5533.95,2026-09-07 22:00:00,True
C13204,ACC-01288,12210.06,2026-08-19 04:00:00,True
C13205,ACC-02692,14162.48,2026-08-30 04:00:00,True
C13206,ACC-06740,8466.11,2026-09-06 19:00:00,True
C13207,ACC-04314,9861.07,2026-09-01 01:00:00,True
C13208,ACC-04051,8189.6,2026-08-15 11:00:00,True
C13209,ACC-05665,6264.19,2026-08-16 20:00:00,True
C13210,ACC-04510,36901.77,2026-08-13 18:00:00,True
C13211,ACC-00079,13476.18,2026-09-06 04:00:00,True
C13212,ACC-03690,10030.99,2026-08-26 07:00:00,True
C13213,ACC-05303,8280.98,2026-08-23 17:00:00,True
C13214,ACC-02857,5050.57,2026-08-18 04:00:00,True
C13215,ACC-03153,10201.71,2026-09-07 21:00:00,True
C13216,ACC-02153,71318.43,2026-08-14 20:00:00,True
C13217,ACC-04252,5914.67,2026-08-17 11:00:00,True
C13218,ACC-00675,14747.25,2026-08-23 01:00:00,True
C13219,ACC-05624,13438.41,2026-08-22 07:00:00,True
C13220,ACC-05777,14810.55,2026-08-16 09:00:00,True
C13221,ACC-04665,8149.83,2026-08-20 10:00:00,True
C13222,ACC-06183,12475.32,2026-08-28 10:00:00,True
C13223,ACC-01900,8627.27,2026-09-08 13:00:00,True
C13224,ACC-00961,5532.4,2026-08-14 22:00:00,True
C13225,ACC-04116,6996.1,2026-08-23 08:00:00,True
C13226,ACC-02816,5708.8,2026-09-08 22:00:00,True
C13227,ACC-00821,8139.1,2026-08-27 18:00:00,True
C13228,ACC-03058,83442.52,2026-09-10 12:00:00,True
C13229,ACC-02812,24838.04,2026-08-25 08:00:00,True
C13230,ACC-04987,14790.14,2026-08-14 04:00:00,True
C13231,ACC-02081,12453.32,2026-08-28 11:00:00,True
C13232,ACC-01592,34621.78,2026-08-27 06:00:00,True
C13233,ACC-02292,10940.67,2026-08-15 12:00:00,True
C13234,ACC-00431,14023.13,2026-08-24 02:00:00,True
C13235,ACC-05407,5425.05,2026-08-31 09:00:00,True
C13236,ACC-00881,8094.73,2026-08-20 14:00:00,True
C13237,ACC-02488,14901.13,2026-09-09 15:00:00,True
C13238,ACC-02922,5997.3,2026-09-07 05:00:00,True
C13239,ACC-00108,9627.0,2026-09-08 09:00:00,True
C13240,ACC-03387,69678.6,2026-08-25 00:00:00,True
C13241,ACC-03221,13175.73,2026-09-03 02:00:00,True
C13242,ACC-05525,14404.97,2026-09-01 14:00:00,True
C13243,ACC-04869,14982.11,2026-08-20 07:00:00,True
C13244,ACC-06777,6352.33,2026-09-07 15:00:00,True
C13245,ACC-04881,12849.34,2026-08-27 02:00:00,True
C13246,ACC-04093,72374.11,2026-08-23 01:00:00,True
C13247,ACC-01112,7596.3,2026-08-19 18:00:00,True
C13248,ACC-06132,8397.84,2026-08-20 17:00:00,True
C13249,ACC-01272,5438.26,2026-08-27 03:00:00,True
C13250,ACC-02096,5998.93,2026-08-14 21:00:00,True
C13251,ACC-06535,91780.99,2026-08-26 14:00:00,True
C13252,ACC-06957,7774.34,2026-09-07 12:00:00,True
C13253,ACC-00367,13782.87,2026-09-06 11:00:00,True
C13254,ACC-03517,10064.82,2026-08-28 11:00:00,True
C13255,ACC-06233,5644.09,2026-08-19 03:00:00,True
C13256,ACC-07163,11268.61,2026-08-24 03:00:00,True
C13257,ACC-04977,14904.86,2026-09-07 05:00:00,True
C13258,ACC-01294,11165.99,2026-08-30 17:00:00,True
C13259,ACC-05255,8591.74,2026-09-04 19:00:00,True
C13260,ACC-05235,14093.03,2026-08-17 05:00:00,True
C13261,ACC-05933,91635.09,2026-08-19 18:00:00,True
C13262,ACC-05602,7670.56,2026-08-25 20:00:00,True
C13263,ACC-04676,12166.56,2026-08-20 08:00:00,True
C13264,ACC-02727,6938.45,2026-09-03 15:00:00,True
C13265,ACC-05215,34691.59,2026-08-14 03:00:00,True
C13266,ACC-03910,10372.39,2026-09-06 22:00:00,True
C13267,ACC-01078,5611.48,2026-09-04 18:00:00,True
C13268,ACC-01875,14470.25,2026-09-04 15:00:00,True
C13269,ACC-05420,39438.06,2026-08-19 08:00:00,True
C13270,ACC-00321,98561.72,2026-09-06 09:00:00,True
C13271,ACC-03012,13572.1,2026-08-27 02:00:00,True
C13272,ACC-01824,5877.27,2026-08-14 07:00:00,True
C13273,ACC-00690,96594.82,2026-08-22 13:00:00,True
C13274,ACC-05919,12952.62,2026-09-06 16:00:00,True
C13275,ACC-00286,6709.17,2026-08-17 15:00:00,True
C13276,ACC-03957,12856.76,2026-08-29 20:00:00,True
C13277,ACC-01041,14098.61,2026-08-24 18:00:00,True
C13278,ACC-05855,11863.95,2026-08-18 12:00:00,True
C13279,ACC-05973,58300.02,2026-08-23 09:00:00,True
C13280,ACC-04983,11038.74,2026-08-16 14:00:00,True
C13281,ACC-04533,10474.89,2026-09-04 10:00:00,True
C13282,ACC-05013,14426.05,2026-08-28 17:00:00,True
C13283,ACC-01944,9795.92,2026-08-24 18:00:00,True
C13284,ACC-02705,27094.44,2026-09-04 20:00:00,True
C13285,ACC-03712,75670.28,2026-09-01 21:00:00,True
C13286,ACC-06220,6305.85,2026-09-03 08:00:00,True
C13287,ACC-03311,8591.75,2026-08-26 21:00:00,True
C13288,ACC-01378,13758.11,2026-09-05 14:00:00,True
C13289,ACC-05194,12178.52,2026-09-03 01:00:00,True
C13290,ACC-06955,10033.38,2026-09-09 08:00:00,True
C13291,ACC-07107,13863.36,2026-08-28 02:00:00,True
C13292,ACC-02248,8958.73,2026-08-28 04:00:00,True
C13293,ACC-06340,81432.41,2026-09-09 15:00:00,True
C13294,ACC-04652,11517.61,2026-08-20 12:00:00,True
C13295,ACC-01636,9157.11,2026-08-22 10:00:00,True
C13296,ACC-01643,14782.8,2026-08-14 15:00:00,True
C13297,ACC-02570,7985.38,2026-09-07 21:00:00,True
C13298,ACC-01249,5408.77,2026-08-13 17:00:00,True
C13299,ACC-01881,12490.74,2026-09-04 18:00:00,True
C13300,ACC-06317,6193.32,2026-08-25 06:00:00,True
C13301,ACC-04613,7636.71,2026-08-16 12:00:00,True
C13302,ACC-01005,10412.12,2026-08-14 13:00:00,True
C13303,ACC-06735,42955.18,2026-09-02 10:00:00,True
C13304,ACC-00231,8005.03,2026-08-17 04:00:00,True
C13305,ACC-01757,14653.12,2026-09-08 22:00:00,True
C13306,ACC-01091,11848.58,2026-08-29 06:00:00,True
C13307,ACC-01866,12172.8,2026-08-22 06:00:00,True
C13308,ACC-01025,8437.9,2026-08-22 23:00:00,True
C13309,ACC-03212,11045.18,2026-08-31 16:00:00,True
C13310,ACC-03540,6897.73,2026-09-04 22:00:00,True
C13311,ACC-02089,8853.4,2026-08-14 07:00:00,True
C13312,ACC-04097,5884.6,2026-08-28 09:00:00,True
C13313,ACC-07989,7164.42,2026-09-06 04:00:00,True
C13314,ACC-03183,6374.45,2026-08-27 15:00:00,True
C13315,ACC-06820,8435.23,2026-08-14 13:00:00,True
C13316,ACC-04337,11954.26,2026-08-20 19:00:00,True
C13317,ACC-04300,6513.06,2026-09-01 15:00:00,True
C13318,ACC-01940,13501.5,2026-08-19 20:00:00,True
C13319,ACC-07209,10338.01,2026-08-21 11:00:00,True
C13320,ACC-06806,14503.71,2026-08-25 17:00:00,True
C13321,ACC-04855,76512.47,2026-08-22 09:00:00,True
C13322,ACC-05031,10290.02,2026-08-29 15:00:00,True
C13323,ACC-00889,8738.62,2026-08-29 12:00:00,True
C13324,ACC-06593,8697.95,2026-08-18 04:00:00,True
C13325,ACC-01191,92475.58,2026-08-26 13:00:00,True
C13326,ACC-01759,6770.83,2026-09-06 10:00:00,True
C13327,ACC-02942,5221.26,2026-09-01 01:00:00,True
C13328,ACC-05114,10726.87,2026-08-19 12:00:00,True
C13329,ACC-05772,14170.65,2026-08-14 17:00:00,True
C13330,ACC-07247,5875.38,2026-08-31 20:00:00,True
C13331,ACC-05757,12604.18,2026-08-31 07:00:00,True
C13332,ACC-00779,8230.97,2026-08-22 08:00:00,True
C13333,ACC-05995,8812.87,2026-08-29 18:00:00,True
C13334,ACC-04538,6817.24,2026-08-31 22:00:00,True
C13335,ACC-02891,5135.46,2026-08-14 05:00:00,True
C13336,ACC-05313,6367.09,2026-08-14 04:00:00,True
C13337,ACC-02731,10885.01,2026-08-29 14:00:00,True
C13338,ACC-00143,24466.92,2026-09-07 04:00:00,True
C13339,ACC-03268,7200.11,2026-08-22 23:00:00,True
C13340,ACC-04545,7260.05,2026-08-16 22:00:00,True
C13341,ACC-06542,5299.88,2026-08-20 12:00:00,True
C13342,ACC-06998,12308.71,2026-08-20 15:00:00,True
C13343,ACC-05042,13219.52,2026-08-25 20:00:00,True
C13344,ACC-01510,14319.21,2026-09-05 08:00:00,True
C13345,ACC-03980,12298.89,2026-09-08 01:00:00,True
C13346,ACC-02022,14161.5,2026-08-27 10:00:00,True
C13347,ACC-05969,8183.36,2026-08-24 04:00:00,True
C13348,ACC-02664,71656.44,2026-09-04 01:00:00,True
C13349,ACC-04875,12002.66,2026-09-08 16:00:00,True
C13350,ACC-04815,13136.71,2026-08-15 08:00:00,True
C13351,ACC-06350,5245.87,2026-08-24 10:00:00,True
C13352,ACC-07296,11490.77,2026-08-30 02:00:00,True
C13353,ACC-07019,22117.58,2026-08-20 11:00:00,True
C13354,ACC-01788,14676.6,2026-09-01 05:00:00,True
C13355,ACC-00634,12692.39,2026-08-19 09:00:00,True
C13356,ACC-05221,10290.87,2026-09-04 00:00:00,True
C13357,ACC-02930,5868.45,2026-08-20 14:00:00,True
C13358,ACC-05174,6984.59,2026-09-05 11:00:00,True
C13359,ACC-04588,11224.34,2026-09-04 00:00:00,True
C13360,ACC-07489,6541.75,2026-08-29 14:00:00,True
C13361,ACC-04674,31868.69,2026-08-17 00:00:00,True
C13362,ACC-02698,11932.25,2026-09-05 16:00:00,True
C13363,ACC-06848,7268.39,2026-08-14 22:00:00,True
C13364,ACC-00630,35992.26,2026-08-22 06:00:00,True
C13365,ACC-00790,5141.59,2026-09-09 09:00:00,True
C13366,ACC-04307,8964.26,2026-09-07 08:00:00,True
C13367,ACC-05321,13453.22,2026-08-29 16:00:00,True
C13368,ACC-01213,7222.61,2026-08-14 19:00:00,True
C13369,ACC-04712,10602.21,2026-08-23 15:00:00,True
C13370,ACC-07857,5896.41,2026-09-04 14:00:00,True
C13371,ACC-02762,11662.21,2026-08-13 21:00:00,True
C13372,ACC-01659,9347.42,2026-08-14 16:00:00,True
C13373,ACC-07056,10341.32,2026-08-19 04:00:00,True
C13374,ACC-00898,9784.76,2026-09-02 00:00:00,True
C13375,ACC-06160,12537.52,2026-08-30 22:00:00,True
C13376,ACC-04886,7098.2,2026-09-06 08:00:00,True
C13377,ACC-05479,14824.72,2026-09-03 14:00:00,True
C13378,ACC-02774,14196.43,2026-09-06 07:00:00,True
C13379,ACC-04843,73520.19,2026-08-25 12:00:00,True
C13380,ACC-04826,14497.78,2026-09-02 19:00:00,True
C13381,ACC-01539,11532.01,2026-08-17 09:00:00,True
C13382,ACC-03139,5135.52,2026-08-31 08:00:00,True
C13383,ACC-04295,7197.52,2026-08-20 10:00:00,True
C13384,ACC-03670,65298.11,2026-08-29 07:00:00,True
C13385,ACC-04278,73333.08,2026-08-20 02:00:00,True
C13386,ACC-04647,13668.77,2026-09-07 17:00:00,True
C13387,ACC-03241,6359.55,2026-08-26 09:00:00,True
C13388,ACC-05356,59243.96,2026-08-20 10:00:00,True
C13389,ACC-01953,5799.03,2026-08-26 05:00:00,True
C13390,ACC-06787,6318.52,2026-08-22 07:00:00,True
C13391,ACC-05319,11749.5,2026-08-21 00:00:00,True
C13392,ACC-07938,82851.02,2026-09-09 22:00:00,True
C13393,ACC-07596,6816.89,2026-08-21 02:00:00,True
C13394,ACC-01997,83963.27,2026-09-07 08:00:00,True
C13395,ACC-02915,5068.88,2026-08-31 21:00:00,True
C13396,ACC-07936,6402.8,2026-09-09 12:00:00,True
C13397,ACC-07219,8956.43,2026-08-23 22:00:00,True
C13398,ACC-05739,11653.81,2026-08-31 19:00:00,True
C13399,ACC-04381,9009.14,2026-08-27 21:00:00,True
C13400,ACC-00506,10930.86,2026-08-22 22:00:00,True
C13401,ACC-01618,9197.9,2026-09-01 10:00:00,True
C13402,ACC-01904,13905.26,2026-09-04 00:00:00,True
C13403,ACC-02013,14906.08,2026-08-27 14:00:00,True
C13404,ACC-03251,5330.26,2026-09-02 02:00:00,True
C13405,ACC-04670,8530.03,2026-08-28 05:00:00,True
C13406,ACC-07676,9702.6,2026-08-19 05:00:00,True
C13407,ACC-05046,12391.15,2026-09-08 18:00:00,True
C13408,ACC-04651,9266.25,2026-09-01 18:00:00,True
C13409,ACC-01437,9413.79,2026-09-04 22:00:00,True
C13410,ACC-03287,53115.8,2026-09-06 16:00:00,True
C13411,ACC-07591,56071.23,2026-08-28 05:00:00,True
C13412,ACC-00835,13809.18,2026-09-02 18:00:00,True
C13413,ACC-02091,5171.76,2026-08-28 04:00:00,True
C13414,ACC-01958,61485.77,2026-08-16 15:00:00,True
C13415,ACC-06986,51328.51,2026-09-04 03:00:00,True
C13416,ACC-07124,8373.82,2026-08-30 18:00:00,True
C13417,ACC-02448,14638.42,2026-08-19 21:00:00,True
C13418,ACC-06484,94763.91,2026-08-23 23:00:00,True
C13419,ACC-04883,5480.58,2026-08-24 01:00:00,True
C13420,ACC-02890,13902.49,2026-09-04 03:00:00,True
C13421,ACC-00349,79316.12,2026-09-03 23:00:00,True
C13422,ACC-02937,8962.45,2026-08-19 15:00:00,True
C13423,ACC-02231,13311.95,2026-08-14 19:00:00,True
C13424,ACC-05424,12914.7,2026-09-08 19:00:00,True
C13425,ACC-00959,12107.56,2026-08-21 02:00:00,True
C13426,ACC-02941,13603.55,2026-09-05 18:00:00,True
C13427,ACC-06509,14592.63,2026-08-28 18:00:00,True
C13428,ACC-00372,5896.71,2026-09-05 16:00:00,True
C13429,ACC-06915,9381.54,2026-08-19 21:00:00,True
C13430,ACC-01077,38701.85,2026-09-01 10:00:00,True
C13431,ACC-05022,6344.42,2026-09-06 12:00:00,True
C13432,ACC-05190,49216.01,2026-08-28 18:00:00,True
C13433,ACC-07026,63214.7,2026-08-15 12:00:00,True
C13434,ACC-00346,14465.48,2026-08-27 10:00:00,True
C13435,ACC-06858,63717.16,2026-08-15 18:00:00,True
C13436,ACC-01641,13316.97,2026-08-18 09:00:00,True
C13437,ACC-07482,58837.42,2026-08-25 16:00:00,True
C13438,ACC-05056,9513.7,2026-08-21 06:00:00,True
C13439,ACC-03500,91268.43,2026-08-17 10:00:00,True
C13440,ACC-00624,13550.58,2026-09-07 22:00:00,True
C13441,ACC-03999,7913.48,2026-08-13 21:00:00,True
C13442,ACC-01465,14325.32,2026-09-08 16:00:00,True
C13443,ACC-00556,50150.73,2026-08-22 08:00:00,True
C13444,ACC-04943,13109.09,2026-08-30 15:00:00,True
C13445,ACC-06062,8825.0,2026-08-22 16:00:00,True
C13446,ACC-05262,12400.38,2026-09-04 06:00:00,True
C13447,ACC-00912,10395.78,2026-09-09 14:00:00,True
C13448,ACC-03976,81287.1,2026-09-04 06:00:00,True
C13449,ACC-03546,12880.23,2026-08-31 06:00:00,True
C13450,ACC-02560,7573.79,2026-08-26 21:00:00,True
C13451,ACC-01590,8972.61,2026-08-19 07:00:00,True
C13452,ACC-03133,7092.03,2026-08-20 15:00:00,True
C13453,ACC-00042,8165.32,2026-08-21 13:00:00,True
C13454,ACC-01713,6849.87,2026-09-03 04:00:00,True
C13455,ACC-02510,96404.02,2026-08-25 21:00:00,True
C13456,ACC-00289,7183.66,2026-08-16 23:00:00,True
C13457,ACC-04898,8177.46,2026-09-05 18:00:00,True
C13458,ACC-07787,12011.31,2026-08-16 15:00:00,True
C13459,ACC-06385,9358.92,2026-08-29 05:00:00,True
C13460,ACC-03310,12202.02,2026-08-26 15:00:00,True
C13461,ACC-03078,9086.06,2026-09-05 16:00:00,True
C13462,ACC-04738,12227.2,2026-08-14 17:00:00,True
C13463,ACC-07070,5427.45,2026-08-20 07:00:00,True
C13464,ACC-05405,8352.24,2026-08-29 10:00:00,True
C13465,ACC-06752,10143.72,2026-09-01 17:00:00,True
C13466,ACC-03665,10512.25,2026-08-20 15:00:00,True
C13467,ACC-00958,7047.63,2026-09-07 06:00:00,True
C13468,ACC-04946,11547.01,2026-09-07 05:00:00,True
C13469,ACC-02094,5436.09,2026-08-17 11:00:00,True
C13470,ACC-00548,13516.68,2026-08-22 19:00:00,True
C13471,ACC-04390,13555.39,2026-09-02 14:00:00,True
C13472,ACC-07592,5837.08,2026-09-07 16:00:00,True
C13473,ACC-00827,5943.61,2026-08-14 08:00:00,True
C13474,ACC-07751,20674.89,2026-08-15 07:00:00,True
C13475,ACC-01751,6097.35,2026-08-16 18:00:00,True
C13476,ACC-05454,10562.72,2026-08-31 04:00:00,True
C13477,ACC-00312,51943.66,2026-09-09 00:00:00,True
C13478,ACC-07365,75214.16,2026-08-31 13:00:00,True
C13479,ACC-04030,6630.95,2026-09-09 03:00:00,True
C13480,ACC-00953,7169.58,2026-09-01 19:00:00,True
C13481,ACC-02838,12327.39,2026-09-07 03:00:00,True
C13482,ACC-03564,12724.86,2026-08-24 18:00:00,True
C13483,ACC-07957,5900.48,2026-08-19 09:00:00,True
C13484,ACC-06310,9465.14,2026-08-13 17:00:00,True
C13485,ACC-04406,10881.28,2026-08-14 23:00:00,True
C13486,ACC-06174,7776.85,2026-08-21 17:00:00,True
C13487,ACC-01666,5965.35,2026-08-18 20:00:00,True
C13488,ACC-04385,89837.45,2026-09-04 20:00:00,True
C13489,ACC-06121,11318.08,2026-09-10 02:00:00,True
C13490,ACC-06130,7701.53,2026-08-31 07:00:00,True
C13491,ACC-02902,10498.33,2026-08-25 05:00:00,True
C13492,ACC-02202,10531.51,2026-09-10 01:00:00,True
C13493,ACC-02633,13424.51,2026-09-04 23:00:00,True
C13494,ACC-03714,11599.85,2026-08-22 07:00:00,True
C13495,ACC-04990,99435.48,2026-08-22 17:00:00,True
C13496,ACC-03694,11094.14,2026-09-03 20:00:00,True
C13497,ACC-05419,12896.04,2026-08-28 15:00:00,True
C13498,ACC-04694,13145.57,2026-09-04 06:00:00,True
C13499,ACC-07639,25950.85,2026-08-27 13:00:00,True
C13500,ACC-06190,10058.41,2026-09-05 15:00:00,True
C13501,ACC-03243,14000.69,2026-09-05 06:00:00,True
C13502,ACC-06738,6523.55,2026-08-18 17:00:00,True
C13503,ACC-05976,13491.49,2026-08-19 19:00:00,True
C13504,ACC-02379,8493.28,2026-08-18 05:00:00,True
C13505,ACC-06560,48187.46,2026-09-04 22:00:00,True
C13506,ACC-07739,10795.55,2026-08-22 23:00:00,True
C13507,ACC-03556,7469.5,2026-08-23 16:00:00,True
C13508,ACC-03813,91288.73,2026-08-19 03:00:00,True
C13509,ACC-04439,8261.5,2026-09-05 02:00:00,True
C13510,ACC-04435,11711.62,2026-08-22 04:00:00,True
C13511,ACC-07607,5090.32,2026-08-20 16:00:00,True
C13512,ACC-03320,7978.62,2026-08-26 13:00:00,True
C13513,ACC-06653,13616.53,2026-09-05 18:00:00,True
C13514,ACC-01579,7681.17,2026-09-09 22:00:00,True
C13515,ACC-07503,70393.1,2026-08-26 08:00:00,True
C13516,ACC-04620,12330.76,2026-09-04 00:00:00,True
C13517,ACC-05344,6068.18,2026-08-23 19:00:00,True
C13518,ACC-02811,12764.06,2026-08-29 03:00:00,True
C13519,ACC-03018,7652.21,2026-08-24 12:00:00,True
C13520,ACC-02206,12923.35,2026-08-31 12:00:00,True
C13521,ACC-07722,11400.1,2026-09-04 15:00:00,True
C13522,ACC-04660,92138.54,2026-08-16 00:00:00,True
C13523,ACC-06378,6791.41,2026-09-09 19:00:00,True
C13524,ACC-01033,8585.69,2026-08-24 04:00:00,True
C13525,ACC-02517,5005.45,2026-09-07 05:00:00,True
C13526,ACC-07432,10555.45,2026-08-23 18:00:00,True
C13527,ACC-03368,38924.99,2026-08-13 15:00:00,True
C13528,ACC-03619,12883.03,2026-09-05 22:00:00,True
C13529,ACC-02079,5006.32,2026-09-10 11:00:00,True
C13530,ACC-04608,8449.13,2026-09-08 15:00:00,True
C13531,ACC-07289,9032.97,2026-08-28 15:00:00,True
C13532,ACC-00239,8558.91,2026-08-22 17:00:00,True
C13533,ACC-06325,14111.6,2026-09-04 12:00:00,True
C13534,ACC-06259,7927.84,2026-08-30 00:00:00,True
C13535,ACC-03601,12672.54,2026-08-24 04:00:00,True
C13536,ACC-07239,41940.7,2026-09-03 22:00:00,True
C13537,ACC-03806,10586.26,2026-08-30 23:00:00,True
C13538,ACC-04185,6648.35,2026-08-29 01:00:00,True
C13539,ACC-06770,6417.63,2026-09-09 00:00:00,True
C13540,ACC-05516,6168.29,2026-08-17 08:00:00,True
C13541,ACC-02749,10973.57,2026-08-29 17:00:00,True
C13542,ACC-00479,6369.27,2026-08-13 21:00:00,True
C13543,ACC-02844,6842.37,2026-08-28 07:00:00,True
C13544,ACC-03021,46054.42,2026-08-14 07:00:00,True
C13545,ACC-04327,54047.89,2026-08-22 05:00:00,True
C13546,ACC-06532,11425.38,2026-09-01 19:00:00,True
C13547,ACC-07000,11174.86,2026-08-18 05:00:00,True
C13548,ACC-00225,12123.65,2026-08-24 02:00:00,True
C13549,ACC-06875,8247.24,2026-08-30 19:00:00,True
C13550,ACC-04299,11685.93,2026-09-04 18:00:00,True
C13551,ACC-05613,13416.98,2026-09-04 15:00:00,True
C13552,ACC-06714,13592.17,2026-09-05 14:00:00,True
C13553,ACC-02849,6156.56,2026-09-07 00:00:00,True
C13554,ACC-06467,9892.54,2026-08-25 02:00:00,True
C13555,ACC-05721,9486.27,2026-08-22 10:00:00,True
C13556,ACC-04592,48529.76,2026-09-09 02:00:00,True
C13557,ACC-00082,9383.6,2026-09-06 03:00:00,True
C13558,ACC-04631,12433.5,2026-08-24 13:00:00,True
C13559,ACC-03974,6121.35,2026-08-18 03:00:00,True
C13560,ACC-05906,6190.82,2026-08-15 22:00:00,True
C13561,ACC-03544,12023.28,2026-08-23 03:00:00,True
C13562,ACC-01501,6994.39,2026-08-22 22:00:00,True
C13563,ACC-00295,7031.75,2026-08-31 17:00:00,True
C13564,ACC-02042,9883.3,2026-08-31 05:00:00,True
C13565,ACC-04878,7222.46,2026-08-24 12:00:00,True
C13566,ACC-05276,7177.73,2026-09-06 20:00:00,True
C13567,ACC-02750,11883.81,2026-09-08 10:00:00,True
C13568,ACC-02883,10211.66,2026-09-02 16:00:00,True
C13569,ACC-04599,9271.24,2026-08-22 07:00:00,True
C13570,ACC-05010,60950.72,2026-09-08 20:00:00,True
C13571,ACC-01836,8562.4,2026-08-14 09:00:00,True
C13572,ACC-07744,6879.92,2026-08-19 21:00:00,True
C13573,ACC-04707,9965.64,2026-09-02 00:00:00,True
C13574,ACC-00761,9426.93,2026-08-17 21:00:00,True
C13575,ACC-06047,10924.9,2026-08-29 07:00:00,True
C13576,ACC-01181,14321.42,2026-08-28 18:00:00,True
C13577,ACC-00410,7099.0,2026-09-01 05:00:00,True
C13578,ACC-00652,51189.0,2026-08-29 08:00:00,True
C13579,ACC-06667,35002.51,2026-08-17 20:00:00,True
C13580,ACC-04165,13987.14,2026-08-21 22:00:00,True
C13581,ACC-07537,14262.3,2026-08-27 12:00:00,True
C13582,ACC-01334,93314.85,2026-08-16 18:00:00,True
C13583,ACC-02934,54018.04,2026-08-23 12:00:00,True
C13584,ACC-02831,7077.26,2026-08-27 18:00:00,True
C13585,ACC-00420,5894.3,2026-08-15 01:00:00,True
C13586,ACC-05134,8130.81,2026-08-14 15:00:00,True
C13587,ACC-05455,12508.58,2026-08-24 19:00:00,True
C13588,ACC-06892,9646.79,2026-08-16 13:00:00,True
C13589,ACC-06951,24879.72,2026-08-18 12:00:00,True
C13590,ACC-00212,7121.77,2026-09-06 03:00:00,True
C13591,ACC-01737,9004.61,2026-08-27 06:00:00,True
C13592,ACC-05844,58987.47,2026-08-30 14:00:00,True
C13593,ACC-04882,8467.17,2026-09-05 01:00:00,True
C13594,ACC-01700,8798.31,2026-09-07 09:00:00,True
C13595,ACC-02063,14565.19,2026-09-03 00:00:00,True
C13596,ACC-03136,11600.25,2026-08-22 11:00:00,True
C13597,ACC-06191,14110.14,2026-08-14 20:00:00,True
C13598,ACC-00031,6817.11,2026-08-25 21:00:00,True
C13599,ACC-04424,10447.02,2026-09-10 07:00:00,True
C13600,ACC-00140,8782.1,2026-08-27 16:00:00,True
C13601,ACC-05417,14141.13,2026-09-10 02:00:00,True
C13602,ACC-07083,31416.79,2026-09-01 07:00:00,True
C13603,ACC-07304,9222.21,2026-08-28 06:00:00,True
C13604,ACC-04472,13723.62,2026-08-13 20:00:00,True
C13605,ACC-04095,7591.63,2026-09-01 16:00:00,True
C13606,ACC-04991,6160.59,2026-09-01 22:00:00,True
C13607,ACC-05431,7299.17,2026-08-16 18:00:00,True
C13608,ACC-00713,14265.65,2026-08-31 06:00:00,True
C13609,ACC-04053,10751.33,2026-08-22 23:00:00,True
C13610,ACC-04566,53985.46,2026-09-08 23:00:00,True
C13611,ACC-04985,14851.19,2026-08-23 19:00:00,True
C13612,ACC-02108,12575.59,2026-08-16 09:00:00,True
C13613,ACC-07677,12756.6,2026-08-15 04:00:00,True
C13614,ACC-00129,7030.95,2026-08-17 11:00:00,True
C13615,ACC-07189,51671.84,2026-09-03 18:00:00,True
C13616,ACC-03816,12875.24,2026-08-30 04:00:00,True
C13617,ACC-07685,5678.2,2026-09-09 04:00:00,True
C13618,ACC-02441,49698.51,2026-08-14 07:00:00,True
C13619,ACC-06715,13401.89,2026-08-17 05:00:00,True
C13620,ACC-04221,5594.97,2026-08-21 10:00:00,True
C13621,ACC-03096,11161.26,2026-08-25 14:00:00,True
C13622,ACC-04661,14235.97,2026-09-06 16:00:00,True
C13623,ACC-06318,10439.86,2026-09-06 04:00:00,True
C13624,ACC-01079,10873.82,2026-08-27 12:00:00,True
C13625,ACC-07548,9746.69,2026-08-17 19:00:00,True
C13626,ACC-01726,14829.64,2026-08-18 00:00:00,True
C13627,ACC-06263,9068.74,2026-08-13 18:00:00,True
C13628,ACC-06565,8731.94,2026-09-05 07:00:00,True
C13629,ACC-03679,12934.51,2026-08-26 03:00:00,True
C13630,ACC-02684,5139.89,2026-09-05 03:00:00,True
C13631,ACC-05486,11456.86,2026-08-14 14:00:00,True
C13632,ACC-00253,9192.16,2026-09-04 07:00:00,True
C13633,ACC-02351,13284.37,2026-09-06 19:00:00,True
C13634,ACC-04831,84207.01,2026-09-09 11:00:00,True
C13635,ACC-03637,5700.78,2026-08-18 08:00:00,True
C13636,ACC-03571,9092.7,2026-08-30 06:00:00,True
C13637,ACC-00918,5311.77,2026-08-23 18:00:00,True
C13638,ACC-00299,9757.96,2026-08-30 22:00:00,True
C13639,ACC-00851,5599.32,2026-08-31 12:00:00,True
C13640,ACC-02651,6365.61,2026-08-26 05:00:00,True
C13641,ACC-02127,14656.97,2026-08-15 18:00:00,True
C13642,ACC-07215,7161.88,2026-09-09 22:00:00,True
C13643,ACC-04392,6895.07,2026-08-27 10:00:00,True
C13644,ACC-07330,11543.48,2026-08-17 11:00:00,True
C13645,ACC-05088,5935.24,2026-09-05 07:00:00,True
C13646,ACC-03055,44511.46,2026-09-03 19:00:00,True
C13647,ACC-05277,14832.5,2026-08-28 11:00:00,True
C13648,ACC-04722,12595.76,2026-09-06 05:00:00,True
C13649,ACC-07587,55686.21,2026-09-01 08:00:00,True
C13650,ACC-06697,13833.02,2026-08-14 21:00:00,True
C13651,ACC-03077,5226.04,2026-08-28 17:00:00,True
C13652,ACC-03180,9206.66,2026-08-20 07:00:00,True
C13653,ACC-02360,8158.06,2026-08-21 01:00:00,True
C13654,ACC-06928,54389.36,2026-09-03 08:00:00,True
C13655,ACC-06371,7855.36,2026-08-28 14:00:00,True
C13656,ACC-07100,13848.96,2026-08-21 19:00:00,True
C13657,ACC-02787,10560.03,2026-09-01 21:00:00,True
C13658,ACC-07392,11744.65,2026-08-15 20:00:00,True
C13659,ACC-00915,9636.09,2026-09-06 06:00:00,True
C13660,ACC-05791,10002.0,2026-09-09 12:00:00,True
C13661,ACC-06530,42288.2,2026-09-02 03:00:00,True
C13662,ACC-01845,9370.46,2026-09-01 20:00:00,True
C13663,ACC-04711,10041.7,2026-08-27 11:00:00,True
C13664,ACC-02625,10740.84,2026-09-07 05:00:00,True
C13665,ACC-03941,8185.61,2026-08-24 23:00:00,True
C13666,ACC-07085,6480.34,2026-08-28 07:00:00,True
C13667,ACC-06038,6681.73,2026-08-14 12:00:00,True
C13668,ACC-03399,29705.45,2026-09-05 06:00:00,True
C13669,ACC-07907,12983.21,2026-09-07 00:00:00,True
C13670,ACC-05647,63342.16,2026-09-09 18:00:00,True
C13671,ACC-07916,8002.02,2026-08-18 02:00:00,True
C13672,ACC-01724,14428.03,2026-08-15 10:00:00,True
C13673,ACC-03301,9252.57,2026-08-13 19:00:00,True
C13674,ACC-01971,7449.44,2026-09-02 00:00:00,True
C13675,ACC-01520,14213.59,2026-09-09 12:00:00,True
C13676,ACC-06985,10150.5,2026-08-14 18:00:00,True
C13677,ACC-05582,7490.41,2026-08-20 05:00:00,True
C13678,ACC-03516,12230.13,2026-09-07 09:00:00,True
C13679,ACC-06439,5824.82,2026-09-02 22:00:00,True
C13680,ACC-05961,73178.46,2026-09-06 20:00:00,True
C13681,ACC-00450,7034.53,2026-09-08 01:00:00,True
C13682,ACC-01439,7777.34,2026-08-17 05:00:00,True
C13683,ACC-02431,9464.78,2026-08-28 12:00:00,True
C13684,ACC-00399,90979.41,2026-08-28 18:00:00,True
C13685,ACC-04078,11888.27,2026-08-26 04:00:00,True
C13686,ACC-02083,7274.02,2026-09-05 22:00:00,True
C13687,ACC-03235,14709.39,2026-08-29 16:00:00,True
C13688,ACC-02239,6597.69,2026-08-28 03:00:00,True
C13689,ACC-07227,14957.46,2026-09-03 01:00:00,True
C13690,ACC-02861,7946.59,2026-09-10 12:00:00,True
C13691,ACC-03649,5947.01,2026-09-04 17:00:00,True
C13692,ACC-01336,14504.18,2026-08-16 19:00:00,True
C13693,ACC-04940,8320.16,2026-08-23 14:00:00,True
C13694,ACC-00857,11866.19,2026-08-24 09:00:00,True
C13695,ACC-06019,6766.89,2026-09-07 16:00:00,True
C13696,ACC-00269,8459.52,2026-08-21 02:00:00,True
C13697,ACC-05021,46008.18,2026-09-10 03:00:00,True
C13698,ACC-03896,14134.46,2026-08-14 13:00:00,True
C13699,ACC-02471,8120.57,2026-08-17 04:00:00,True
C13700,ACC-06716,14706.45,2026-08-18 11:00:00,True
C13701,ACC-07039,6777.04,2026-08-31 16:00:00,True
C13702,ACC-01561,9189.62,2026-09-05 22:00:00,True
C13703,ACC-07131,7998.46,2026-09-02 16:00:00,True
C13704,ACC-00841,6070.71,2026-08-15 12:00:00,True
C13705,ACC-05841,7365.98,2026-09-08 02:00:00,True
C13706,ACC-01772,12191.78,2026-08-29 21:00:00,True
C13707,ACC-02909,14830.36,2026-08-15 16:00:00,True
C13708,ACC-04085,9918.18,2026-08-18 03:00:00,True
C13709,ACC-02901,7348.78,2026-09-06 04:00:00,True
C13710,ACC-03152,5830.74,2026-08-23 23:00:00,True
C13711,ACC-00658,88474.06,2026-08-27 19:00:00,True
C13712,ACC-01960,14563.93,2026-09-02 10:00:00,True
C13713,ACC-04374,45056.56,2026-08-21 22:00:00,True
C13714,ACC-04735,8076.0,2026-09-02 06:00:00,True
C13715,ACC-00805,9192.76,2026-08-31 13:00:00,True
C13716,ACC-05053,10476.84,2026-08-18 00:00:00,True
C13717,ACC-03982,5868.81,2026-09-07 08:00:00,True
C13718,ACC-03766,9328.24,2026-08-15 16:00:00,True
C13719,ACC-07459,12382.55,2026-09-01 17:00:00,True
C13720,ACC-00139,8569.17,2026-08-30 07:00:00,True
C13721,ACC-01794,5171.92,2026-08-23 07:00:00,True
C13722,ACC-00072,11909.56,2026-08-28 15:00:00,True
C13723,ACC-02508,11428.18,2026-08-16 03:00:00,True
C13724,ACC-05800,6010.75,2026-09-08 09:00:00,True
C13725,ACC-00085,9930.58,2026-08-18 17:00:00,True
C13726,ACC-06391,10504.31,2026-09-03 19:00:00,True
C13727,ACC-06258,9635.99,2026-08-25 08:00:00,True
C13728,ACC-04893,9290.34,2026-09-09 15:00:00,True
C13729,ACC-00397,8373.63,2026-09-01 05:00:00,True
C13730,ACC-03340,10004.43,2026-08-23 03:00:00,True
C13731,ACC-00659,13062.92,2026-08-13 20:00:00,True
C13732,ACC-03706,10282.35,2026-08-18 10:00:00,True
C13733,ACC-00063,13013.71,2026-09-01 18:00:00,True
C13734,ACC-07016,14930.72,2026-08-24 12:00:00,True
C13735,ACC-01428,13661.71,2026-08-29 04:00:00,True
C13736,ACC-05003,13467.42,2026-09-10 01:00:00,True
C13737,ACC-01366,14929.63,2026-08-15 09:00:00,True
C13738,ACC-05827,6609.98,2026-09-05 10:00:00,True
C13739,ACC-07167,6960.73,2026-08-30 03:00:00,True
C13740,ACC-05601,5822.62,2026-08-18 04:00:00,True
C13741,ACC-03654,7471.35,2026-08-18 07:00:00,True
C13742,ACC-04403,12082.33,2026-09-10 09:00:00,True
C13743,ACC-05040,11113.01,2026-09-09 03:00:00,True
C13744,ACC-03036,36131.55,2026-08-24 23:00:00,True
C13745,ACC-00572,10507.59,2026-08-21 22:00:00,True
C13746,ACC-00324,11043.91,2026-08-22 17:00:00,True
C13747,ACC-03318,5894.65,2026-09-09 10:00:00,True
C13748,ACC-06139,14383.58,2026-09-02 11:00:00,True
C13749,ACC-06944,14189.84,2026-09-04 03:00:00,True
C13750,ACC-02357,7407.02,2026-08-26 09:00:00,True
C13751,ACC-05342,26163.31,2026-08-16 14:00:00,True
C13752,ACC-07004,7234.57,2026-08-27 02:00:00,True
C13753,ACC-05251,12061.69,2026-08-25 07:00:00,True
C13754,ACC-03873,14226.24,2026-09-09 21:00:00,True
C13755,ACC-01835,11759.96,2026-08-23 20:00:00,True
C13756,ACC-04159,10225.86,2026-08-14 22:00:00,True
C13757,ACC-05553,36224.21,2026-09-09 21:00:00,True
C13758,ACC-04287,11337.43,2026-08-21 18:00:00,True
C13759,ACC-06167,9811.22,2026-08-29 04:00:00,True
C13760,ACC-04038,10354.74,2026-08-17 09:00:00,True
C13761,ACC-02949,73530.37,2026-08-26 02:00:00,True
C13762,ACC-06456,12984.03,2026-09-01 06:00:00,True
C13763,ACC-04767,13763.39,2026-09-06 06:00:00,True
C13764,ACC-04958,48520.58,2026-09-05 07:00:00,True
C13765,ACC-06748,11900.94,2026-08-27 17:00:00,True
C13766,ACC-07006,13497.04,2026-09-02 18:00:00,True
C13767,ACC-05611,91423.04,2026-08-29 14:00:00,True
C13768,ACC-04414,13485.35,2026-09-05 03:00:00,True
C13769,ACC-05365,11948.38,2026-08-18 13:00:00,True
C13770,ACC-03711,13657.03,2026-08-21 19:00:00,True
C13771,ACC-04322,7885.58,2026-08-23 08:00:00,True
C13772,ACC-02747,10033.89,2026-08-14 03:00:00,True
C13773,ACC-07031,5102.19,2026-09-03 12:00:00,True
C13774,ACC-02847,9250.86,2026-09-06 13:00:00,True
C13775,ACC-02131,13140.47,2026-08-16 10:00:00,True
C13776,ACC-01733,5468.51,2026-08-31 05:00:00,True
C13777,ACC-02967,14115.92,2026-09-07 01:00:00,True
C13778,ACC-05249,12196.95,2026-08-28 21:00:00,True
C13779,ACC-04373,93151.53,2026-08-16 14:00:00,True
C13780,ACC-04531,53828.12,2026-09-07 08:00:00,True
C13781,ACC-05543,6413.46,2026-08-26 22:00:00,True
C13782,ACC-04604,9415.43,2026-08-30 10:00:00,True
C13783,ACC-06500,7035.74,2026-09-09 22:00:00,True
C13784,ACC-02648,9638.45,2026-08-14 20:00:00,True
C13785,ACC-03888,13055.09,2026-08-30 00:00:00,True
C13786,ACC-03935,9806.84,2026-08-16 16:00:00,True
C13787,ACC-03316,9811.54,2026-08-21 05:00:00,True
C13788,ACC-03931,7165.13,2026-08-18 11:00:00,True
C13789,ACC-07438,52226.13,2026-08-26 02:00:00,True
C13790,ACC-01926,76512.55,2026-09-05 22:00:00,True
C13791,ACC-05871,12266.29,2026-08-31 06:00:00,True
C13792,ACC-00581,9175.69,2026-08-28 21:00:00,True
C13793,ACC-06017,11037.42,2026-09-06 01:00:00,True
C13794,ACC-07681,9312.37,2026-09-03 20:00:00,True
C13795,ACC-02281,11073.81,2026-08-24 21:00:00,True
C13796,ACC-03447,11940.83,2026-08-27 15:00:00,True
C13797,ACC-05282,10170.12,2026-08-16 04:00:00,True
C13798,ACC-05972,10913.22,2026-08-25 00:00:00,True
C13799,ACC-06706,5575.34,2026-09-03 07:00:00,True
C13800,ACC-00681,12774.21,2026-08-31 01:00:00,True
C13801,ACC-00815,8468.53,2026-09-02 12:00:00,True
C13802,ACC-03644,10248.26,2026-09-09 15:00:00,True
C13803,ACC-01551,12720.03,2026-08-14 17:00:00,True
C13804,ACC-01785,10777.11,2026-08-26 06:00:00,True
C13805,ACC-04970,89012.4,2026-08-18 10:00:00,True
C13806,ACC-05680,7596.72,2026-09-02 20:00:00,True
C13807,ACC-02752,9768.57,2026-08-14 07:00:00,True
C13808,ACC-06392,12495.79,2026-08-14 00:00:00,True
C13809,ACC-03521,12286.43,2026-09-05 22:00:00,True
C13810,ACC-00387,12061.67,2026-09-05 11:00:00,True
C13811,ACC-05501,6472.25,2026-09-04 16:00:00,True
C13812,ACC-05926,63455.63,2026-09-07 09:00:00,True
C13813,ACC-01333,98343.87,2026-09-07 03:00:00,True
C13814,ACC-01024,11786.08,2026-09-02 07:00:00,True
C13815,ACC-02589,13288.25,2026-09-01 21:00:00,True
C13816,ACC-02267,10463.67,2026-09-08 23:00:00,True
C13817,ACC-04498,9505.77,2026-08-14 10:00:00,True
C13818,ACC-02225,14215.91,2026-08-17 12:00:00,True
C13819,ACC-01843,9000.62,2026-08-16 10:00:00,True
C13820,ACC-03784,37910.14,2026-09-03 22:00:00,True
C13821,ACC-04144,6599.1,2026-09-06 22:00:00,True
C13822,ACC-07235,65807.35,2026-09-01 22:00:00,True
C13823,ACC-06758,7222.09,2026-08-15 00:00:00,True
C13824,ACC-05406,7984.65,2026-08-21 11:00:00,True
C13825,ACC-07670,13171.04,2026-08-16 18:00:00,True
C13826,ACC-03470,13304.45,2026-09-09 08:00:00,True
C13827,ACC-07300,9525.62,2026-08-18 23:00:00,True
C13828,ACC-01175,13240.63,2026-08-21 02:00:00,True
C13829,ACC-06418,10529.65,2026-08-27 07:00:00,True
C13830,ACC-07875,14772.3,2026-09-01 01:00:00,True
C13831,ACC-00576,77189.47,2026-08-22 21:00:00,True
C13832,ACC-03334,91900.18,2026-09-06 18:00:00,True
C13833,ACC-01145,7472.66,2026-08-30 06:00:00,True
C13834,ACC-04156,14574.04,2026-09-05 12:00:00,True
C13835,ACC-07372,5672.36,2026-09-03 01:00:00,True
C13836,ACC-03248,14058.68,2026-09-06 01:00:00,True
C13837,ACC-03916,39703.18,2026-08-16 02:00:00,True
C13838,ACC-02265,9267.55,2026-09-04 18:00:00,True
C13839,ACC-07867,5266.52,2026-09-09 19:00:00,True
C13840,ACC-06381,12404.19,2026-08-22 13:00:00,True
C13841,ACC-07208,6224.49,2026-08-21 05:00:00,True
C13842,ACC-03510,12526.59,2026-08-15 04:00:00,True
C13843,ACC-04648,13797.04,2026-09-08 07:00:00,True
C13844,ACC-07442,12800.76,2026-09-08 22:00:00,True
C13845,ACC-04550,8928.22,2026-08-16 17:00:00,True
C13846,ACC-00517,11011.43,2026-08-13 17:00:00,True
C13847,ACC-00040,6179.04,2026-09-06 11:00:00,True
C13848,ACC-01623,9014.88,2026-09-02 21:00:00,True
C13849,ACC-01544,9597.86,2026-09-07 21:00:00,True
C13850,ACC-06920,7778.55,2026-08-23 01:00:00,True
C13851,ACC-01690,8839.31,2026-09-08 12:00:00,True
C13852,ACC-00901,11409.17,2026-08-22 04:00:00,True
C13853,ACC-00290,14016.87,2026-08-23 06:00:00,True
C13854,ACC-05162,14859.84,2026-08-30 17:00:00,True
C13855,ACC-07451,6324.39,2026-09-06 18:00:00,True
C13856,ACC-04494,5760.14,2026-08-28 22:00:00,True
C13857,ACC-07832,9816.18,2026-09-03 09:00:00,True
C13858,ACC-02300,9007.82,2026-09-02 13:00:00,True
C13859,ACC-05716,9734.53,2026-08-28 04:00:00,True
C13860,ACC-07932,13530.47,2026-09-05 15:00:00,True
C13861,ACC-01907,38421.74,2026-08-21 00:00:00,True
C13862,ACC-00512,5099.33,2026-08-31 01:00:00,True
C13863,ACC-04889,7098.84,2026-09-07 04:00:00,True
C13864,ACC-00874,6003.68,2026-08-17 08:00:00,True
C13865,ACC-02655,7995.13,2026-08-21 09:00:00,True
C13866,ACC-07786,10174.25,2026-08-20 11:00:00,True
C13867,ACC-01043,14173.25,2026-08-26 21:00:00,True
C13868,ACC-04823,6396.58,2026-08-26 16:00:00,True
C13869,ACC-01506,14738.25,2026-08-26 17:00:00,True
C13870,ACC-03774,12412.49,2026-08-29 14:00:00,True
C13871,ACC-04692,6533.25,2026-08-14 08:00:00,True
C13872,ACC-05171,10452.56,2026-09-07 20:00:00,True
C13873,ACC-06633,41994.97,2026-08-19 04:00:00,True
C13874,ACC-02607,89566.11,2026-08-25 02:00:00,True
C13875,ACC-00502,52792.75,2026-09-10 09:00:00,True
C13876,ACC-00921,14185.61,2026-09-10 04:00:00,True
C13877,ACC-07608,14628.73,2026-08-31 11:00:00,True
C13878,ACC-01974,6942.05,2026-08-29 23:00:00,True
C13879,ACC-07288,13359.54,2026-09-07 21:00:00,True
C13880,ACC-04759,5187.63,2026-08-21 11:00:00,True
C13881,ACC-05917,67350.9,2026-09-02 17:00:00,True
C13882,ACC-03989,11948.28,2026-08-29 12:00:00,True
C13883,ACC-07310,72722.78,2026-08-28 12:00:00,True
C13884,ACC-02201,11732.97,2026-08-14 05:00:00,True
C13885,ACC-00023,12865.01,2026-09-04 06:00:00,True
C13886,ACC-05579,11429.14,2026-09-07 12:00:00,True
C13887,ACC-05332,7589.75,2026-08-15 17:00:00,True
C13888,ACC-06386,14649.98,2026-08-19 10:00:00,True
C13889,ACC-05001,14386.91,2026-09-01 08:00:00,True
C13890,ACC-00491,8890.89,2026-08-19 09:00:00,True
C13891,ACC-00567,6163.04,2026-09-02 03:00:00,True
C13892,ACC-07743,9597.67,2026-08-18 06:00:00,True
C13893,ACC-04988,11584.92,2026-08-26 21:00:00,True
C13894,ACC-01276,8620.12,2026-08-28 20:00:00,True
C13895,ACC-02028,23294.11,2026-08-28 11:00:00,True
C13896,ACC-00434,10603.62,2026-09-05 03:00:00,True
C13897,ACC-04909,49577.85,2026-08-27 03:00:00,True
C13898,ACC-07011,13420.67,2026-09-03 00:00:00,True
C13899,ACC-03359,10594.12,2026-09-05 23:00:00,True
C13900,ACC-02783,11882.14,2026-09-09 04:00:00,True
C13901,ACC-05105,10157.18,2026-09-05 06:00:00,True
C13902,ACC-04325,7662.2,2026-08-17 14:00:00,True
C13903,ACC-06204,14792.53,2026-08-21 12:00:00,True
C13904,ACC-04553,8389.04,2026-09-09 17:00:00,True
C13905,ACC-06550,11258.21,2026-08-25 02:00:00,True
C13906,ACC-06652,43488.0,2026-08-30 21:00:00,True
C13907,ACC-04812,14561.85,2026-08-26 20:00:00,True
C13908,ACC-06597,7758.07,2026-08-25 04:00:00,True
C13909,ACC-05842,8961.79,2026-08-27 11:00:00,True
C13910,ACC-06478,10422.32,2026-08-29 10:00:00,True
C13911,ACC-07212,14630.19,2026-08-26 16:00:00,True
C13912,ACC-07510,7564.07,2026-08-29 23:00:00,True
C13913,ACC-04508,24784.84,2026-08-27 22:00:00,True
C13914,ACC-00799,14245.03,2026-08-26 21:00:00,True
C13915,ACC-07631,13431.23,2026-09-04 18:00:00,True
C13916,ACC-00539,8080.65,2026-09-09 20:00:00,True
C13917,ACC-04333,9544.22,2026-09-08 14:00:00,True
C13918,ACC-00859,8850.59,2026-08-14 19:00:00,True
C13919,ACC-04542,8633.41,2026-09-01 05:00:00,True
C13920,ACC-07699,55202.53,2026-08-16 23:00:00,True
C13921,ACC-03878,13174.23,2026-09-04 12:00:00,True
C13922,ACC-01552,12914.58,2026-08-25 14:00:00,True
C13923,ACC-07301,14330.16,2026-09-06 19:00:00,True
C13924,ACC-06762,6834.1,2026-09-04 13:00:00,True
C13925,ACC-03764,14112.25,2026-08-27 21:00:00,True
C13926,ACC-06232,12761.02,2026-08-21 04:00:00,True
C13927,ACC-05921,12710.97,2026-08-22 12:00:00,True
C13928,ACC-00833,11470.43,2026-08-26 20:00:00,True
C13929,ACC-02011,7180.3,2026-08-28 02:00:00,True
C13930,ACC-05180,11762.53,2026-08-17 02:00:00,True
C13931,ACC-06953,8872.11,2026-08-16 11:00:00,True
C13932,ACC-01995,10726.41,2026-08-17 06:00:00,True
C13933,ACC-07672,11797.37,2026-09-04 03:00:00,True
C13934,ACC-07044,10150.37,2026-09-04 14:00:00,True
C13935,ACC-02195,12559.39,2026-08-21 20:00:00,True
C13936,ACC-06475,12418.91,2026-08-29 12:00:00,True
C13937,ACC-06384,66230.43,2026-08-30 16:00:00,True
C13938,ACC-02487,9745.67,2026-08-20 12:00:00,True
C13939,ACC-04973,10813.54,2026-08-15 18:00:00,True
C13940,ACC-04917,13393.05,2026-08-16 20:00:00,True
C13941,ACC-06827,14951.96,2026-09-07 15:00:00,True
C13942,ACC-05167,14304.89,2026-08-14 19:00:00,True
C13943,ACC-04587,10618.52,2026-08-26 09:00:00,True
C13944,ACC-04630,26967.84,2026-08-27 14:00:00,True
C13945,ACC-07366,14576.41,2026-08-17 05:00:00,True
C13946,ACC-05840,14895.67,2026-08-31 15:00:00,True
C13947,ACC-06212,20159.34,2026-08-21 14:00:00,True
C13948,ACC-01697,10305.02,2026-09-01 17:00:00,True
C13949,ACC-00568,10614.11,2026-09-02 05:00:00,True
C13950,ACC-04367,71615.99,2026-08-24 13:00:00,True
C13951,ACC-05102,6029.56,2026-08-23 11:00:00,True
C13952,ACC-05259,13824.84,2026-08-21 04:00:00,True
C13953,ACC-03894,95722.11,2026-08-22 13:00:00,True
C13954,ACC-03924,9576.43,2026-08-20 12:00:00,True
C13955,ACC-02678,11597.71,2026-08-24 20:00:00,True
C13956,ACC-06472,6838.51,2026-08-30 18:00:00,True
C13957,ACC-01766,11313.46,2026-08-20 22:00:00,True
C13958,ACC-03295,9189.48,2026-09-08 10:00:00,True
C13959,ACC-02152,14370.59,2026-09-09 23:00:00,True
C13960,ACC-01467,12192.32,2026-08-20 09:00:00,True
C13961,ACC-03775,6714.91,2026-08-29 09:00:00,True
C13962,ACC-05893,8919.13,2026-08-26 00:00:00,True
C13963,ACC-00986,37467.36,2026-09-09 19:00:00,True
C13964,ACC-00930,8814.85,2026-08-15 17:00:00,True
C13965,ACC-07550,11419.25,2026-08-21 07:00:00,True
C13966,ACC-02825,11804.67,2026-08-30 20:00:00,True
C13967,ACC-07002,5812.23,2026-08-26 12:00:00,True
C13968,ACC-07980,12463.79,2026-09-09 13:00:00,True
C13969,ACC-06982,14304.46,2026-08-15 15:00:00,True
C13970,ACC-02528,6623.06,2026-09-06 03:00:00,True
C13971,ACC-03720,9078.22,2026-08-30 06:00:00,True
C13972,ACC-03659,5900.25,2026-09-09 18:00:00,True
C13973,ACC-02788,9585.29,2026-09-06 05:00:00,True
C13974,ACC-03612,6826.4,2026-09-03 12:00:00,True
C13975,ACC-01310,9513.49,2026-09-01 18:00:00,True
C13976,ACC-04959,5587.99,2026-08-14 14:00:00,True
C13977,ACC-00429,11490.25,2026-08-22 00:00:00,True
C13978,ACC-00383,6318.59,2026-08-27 12:00:00,True
C13979,ACC-03624,7422.83,2026-08-17 03:00:00,True
C13980,ACC-02310,13444.62,2026-08-31 08:00:00,True
C13981,ACC-03738,5420.29,2026-08-19 03:00:00,True
C13982,ACC-00623,11984.01,2026-08-30 05:00:00,True
C13983,ACC-07118,10012.32,2026-08-28 04:00:00,True
C13984,ACC-00179,57087.42,2026-09-07 14:00:00,True
C13985,ACC-06465,14701.56,2026-08-16 17:00:00,True
C13986,ACC-01565,10853.07,2026-08-28 03:00:00,True
C13987,ACC-03716,10814.77,2026-09-06 01:00:00,True
C13988,ACC-06070,14677.91,2026-08-22 21:00:00,True
C13989,ACC-05571,14050.79,2026-08-13 15:00:00,True
C13990,ACC-01752,97319.87,2026-09-05 13:00:00,True
C13991,ACC-05845,62015.35,2026-08-22 18:00:00,True
C13992,ACC-03698,14475.27,2026-09-08 20:00:00,True
C13993,ACC-02326,13952.13,2026-08-16 04:00:00,True
C13994,ACC-00184,5956.46,2026-08-15 05:00:00,True
C13995,ACC-01472,10278.8,2026-09-03 17:00:00,True
C13996,ACC-02965,5846.38,2026-09-03 17:00:00,True
C13997,ACC-02539,5098.44,2026-09-06 00:00:00,True
C13998,ACC-03237,65992.94,2026-09-10 10:00:00,True
C13999,ACC-01874,86182.68,2026-08-31 08:00:00,True
C14000,ACC-02056,58572.95,2026-08-24 11:00:00,True
C14001,ACC-05336,13504.2,2026-08-22 02:00:00,True
C14002,ACC-04659,5518.3,2026-09-07 12:00:00,True
C14003,ACC-06421,6964.49,2026-08-25 21:00:00,True
C14004,ACC-00318,9963.29,2026-09-05 10:00:00,True
C14005,ACC-02645,7257.56,2026-08-30 11:00:00,True
C14006,ACC-06555,12617.95,2026-09-07 18:00:00,True
C14007,ACC-07387,6466.13,2026-09-05 11:00:00,True
C14008,ACC-06608,12442.11,2026-08-30 17:00:00,True
C14009,ACC-05640,68714.7,2026-08-22 17:00:00,True
C14010,ACC-07402,9933.82,2026-08-17 04:00:00,True
C14011,ACC-00173,12497.92,2026-09-09 22:00:00,True
C14012,ACC-00744,13660.01,2026-08-23 23:00:00,True
C14013,ACC-03579,48134.02,2026-08-17 05:00:00,True
C14014,ACC-04960,5370.39,2026-09-04 04:00:00,True
C14015,ACC-05422,10583.44,2026-08-15 10:00:00,True
C14016,ACC-07448,5014.56,2026-08-29 20:00:00,True
C14017,ACC-05935,12419.88,2026-08-29 19:00:00,True
C14018,ACC-06796,13077.61,2026-08-17 13:00:00,True
C14019,ACC-07708,7605.72,2026-08-30 22:00:00,True
C14020,ACC-05872,8924.01,2026-08-18 17:00:00,True
C14021,ACC-01187,11022.77,2026-08-30 05:00:00,True
C14022,ACC-05920,5468.91,2026-09-07 00:00:00,True
C14023,ACC-04595,5026.93,2026-08-25 21:00:00,True
C14024,ACC-02012,10878.32,2026-09-01 12:00:00,True
C14025,ACC-05945,12168.24,2026-08-15 12:00:00,True
C14026,ACC-05274,6172.3,2026-08-31 03:00:00,True
C14027,ACC-02432,14944.61,2026-09-02 12:00:00,True
C14028,ACC-02561,14231.19,2026-09-02 17:00:00,True
C14029,ACC-03586,6496.11,2026-08-18 19:00:00,True
C14030,ACC-04818,74759.42,2026-09-07 19:00:00,True
C14031,ACC-04079,14721.02,2026-09-01 16:00:00,True
C14032,ACC-04549,11600.71,2026-08-18 12:00:00,True
C14033,ACC-04182,5124.48,2026-08-23 19:00:00,True
C14034,ACC-04429,68392.11,2026-08-29 02:00:00,True
C14035,ACC-03189,7636.47,2026-08-27 03:00:00,True
C14036,ACC-05619,14078.83,2026-09-09 20:00:00,True
C14037,ACC-05468,9873.82,2026-09-08 23:00:00,True
C14038,ACC-02873,14649.55,2026-08-24 13:00:00,True
C14039,ACC-04700,14924.0,2026-08-23 21:00:00,True
C14040,ACC-02605,6681.88,2026-09-08 17:00:00,True
C14041,ACC-03054,6174.84,2026-08-19 14:00:00,True
C14042,ACC-03697,5926.56,2026-08-18 17:00:00,True
C14043,ACC-05326,13223.25,2026-08-14 13:00:00,True
C14044,ACC-02036,13656.53,2026-08-21 03:00:00,True
C14045,ACC-05390,6996.92,2026-09-08 10:00:00,True
C14046,ACC-06279,58083.9,2026-08-14 08:00:00,True
C14047,ACC-01519,12111.68,2026-09-02 01:00:00,True
C14048,ACC-00160,39510.47,2026-08-31 21:00:00,True
C14049,ACC-06035,13763.99,2026-09-01 23:00:00,True
C14050,ACC-07616,14978.02,2026-08-26 00:00:00,True
C14051,ACC-01060,6798.02,2026-09-05 23:00:00,True
C14052,ACC-02547,12589.44,2026-08-30 14:00:00,True
C14053,ACC-02088,8633.02,2026-08-29 12:00:00,True
C14054,ACC-05433,12490.4,2026-09-10 08:00:00,True
C14055,ACC-04195,10346.21,2026-09-07 13:00:00,True
C14056,ACC-01018,54314.78,2026-09-10 08:00:00,True
C14057,ACC-02706,11238.44,2026-08-15 12:00:00,True
C14058,ACC-07995,5109.49,2026-08-23 09:00:00,True
C14059,ACC-07250,5438.02,2026-09-03 18:00:00,True
C14060,ACC-05683,5587.02,2026-09-07 07:00:00,True
C14061,ACC-05428,11390.95,2026-08-18 05:00:00,True
C14062,ACC-01065,23332.8,2026-09-06 01:00:00,True
C14063,ACC-02442,10334.46,2026-08-21 14:00:00,True
C14064,ACC-07538,42671.48,2026-09-09 08:00:00,True
C14065,ACC-01606,12620.89,2026-08-15 03:00:00,True
C14066,ACC-03303,6569.0,2026-08-29 00:00:00,True
C14067,ACC-05508,74471.62,2026-09-04 17:00:00,True
C14068,ACC-03968,7303.99,2026-09-07 22:00:00,True
C14069,ACC-00485,14511.28,2026-08-17 16:00:00,True
C14070,ACC-05603,13089.63,2026-08-27 21:00:00,True
C14071,ACC-06582,5539.69,2026-08-30 23:00:00,True
C14072,ACC-05534,10720.82,2026-08-24 22:00:00,True
C14073,ACC-00510,6792.43,2026-08-30 08:00:00,True
C14074,ACC-02286,7091.89,2026-09-01 10:00:00,True
C14075,ACC-04757,8075.91,2026-08-23 02:00:00,True
C14076,ACC-02726,5566.14,2026-08-23 04:00:00,True
C14077,ACC-04369,12319.23,2026-08-29 04:00:00,True
C14078,ACC-03070,5970.74,2026-08-30 06:00:00,True
C14079,ACC-02203,11943.97,2026-08-16 02:00:00,True
C14080,ACC-00663,52369.26,2026-08-26 18:00:00,True
C14081,ACC-06643,8300.98,2026-09-03 23:00:00,True
C14082,ACC-01382,7350.51,2026-09-06 19:00:00,True
C14083,ACC-02156,11072.73,2026-08-30 14:00:00,True
C14084,ACC-06267,11705.53,2026-09-01 16:00:00,True
C14085,ACC-06792,10469.39,2026-08-27 00:00:00,True
C14086,ACC-00518,11866.65,2026-09-10 01:00:00,True
C14087,ACC-00697,14705.69,2026-09-09 07:00:00,True
C14088,ACC-06029,9782.69,2026-08-17 14:00:00,True
C14089,ACC-07650,5887.02,2026-08-25 13:00:00,True
C14090,ACC-07380,13555.39,2026-09-02 05:00:00,True
C14091,ACC-01962,6002.62,2026-08-15 16:00:00,True
C14092,ACC-06271,5255.33,2026-09-05 07:00:00,True
C14093,ACC-07422,38940.57,2026-08-29 23:00:00,True
C14094,ACC-01792,7238.34,2026-08-19 07:00:00,True
C14095,ACC-03668,11517.06,2026-08-24 02:00:00,True
C14096,ACC-02639,7382.98,2026-09-09 08:00:00,True
C14097,ACC-02190,10752.32,2026-09-05 12:00:00,True
C14098,ACC-06016,14915.75,2026-09-01 14:00:00,True
C14099,ACC-01665,11168.47,2026-09-07 23:00:00,True
C14100,ACC-02682,10162.66,2026-09-03 07:00:00,True
C14101,ACC-04459,94078.47,2026-09-01 08:00:00,True
C14102,ACC-05087,78409.06,2026-08-30 23:00:00,True
C14103,ACC-06065,5034.49,2026-09-09 22:00:00,True
C14104,ACC-03834,5523.6,2026-08-24 01:00:00,True
C14105,ACC-03822,8350.58,2026-08-29 11:00:00,True
C14106,ACC-07552,35272.82,2026-08-31 07:00:00,True
C14107,ACC-02410,14821.12,2026-08-24 15:00:00,True
C14108,ACC-07322,13830.38,2026-08-21 00:00:00,True
C14109,ACC-04489,91099.53,2026-08-16 04:00:00,True
C14110,ACC-03324,5142.06,2026-08-15 02:00:00,True
C14111,ACC-02875,12022.0,2026-08-31 17:00:00,True
C14112,ACC-04449,6429.22,2026-08-20 06:00:00,True
C14113,ACC-05091,7965.99,2026-08-27 23:00:00,True
C14114,ACC-04082,12453.02,2026-09-06 08:00:00,True
C14115,ACC-02218,13931.88,2026-08-23 04:00:00,True
C14116,ACC-06795,6008.44,2026-09-07 08:00:00,True
C14117,ACC-07804,10857.24,2026-08-18 19:00:00,True
C14118,ACC-05444,5746.3,2026-08-23 16:00:00,True
C14119,ACC-02711,8295.44,2026-08-14 09:00:00,True
C14120,ACC-01632,14327.86,2026-08-31 19:00:00,True
C14121,ACC-00035,5162.84,2026-09-03 04:00:00,True
C14122,ACC-06411,6824.52,2026-08-19 10:00:00,True
C14123,ACC-07001,12413.13,2026-08-26 23:00:00,True
C14124,ACC-02866,14096.19,2026-09-05 08:00:00,True
C14125,ACC-06851,14721.69,2026-08-14 18:00:00,True
C14126,ACC-02101,14390.47,2026-08-19 03:00:00,True
C14127,ACC-02216,13267.11,2026-09-01 07:00:00,True
C14128,ACC-01417,8410.08,2026-08-21 07:00:00,True
C14129,ACC-05846,12465.23,2026-08-18 22:00:00,True
C14130,ACC-06575,61772.52,2026-08-18 21:00:00,True
C14131,ACC-05623,5770.35,2026-08-28 14:00:00,True
C14132,ACC-00046,11979.08,2026-08-18 06:00:00,True
C14133,ACC-00926,11424.34,2026-09-01 18:00:00,True
C14134,ACC-06999,9675.39,2026-08-29 03:00:00,True
C14135,ACC-06307,10364.8,2026-08-22 17:00:00,True
C14136,ACC-03003,50735.29,2026-08-14 04:00:00,True
C14137,ACC-04442,5989.56,2026-09-06 12:00:00,True
C14138,ACC-02867,14008.68,2026-08-31 01:00:00,True
C14139,ACC-07682,11843.84,2026-08-17 22:00:00,True
C14140,ACC-01571,8305.44,2026-08-28 04:00:00,True
C14141,ACC-00665,14470.22,2026-08-19 20:00:00,True
C14142,ACC-04827,12516.08,2026-08-31 02:00:00,True
C14143,ACC-00584,32312.5,2026-08-29 21:00:00,True
C14144,ACC-07136,7600.12,2026-09-02 03:00:00,True
C14145,ACC-06634,10887.28,2026-08-16 20:00:00,True
C14146,ACC-02034,78415.18,2026-08-26 03:00:00,True
C14147,ACC-05592,14583.31,2026-08-27 12:00:00,True
C14148,ACC-03929,5455.82,2026-08-28 06:00:00,True
C14149,ACC-04597,13098.9,2026-08-22 03:00:00,True
C14150,ACC-06782,14163.07,2026-09-02 08:00:00,True
C14151,ACC-05697,9112.12,2026-08-24 16:00:00,True
C14152,ACC-03810,64419.09,2026-09-05 11:00:00,True
C14153,ACC-07775,74146.45,2026-09-07 06:00:00,True
C14154,ACC-06522,13283.87,2026-08-30 18:00:00,True
C14155,ACC-03472,5451.57,2026-08-16 19:00:00,True
C14156,ACC-03621,5010.9,2026-08-19 23:00:00,True
C14157,ACC-02179,7509.75,2026-08-18 17:00:00,True
C14158,ACC-02235,13719.13,2026-09-05 16:00:00,True
C14159,ACC-03562,13014.31,2026-08-14 11:00:00,True
C14160,ACC-06668,14113.48,2026-09-08 01:00:00,True
C14161,ACC-01644,8321.24,2026-08-22 08:00:00,True
C14162,ACC-07471,68773.0,2026-09-01 17:00:00,True
C14163,ACC-00811,8087.63,2026-09-06 15:00:00,True
C14164,ACC-04129,12378.14,2026-08-24 23:00:00,True
C14165,ACC-06124,12216.35,2026-08-19 20:00:00,True
C14166,ACC-01209,36782.96,2026-09-04 12:00:00,True
C14167,ACC-04846,6924.7,2026-08-13 22:00:00,True
C14168,ACC-06477,9028.55,2026-09-10 00:00:00,True
C14169,ACC-02596,7136.36,2026-08-14 18:00:00,True
C14170,ACC-05202,5864.52,2026-08-20 15:00:00,True
C14171,ACC-02782,14233.23,2026-09-07 20:00:00,True
C14172,ACC-03629,9687.39,2026-08-16 10:00:00,True
C14173,ACC-07469,7949.01,2026-08-25 08:00:00,True
C14174,ACC-02610,13233.29,2026-09-06 00:00:00,True
C14175,ACC-06671,10631.26,2026-08-15 02:00:00,True
C14176,ACC-04811,10487.59,2026-08-27 17:00:00,True
C14177,ACC-01157,14335.64,2026-08-15 12:00:00,True
C14178,ACC-03332,6335.18,2026-09-06 05:00:00,True
C14179,ACC-05885,7200.64,2026-08-18 08:00:00,True
C14180,ACC-07302,9503.1,2026-08-26 09:00:00,True
C14181,ACC-00200,5269.75,2026-08-24 18:00:00,True
C14182,ACC-02297,7279.99,2026-09-06 07:00:00,True
C14183,ACC-05956,5566.14,2026-08-19 18:00:00,True
C14184,ACC-05490,8163.58,2026-08-18 23:00:00,True
C14185,ACC-02677,10421.53,2026-09-01 14:00:00,True
C14186,ACC-07777,5556.29,2026-08-20 22:00:00,True
C14187,ACC-07898,13099.2,2026-08-24 04:00:00,True
C14188,ACC-00280,8229.61,2026-08-26 18:00:00,True
C14189,ACC-07813,11271.2,2026-09-02 10:00:00,True
C14190,ACC-04742,55463.51,2026-08-26 23:00:00,True
C14191,ACC-00716,5228.54,2026-09-03 20:00:00,True
C14192,ACC-01354,80834.01,2026-09-06 12:00:00,True
C14193,ACC-00188,13730.76,2026-08-22 11:00:00,True
C14194,ACC-00328,10861.36,2026-09-08 22:00:00,True
C14195,ACC-03144,46232.29,2026-09-02 21:00:00,True
C14196,ACC-03088,9137.66,2026-08-24 17:00:00,True
C14197,ACC-01341,13650.31,2026-08-24 13:00:00,True
C14198,ACC-07283,76872.67,2026-09-04 02:00:00,True
C14199,ACC-03419,5447.12,2026-09-02 04:00:00,True
C14200,ACC-01913,10373.95,2026-08-29 20:00:00,True
C14201,ACC-06531,8113.63,2026-09-07 10:00:00,True
C14202,ACC-00377,70222.82,2026-08-31 21:00:00,True
C14203,ACC-04455,11017.4,2026-08-28 19:00:00,True
C14204,ACC-02494,10827.79,2026-08-18 11:00:00,True
C14205,ACC-05539,11179.1,2026-08-26 22:00:00,True
C14206,ACC-03467,53860.67,2026-08-24 11:00:00,True
C14207,ACC-03417,14537.79,2026-08-13 23:00:00,True
C14208,ACC-02566,5663.94,2026-08-15 12:00:00,True
C14209,ACC-02695,44006.87,2026-09-04 08:00:00,True
C14210,ACC-06968,8728.48,2026-08-28 13:00:00,True
C14211,ACC-03603,11268.29,2026-08-24 01:00:00,True
C14212,ACC-06997,93726.25,2026-09-01 19:00:00,True
C14213,ACC-07419,12407.24,2026-08-26 04:00:00,True
C14214,ACC-07930,9246.95,2026-08-22 09:00:00,True
C14215,ACC-05813,8366.7,2026-08-27 12:00:00,True
C14216,ACC-05615,91148.74,2026-09-05 07:00:00,True
C14217,ACC-00988,79928.1,2026-08-18 18:00:00,True
C14218,ACC-05280,11458.1,2026-08-22 13:00:00,True
C14219,ACC-00418,13191.7,2026-08-28 14:00:00,True
C14220,ACC-06636,13906.92,2026-09-06 19:00:00,True
C14221,ACC-05720,9524.2,2026-08-28 00:00:00,True
C14222,ACC-01860,12462.55,2026-09-06 17:00:00,True
C14223,ACC-05331,9355.07,2026-08-27 23:00:00,True
C14224,ACC-05386,6395.5,2026-09-08 12:00:00,True
C14225,ACC-03796,8941.56,2026-08-30 13:00:00,True
C14226,ACC-04945,6738.96,2026-09-03 04:00:00,True
C14227,ACC-04383,12934.34,2026-09-09 08:00:00,True
C14228,ACC-02974,6336.4,2026-08-15 08:00:00,True
C14229,ACC-07887,7686.65,2026-08-19 05:00:00,True
C14230,ACC-00044,5396.18,2026-08-22 19:00:00,True
C14231,ACC-04230,9377.18,2026-09-03 13:00:00,True
C14232,ACC-04345,7207.07,2026-08-27 19:00:00,True
C14233,ACC-07885,8580.83,2026-08-27 21:00:00,True
C14234,ACC-04686,5937.87,2026-08-18 12:00:00,True
C14235,ACC-00273,11142.68,2026-08-13 22:00:00,True
C14236,ACC-05493,11356.65,2026-08-31 08:00:00,True
C14237,ACC-05551,6202.98,2026-09-02 00:00:00,True
C14238,ACC-05595,11167.81,2026-09-01 12:00:00,True
C14239,ACC-07847,12768.64,2026-09-04 05:00:00,True
C14240,ACC-02907,9579.21,2026-08-30 10:00:00,True
C14241,ACC-06407,14079.66,2026-08-14 00:00:00,True
C14242,ACC-07241,6401.12,2026-08-28 03:00:00,True
C14243,ACC-03945,13135.56,2026-08-16 00:00:00,True
C14244,ACC-02552,8837.3,2026-09-06 19:00:00,True
C14245,ACC-03959,8796.1,2026-08-26 08:00:00,True
C14246,ACC-00545,10845.57,2026-09-07 18:00:00,True
C14247,ACC-05243,12350.64,2026-08-17 01:00:00,True
C14248,ACC-04232,13936.28,2026-08-21 00:00:00,True
C14249,ACC-05158,8560.15,2026-08-21 02:00:00,True
C14250,ACC-07780,11393.59,2026-08-17 07:00:00,True
C14251,ACC-03729,9386.72,2026-08-25 15:00:00,True
C14252,ACC-02571,94028.77,2026-08-14 04:00:00,True
C14253,ACC-05786,61364.69,2026-09-01 19:00:00,True
C14254,ACC-06320,7136.56,2026-08-23 02:00:00,True
C14255,ACC-07979,5080.77,2026-09-05 14:00:00,True
C14256,ACC-01127,25193.83,2026-09-09 18:00:00,True
C14257,ACC-02819,9813.81,2026-09-02 23:00:00,True
C14258,ACC-01185,11313.07,2026-08-28 07:00:00,True
C14259,ACC-01693,79443.68,2026-08-16 12:00:00,True
C14260,ACC-04513,5332.4,2026-09-10 00:00:00,True
C14261,ACC-02564,5542.3,2026-09-05 06:00:00,True
C14262,ACC-03167,13742.79,2026-08-24 23:00:00,True
C14263,ACC-02536,14423.81,2026-08-20 14:00:00,True
C14264,ACC-02904,11752.8,2026-08-19 12:00:00,True
C14265,ACC-04612,88793.3,2026-08-15 08:00:00,True
C14266,ACC-03689,73060.39,2026-08-28 05:00:00,True
C14267,ACC-04382,29339.5,2026-08-22 11:00:00,True
C14268,ACC-03218,7432.57,2026-09-04 07:00:00,True
C14269,ACC-06621,8355.35,2026-08-22 04:00:00,True
C14270,ACC-05805,11792.75,2026-08-13 23:00:00,True
C14271,ACC-01226,7165.78,2026-08-31 08:00:00,True
C14272,ACC-03662,8997.28,2026-09-04 20:00:00,True
C14273,ACC-05836,11094.12,2026-08-17 03:00:00,True
C14274,ACC-02952,6732.63,2026-08-28 12:00:00,True
C14275,ACC-02673,9300.48,2026-08-22 20:00:00,True
C14276,ACC-03175,6738.68,2026-09-04 04:00:00,True
C14277,ACC-04114,13102.4,2026-09-08 13:00:00,True
C14278,ACC-07398,81122.45,2026-08-30 05:00:00,True
C14279,ACC-03155,47045.11,2026-08-29 07:00:00,True
C14280,ACC-03375,46281.89,2026-08-23 18:00:00,True
C14281,ACC-03837,7463.51,2026-08-17 23:00:00,True
C14282,ACC-03792,39587.45,2026-08-23 12:00:00,True
C14283,ACC-00651,9739.84,2026-08-26 06:00:00,True
C14284,ACC-06326,9715.3,2026-08-29 11:00:00,True
C14285,ACC-01859,14429.85,2026-09-05 12:00:00,True
C14286,ACC-02869,11135.45,2026-09-01 19:00:00,True
C14287,ACC-07533,14589.26,2026-08-14 21:00:00,True
C14288,ACC-07449,10559.32,2026-08-19 12:00:00,True
C14289,ACC-05727,12319.15,2026-09-06 00:00:00,True
C14290,ACC-05399,6178.25,2026-08-23 06:00:00,True
C14291,ACC-00039,8982.32,2026-09-07 03:00:00,True
C14292,ACC-00591,12682.14,2026-09-03 18:00:00,True
C14293,ACC-01150,8968.61,2026-08-15 22:00:00,True
C14294,ACC-02814,51632.93,2026-08-30 16:00:00,True
C14295,ACC-00925,10056.27,2026-08-23 04:00:00,True
C14296,ACC-05932,14934.76,2026-08-20 10:00:00,True
C14297,ACC-07049,11420.31,2026-09-07 07:00:00,True
C14298,ACC-06031,12186.05,2026-08-19 00:00:00,True
C14299,ACC-07080,5884.31,2026-08-22 22:00:00,True
C14300,ACC-00794,14895.74,2026-08-27 22:00:00,True
C14301,ACC-02806,11819.28,2026-09-09 23:00:00,True
C14302,ACC-03406,26504.31,2026-08-24 05:00:00,True
C14303,ACC-05450,37320.81,2026-09-03 05:00:00,True
C14304,ACC-04662,14087.1,2026-09-08 04:00:00,True
C14305,ACC-07344,9004.57,2026-09-08 09:00:00,True
C14306,ACC-06617,11544.53,2026-08-31 18:00:00,True
C14307,ACC-01628,35798.54,2026-08-22 15:00:00,True
C14308,ACC-04291,11953.59,2026-08-28 11:00:00,True
C14309,ACC-02377,5961.68,2026-08-22 15:00:00,True
C14310,ACC-05101,5996.89,2026-08-14 18:00:00,True
C14311,ACC-06558,5587.61,2026-08-24 00:00:00,True
C14312,ACC-07142,5988.82,2026-08-30 21:00:00,True
C14313,ACC-02110,12907.16,2026-08-19 10:00:00,True
C14314,ACC-02217,13769.05,2026-09-07 06:00:00,True
C14315,ACC-05979,5977.61,2026-08-15 14:00:00,True
C14316,ACC-00427,14262.23,2026-08-20 03:00:00,True
C14317,ACC-05654,14963.59,2026-08-15 12:00:00,True
C14318,ACC-05139,11690.07,2026-08-31 22:00:00,True
C14319,ACC-01496,14706.49,2026-09-10 07:00:00,True
C14320,ACC-03468,13030.04,2026-08-24 19:00:00,True
C14321,ACC-02481,5920.16,2026-09-08 03:00:00,True
C14322,ACC-00255,9593.77,2026-09-05 19:00:00,True
C14323,ACC-04028,8171.14,2026-08-21 03:00:00,True
C14324,ACC-05820,5750.83,2026-08-25 14:00:00,True
C14325,ACC-04289,14697.53,2026-08-22 06:00:00,True
C14326,ACC-01574,8685.02,2026-08-25 20:00:00,True
C14327,ACC-00243,37423.6,2026-08-29 03:00:00,True
C14328,ACC-01948,10968.12,2026-09-08 23:00:00,True
C14329,ACC-01925,6855.46,2026-08-27 15:00:00,True
C14330,ACC-07256,10478.68,2026-09-07 23:00:00,True
C14331,ACC-04045,8371.35,2026-08-15 01:00:00,True
C14332,ACC-05942,12576.6,2026-08-31 07:00:00,True
C14333,ACC-07192,8118.88,2026-08-25 13:00:00,True
C14334,ACC-00261,6389.31,2026-09-08 12:00:00,True
C14335,ACC-00121,9865.59,2026-08-30 03:00:00,True
C14336,ACC-01767,14342.37,2026-08-16 10:00:00,True
C14337,ACC-00764,10428.03,2026-08-26 18:00:00,True
C14338,ACC-02194,7759.17,2026-08-18 17:00:00,True
C14339,ACC-04180,80833.73,2026-08-25 01:00:00,True
C14340,ACC-03610,8669.58,2026-08-30 00:00:00,True
C14341,ACC-00671,13739.65,2026-09-02 00:00:00,True
C14342,ACC-02542,28905.65,2026-08-26 12:00:00,True
C14343,ACC-06362,6613.38,2026-08-29 15:00:00,True
C14344,ACC-00543,97374.57,2026-09-03 08:00:00,True
C14345,ACC-04896,6647.32,2026-08-27 08:00:00,True
C14346,ACC-06002,10920.49,2026-08-20 20:00:00,True
C14347,ACC-04697,60843.09,2026-08-15 12:00:00,True
C14348,ACC-01457,7626.37,2026-09-06 16:00:00,True
C14349,ACC-01156,9099.9,2026-08-25 19:00:00,True
C14350,ACC-03632,12327.64,2026-08-27 03:00:00,True
C14351,ACC-03046,21099.26,2026-08-21 08:00:00,True
C14352,ACC-07314,10525.5,2026-08-15 02:00:00,True
C14353,ACC-03527,12842.48,2026-08-29 21:00:00,True
C14354,ACC-07769,8060.61,2026-08-22 18:00:00,True
C14355,ACC-02966,10447.31,2026-08-17 12:00:00,True
C14356,ACC-01804,10759.13,2026-09-02 07:00:00,True
C14357,ACC-07713,13341.16,2026-08-18 12:00:00,True
C14358,ACC-07599,10664.39,2026-08-21 23:00:00,True
C14359,ACC-02240,7980.37,2026-09-08 14:00:00,True
C14360,ACC-03205,11077.37,2026-09-05 20:00:00,True
C14361,ACC-02095,5147.73,2026-08-23 23:00:00,True
C14362,ACC-03884,5484.71,2026-09-07 13:00:00,True
C14363,ACC-06776,9596.98,2026-08-30 23:00:00,True
C14364,ACC-07675,12561.46,2026-09-02 22:00:00,True
C14365,ACC-04752,24686.9,2026-08-29 22:00:00,True
C14366,ACC-00748,11350.18,2026-08-30 05:00:00,True
C14367,ACC-00208,31267.09,2026-08-25 04:00:00,True
C14368,ACC-00998,50733.82,2026-09-02 07:00:00,True
C14369,ACC-02173,10631.0,2026-08-14 21:00:00,True
C14370,ACC-04157,6621.52,2026-08-29 12:00:00,True
C14371,ACC-04957,9521.78,2026-09-05 01:00:00,True
C14372,ACC-02068,7216.23,2026-09-03 06:00:00,True
C14373,ACC-01524,12948.28,2026-09-05 17:00:00,True
C14374,ACC-05483,7911.17,2026-08-19 17:00:00,True
C14375,ACC-06814,90539.71,2026-09-05 05:00:00,True
C14376,ACC-06198,5906.46,2026-08-21 17:00:00,True
C14377,ACC-01563,9853.73,2026-09-05 09:00:00,True
C14378,ACC-07634,6388.35,2026-09-04 17:00:00,True
C14379,ACC-00187,8020.35,2026-09-06 12:00:00,True
C14380,ACC-06541,10415.74,2026-08-27 22:00:00,True
C14381,ACC-02860,14051.73,2026-08-17 07:00:00,True
C14382,ACC-06994,7407.38,2026-08-29 15:00:00,True
C14383,ACC-01117,8824.5,2026-09-05 00:00:00,True
C14384,ACC-07376,13584.38,2026-09-03 21:00:00,True
C14385,ACC-04629,8962.15,2026-08-15 12:00:00,True
C14386,ACC-07051,12515.24,2026-09-06 01:00:00,True
C14387,ACC-06297,13390.02,2026-09-04 09:00:00,True
C14388,ACC-07202,10001.12,2026-08-23 07:00:00,True
C14389,ACC-03143,12802.35,2026-08-31 19:00:00,True
C14390,ACC-06254,5075.9,2026-08-15 01:00:00,True
C14391,ACC-01823,9179.87,2026-09-06 11:00:00,True
C14392,ACC-05705,71690.21,2026-08-19 18:00:00,True
C14393,ACC-01929,10817.67,2026-09-04 14:00:00,True
C14394,ACC-05837,5994.5,2026-08-30 23:00:00,True
C14395,ACC-07808,13416.86,2026-09-06 07:00:00,True
C14396,ACC-06731,12179.42,2026-08-28 14:00:00,True
C14397,ACC-03304,9922.29,2026-09-01 14:00:00,True
C14398,ACC-04526,8684.66,2026-08-24 13:00:00,True
C14399,ACC-06208,5024.57,2026-08-22 03:00:00,True
C14400,ACC-05129,14975.01,2026-08-26 18:00:00,True
C14401,ACC-01640,7269.04,2026-08-16 08:00:00,True
C14402,ACC-02530,12269.56,2026-09-01 01:00:00,True
C14403,ACC-06623,12429.0,2026-09-04 08:00:00,True
C14404,ACC-03491,11508.9,2026-09-08 00:00:00,True
C14405,ACC-06865,14160.49,2026-08-26 22:00:00,True
C14406,ACC-07254,7848.64,2026-08-24 10:00:00,True
C14407,ACC-06828,9410.92,2026-08-29 03:00:00,True
C14408,ACC-00449,24395.52,2026-09-01 05:00:00,True
C14409,ACC-03686,12971.54,2026-08-20 10:00:00,True
C14410,ACC-06473,6558.8,2026-08-22 11:00:00,True
C14411,ACC-06841,11751.72,2026-09-03 10:00:00,True
C14412,ACC-05829,11260.64,2026-08-28 21:00:00,True
C14413,ACC-04861,5240.4,2026-08-19 22:00:00,True
C14414,ACC-06179,39652.65,2026-08-20 21:00:00,True
C14415,ACC-07763,10645.99,2026-08-16 19:00:00,True
C14416,ACC-00786,74640.9,2026-08-19 08:00:00,True
C14417,ACC-03203,10701.25,2026-08-28 02:00:00,True
C14418,ACC-07551,14193.5,2026-08-31 06:00:00,True
C14419,ACC-04330,5942.48,2026-09-06 11:00:00,True
C14420,ACC-02681,11672.99,2026-08-17 04:00:00,True
C14421,ACC-05120,13038.28,2026-09-10 00:00:00,True
C14422,ACC-03786,9279.7,2026-09-04 14:00:00,True
C14423,ACC-07360,9310.83,2026-09-01 07:00:00,True
C14424,ACC-06927,13715.05,2026-08-14 05:00:00,True
C14425,ACC-00467,13054.82,2026-08-30 10:00:00,True
C14426,ACC-04972,14934.23,2026-08-26 07:00:00,True
C14427,ACC-07771,7206.07,2026-08-31 01:00:00,True
C14428,ACC-05924,9890.09,2026-08-16 05:00:00,True
C14429,ACC-00125,11726.41,2026-08-15 01:00:00,True
C14430,ACC-03380,11135.95,2026-08-31 00:00:00,True
C14431,ACC-04741,10289.35,2026-08-28 04:00:00,True
C14432,ACC-04953,10886.81,2026-08-25 03:00:00,True
C14433,ACC-07257,7786.82,2026-09-05 07:00:00,True
C14434,ACC-03377,7879.79,2026-08-15 18:00:00,True
C14435,ACC-03501,31439.56,2026-08-30 09:00:00,True
C14436,ACC-07306,13663.68,2026-08-20 11:00:00,True
C14437,ACC-05923,12506.94,2026-08-17 08:00:00,True
C14438,ACC-04766,47591.11,2026-08-27 14:00:00,True
C14439,ACC-04892,37576.78,2026-08-25 13:00:00,True
C14440,ACC-04011,9263.39,2026-09-05 20:00:00,True
C14441,ACC-02636,5673.64,2026-09-10 09:00:00,True
C14442,ACC-07023,5270.67,2026-09-06 08:00:00,True
C14443,ACC-02573,13913.41,2026-08-15 11:00:00,True
C14444,ACC-03111,10179.92,2026-08-17 15:00:00,True
C14445,ACC-00657,6265.0,2026-08-25 04:00:00,True
C14446,ACC-02576,42394.54,2026-08-15 04:00:00,True
C14447,ACC-01505,6137.25,2026-08-19 11:00:00,True
C14448,ACC-00740,7615.51,2026-09-04 08:00:00,True
C14449,ACC-07156,14080.97,2026-08-30 10:00:00,True
C14450,ACC-04693,5499.18,2026-09-04 01:00:00,True
C14451,ACC-07324,5774.45,2026-08-21 12:00:00,True
C14452,ACC-03537,47194.44,2026-08-31 03:00:00,True
C14453,ACC-02786,13336.38,2026-08-20 06:00:00,True
C14454,ACC-03174,11343.05,2026-09-03 20:00:00,True
C14455,ACC-00954,71667.04,2026-09-07 04:00:00,True
C14456,ACC-04265,12017.27,2026-09-03 21:00:00,True
C14457,ACC-02710,6067.03,2026-08-28 10:00:00,True
C14458,ACC-07190,9242.93,2026-08-25 00:00:00,True
C14459,ACC-04152,14777.66,2026-08-15 20:00:00,True
C14460,ACC-05529,10687.5,2026-09-07 10:00:00,True
C14461,ACC-05456,9385.41,2026-08-26 00:00:00,True
C14462,ACC-05998,12128.07,2026-08-22 13:00:00,True
C14463,ACC-06838,6992.06,2026-09-03 15:00:00,True
C14464,ACC-00751,9764.9,2026-08-28 10:00:00,True
C14465,ACC-05478,8208.48,2026-09-08 13:00:00,True
C14466,ACC-00322,14696.47,2026-09-10 02:00:00,True
C14467,ACC-02422,92433.72,2026-08-24 06:00:00,True
C14468,ACC-04229,8351.51,2026-08-18 21:00:00,True
C14469,ACC-02968,39084.25,2026-09-09 10:00:00,True
C14470,ACC-02330,9671.16,2026-08-15 19:00:00,True
C14471,ACC-02769,10351.71,2026-09-04 12:00:00,True
C14472,ACC-00563,6250.62,2026-08-22 21:00:00,True
C14473,ACC-02820,11389.09,2026-08-18 12:00:00,True
C14474,ACC-00078,10555.7,2026-08-17 05:00:00,True
C14475,ACC-03514,14501.31,2026-08-19 07:00:00,True
C14476,ACC-03213,9691.43,2026-08-15 21:00:00,True
C14477,ACC-03526,6208.71,2026-08-18 09:00:00,True
C14478,ACC-07709,7924.89,2026-08-16 20:00:00,True
C14479,ACC-07104,11932.94,2026-08-31 08:00:00,True
C14480,ACC-02209,10039.54,2026-08-25 16:00:00,True
C14481,ACC-05993,59108.79,2026-08-29 06:00:00,True
C14482,ACC-02898,8487.99,2026-08-20 11:00:00,True
C14483,ACC-05363,13487.66,2026-08-19 21:00:00,True
C14484,ACC-02641,9470.35,2026-08-18 15:00:00,True
C14485,ACC-03345,12573.91,2026-08-26 09:00:00,True
C14486,ACC-06977,14032.91,2026-08-14 14:00:00,True
C14487,ACC-04816,10796.24,2026-09-06 15:00:00,True
C14488,ACC-02017,6083.36,2026-08-20 21:00:00,True
C14489,ACC-01381,11099.14,2026-08-29 14:00:00,True
C14490,ACC-02592,9026.36,2026-08-30 00:00:00,True
C14491,ACC-01099,7959.96,2026-08-26 23:00:00,True
C14492,ACC-07542,12234.29,2026-08-21 17:00:00,True
C14493,ACC-00080,13546.94,2026-08-28 20:00:00,True
C14494,ACC-03900,12789.79,2026-09-04 03:00:00,True
C14495,ACC-00595,11149.93,2026-09-10 12:00:00,True
C14496,ACC-06000,6614.77,2026-08-30 08:00:00,True
C14497,ACC-01420,14449.76,2026-08-15 03:00:00,True
C14498,ACC-07055,11821.51,2026-08-20 00:00:00,True
C14499,ACC-05445,12803.31,2026-08-30 06:00:00,True
C14500,ACC-06315,14571.88,2026-08-22 06:00:00,True
C14501,ACC-04092,13377.89,2026-09-05 08:00:00,True
C14502,ACC-02955,12602.39,2026-08-23 10:00:00,True
C14503,ACC-05291,92629.83,2026-09-02 17:00:00,True
C14504,ACC-00182,12452.22,2026-08-31 11:00:00,True
C14505,ACC-05549,5692.43,2026-09-07 11:00:00,True
C14506,ACC-05731,9190.59,2026-08-19 08:00:00,True
C14507,ACC-06960,5326.97,2026-09-09 20:00:00,True
C14508,ACC-04296,10605.25,2026-08-29 01:00:00,True
C14509,ACC-06027,11694.25,2026-08-19 06:00:00,True
C14510,ACC-02344,14097.35,2026-08-13 22:00:00,True
C14511,ACC-00755,13635.17,2026-08-21 22:00:00,True
C14512,ACC-07303,7206.57,2026-08-14 06:00:00,True
C14513,ACC-02474,10003.94,2026-08-31 20:00:00,True
C14514,ACC-01456,31358.96,2026-09-04 01:00:00,True
C14515,ACC-00727,8330.73,2026-08-28 19:00:00,True
C14516,ACC-04574,14016.42,2026-08-13 18:00:00,True
C14517,ACC-02282,11698.11,2026-08-17 21:00:00,True
C14518,ACC-04748,5393.98,2026-09-01 12:00:00,True
C14519,ACC-01197,13805.8,2026-09-08 14:00:00,True
C14520,ACC-05357,6412.5,2026-08-19 15:00:00,True
C14521,ACC-00034,11640.71,2026-08-24 00:00:00,True
C14522,ACC-01115,11665.4,2026-09-08 03:00:00,True
C14523,ACC-04717,8196.3,2026-08-29 12:00:00,True
C14524,ACC-01164,10594.78,2026-08-23 12:00:00,True
C14525,ACC-01204,7084.71,2026-08-31 04:00:00,True
C14526,ACC-04939,13774.12,2026-09-05 21:00:00,True
C14527,ACC-05876,7029.18,2026-08-28 16:00:00,True
C14528,ACC-07478,11960.74,2026-09-08 16:00:00,True
C14529,ACC-01682,8202.68,2026-09-04 05:00:00,True
C14530,ACC-04673,14095.76,2026-08-27 16:00:00,True
C14531,ACC-00836,33879.21,2026-08-28 17:00:00,True
C14532,ACC-00156,21978.6,2026-08-21 05:00:00,True
C14533,ACC-05413,6403.31,2026-08-16 10:00:00,True
C14534,ACC-02931,79759.68,2026-09-05 15:00:00,True
C14535,ACC-02557,9221.91,2026-09-05 15:00:00,True
C14536,ACC-00471,14986.98,2026-09-02 21:00:00,True
C14537,ACC-07458,11476.39,2026-08-18 01:00:00,True
C14538,ACC-03730,6038.46,2026-08-16 13:00:00,True
C14539,ACC-03993,9271.41,2026-08-15 21:00:00,True
C14540,ACC-07809,61190.3,2026-08-19 09:00:00,True
C14541,ACC-05054,11877.87,2026-08-22 14:00:00,True
C14542,ACC-07818,8970.82,2026-08-26 16:00:00,True
C14543,ACC-00198,6690.08,2026-08-29 02:00:00,True
C14544,ACC-04563,93476.48,2026-08-23 16:00:00,True
C14545,ACC-06551,12732.07,2026-09-01 09:00:00,True
C14546,ACC-00196,8296.61,2026-09-07 00:00:00,True
C14547,ACC-04518,6884.71,2026-08-23 18:00:00,True
C14548,ACC-02500,10902.31,2026-09-08 08:00:00,True
C14549,ACC-03754,13674.03,2026-08-14 01:00:00,True
C14550,ACC-00348,10343.83,2026-08-30 10:00:00,True
C14551,ACC-03067,70045.12,2026-08-27 10:00:00,True
C14552,ACC-04725,6709.15,2026-08-26 04:00:00,True
C14553,ACC-05196,9015.0,2026-08-17 12:00:00,True
C14554,ACC-03667,53877.96,2026-08-20 17:00:00,True
C14555,ACC-02876,13049.3,2026-09-01 14:00:00,True
C14556,ACC-02435,7392.18,2026-08-27 01:00:00,True
C14557,ACC-04996,11350.56,2026-08-15 13:00:00,True
C14558,ACC-03224,13089.72,2026-09-09 14:00:00,True
C14559,ACC-02572,5920.22,2026-08-25 14:00:00,True
C14560,ACC-05181,8050.76,2026-08-21 04:00:00,True
C14561,ACC-00088,8674.79,2026-08-19 17:00:00,True
C14562,ACC-04214,12769.73,2026-08-27 15:00:00,True
C14563,ACC-05514,5497.0,2026-08-26 04:00:00,True
C14564,ACC-00702,14032.18,2026-08-28 19:00:00,True
C14565,ACC-02656,8618.87,2026-08-16 06:00:00,True
C14566,ACC-05122,14397.44,2026-09-01 04:00:00,True
C14567,ACC-00030,8303.06,2026-09-03 04:00:00,True
C14568,ACC-01411,8808.17,2026-09-08 04:00:00,True
C14569,ACC-06644,14751.83,2026-08-27 19:00:00,True
C14570,ACC-04041,8539.36,2026-08-19 23:00:00,True
C14571,ACC-07368,61406.82,2026-08-13 20:00:00,True
C14572,ACC-04555,5292.99,2026-09-03 08:00:00,True
C14573,ACC-00607,62560.93,2026-08-19 22:00:00,True
C14574,ACC-03383,6651.85,2026-08-28 22:00:00,True
C14575,ACC-02325,5511.37,2026-08-15 12:00:00,True
C14576,ACC-05341,6722.15,2026-09-04 04:00:00,True
C14577,ACC-01451,12584.87,2026-08-16 17:00:00,True
C14578,ACC-02772,11969.43,2026-08-23 11:00:00,True
C14579,ACC-01979,14146.78,2026-08-27 05:00:00,True
C14580,ACC-04049,80047.74,2026-08-26 08:00:00,True
C14581,ACC-01750,6880.91,2026-08-22 02:00:00,True
C14582,ACC-03914,12248.83,2026-08-15 13:00:00,True
C14583,ACC-03030,6422.36,2026-09-07 09:00:00,True
C14584,ACC-03211,10761.04,2026-08-20 01:00:00,True
C14585,ACC-02865,9011.05,2026-09-02 07:00:00,True
C14586,ACC-03109,13171.15,2026-09-04 22:00:00,True
C14587,ACC-01832,9341.31,2026-09-05 19:00:00,True
C14588,ACC-00819,14061.11,2026-08-20 00:00:00,True
C14589,ACC-05250,8439.46,2026-08-15 15:00:00,True
C14590,ACC-06236,53430.32,2026-08-19 11:00:00,True
C14591,ACC-03515,94632.75,2026-08-26 07:00:00,True
C14592,ACC-02832,7340.41,2026-08-27 18:00:00,True
C14593,ACC-01080,7404.99,2026-08-21 23:00:00,True
C14594,ACC-04420,14229.47,2026-08-16 05:00:00,True
C14595,ACC-01053,74135.9,2026-08-22 02:00:00,True
C14596,ACC-05464,14522.68,2026-09-07 07:00:00,True
C14597,ACC-02210,12816.45,2026-09-04 04:00:00,True
C14598,ACC-06962,25113.87,2026-08-14 20:00:00,True
C14599,ACC-05564,7928.05,2026-08-19 02:00:00,True
C14600,ACC-05111,7852.38,2026-09-09 13:00:00,True
C14601,ACC-07467,13953.0,2026-09-02 06:00:00,True
C14602,ACC-00813,7031.23,2026-08-24 14:00:00,True
C14603,ACC-02447,9358.79,2026-09-01 05:00:00,True
C14604,ACC-06483,7250.24,2026-08-22 01:00:00,True
C14605,ACC-07663,13865.99,2026-08-16 10:00:00,True
C14606,ACC-01303,96795.57,2026-08-19 16:00:00,True
C14607,ACC-02948,14097.02,2026-08-16 10:00:00,True
C14608,ACC-03233,10092.34,2026-09-04 07:00:00,True
C14609,ACC-02160,58723.71,2026-08-14 23:00:00,True
C14610,ACC-06592,8589.85,2026-08-17 12:00:00,True
C14611,ACC-02971,11824.45,2026-08-22 20:00:00,True
C14612,ACC-02714,9420.71,2026-08-26 12:00:00,True
C14613,ACC-02100,13504.43,2026-09-01 01:00:00,True
C14614,ACC-02525,13404.88,2026-08-17 17:00:00,True
C14615,ACC-05039,90439.82,2026-09-08 01:00:00,True
C14616,ACC-03524,8162.08,2026-09-04 17:00:00,True
C14617,ACC-03856,12612.32,2026-08-28 22:00:00,True
C14618,ACC-05338,11485.74,2026-09-09 05:00:00,True
C14619,ACC-00538,5085.09,2026-09-09 04:00:00,True
C14620,ACC-00654,12886.79,2026-08-16 13:00:00,True
C14621,ACC-02168,11848.44,2026-09-01 23:00:00,True
C14622,ACC-05870,8479.86,2026-08-26 15:00:00,True
C14623,ACC-03920,10364.69,2026-08-21 10:00:00,True
C14624,ACC-03085,7400.94,2026-08-18 08:00:00,True
C14625,ACC-03557,10049.89,2026-08-27 19:00:00,True
C14626,ACC-06043,13886.66,2026-09-09 10:00:00,True
C14627,ACC-07193,11650.31,2026-08-14 19:00:00,True
C14628,ACC-00056,5716.71,2026-08-27 07:00:00,True
C14629,ACC-07512,6001.29,2026-08-14 02:00:00,True
C14630,ACC-05020,8752.97,2026-09-03 04:00:00,True
C14631,ACC-06835,8105.04,2026-09-06 19:00:00,True
C14632,ACC-02289,5985.4,2026-09-06 12:00:00,True
C14633,ACC-00579,10469.05,2026-08-23 15:00:00,True
C14634,ACC-06639,6738.13,2026-08-30 05:00:00,True
C14635,ACC-01473,12402.32,2026-08-16 19:00:00,True
C14636,ACC-07341,5767.97,2026-08-19 13:00:00,True
C14637,ACC-02257,8867.36,2026-08-16 15:00:00,True
C14638,ACC-04905,12797.35,2026-09-06 13:00:00,True
C14639,ACC-04225,9153.36,2026-08-28 05:00:00,True
C14640,ACC-00025,10374.71,2026-09-10 05:00:00,True
C14641,ACC-01442,11802.21,2026-08-19 15:00:00,True
C14642,ACC-06638,9788.84,2026-08-20 14:00:00,True
C14643,ACC-07636,22206.76,2026-09-02 13:00:00,True
C14644,ACC-00142,10331.33,2026-08-20 15:00:00,True
C14645,ACC-06788,94779.21,2026-08-22 02:00:00,True
C14646,ACC-04267,9726.11,2026-08-27 17:00:00,True
C14647,ACC-04209,8441.17,2026-08-22 00:00:00,True
C14648,ACC-00589,42919.64,2026-08-29 09:00:00,True
C14649,ACC-01363,12294.39,2026-09-09 07:00:00,True
C14650,ACC-00712,53252.66,2026-09-03 15:00:00,True
C14651,ACC-06028,13417.19,2026-08-26 12:00:00,True
C14652,ACC-05860,79745.6,2026-08-29 02:00:00,True
C14653,ACC-03749,14878.31,2026-09-05 14:00:00,True
C14654,ACC-07680,11613.21,2026-08-22 09:00:00,True
C14655,ACC-03107,14350.42,2026-09-04 21:00:00,True
C14656,ACC-07646,10983.1,2026-08-29 02:00:00,True
C14657,ACC-06334,5436.81,2026-09-02 10:00:00,True
C14658,ACC-01701,8771.2,2026-09-02 11:00:00,True
C14659,ACC-06180,10790.09,2026-08-20 08:00:00,True
C14660,ACC-04930,24550.42,2026-09-07 19:00:00,True
C14661,ACC-02182,6064.56,2026-09-05 08:00:00,True
C14662,ACC-07977,27529.47,2026-09-07 09:00:00,True
C14663,ACC-00616,14810.7,2026-08-21 22:00:00,True
C14664,ACC-00973,9486.31,2026-08-30 01:00:00,True
C14665,ACC-03481,13667.34,2026-09-04 13:00:00,True
C14666,ACC-02587,9185.52,2026-08-28 09:00:00,True
C14667,ACC-04962,9105.21,2026-08-31 17:00:00,True
C14668,ACC-02614,10071.17,2026-08-25 19:00:00,True
C14669,ACC-02654,13391.8,2026-09-07 18:00:00,True
C14670,ACC-00033,13529.46,2026-09-03 20:00:00,True
C14671,ACC-01994,11482.7,2026-08-18 18:00:00,True
C14672,ACC-05803,66271.66,2026-08-23 11:00:00,True
C14673,ACC-06266,37426.18,2026-08-17 11:00:00,True
C14674,ACC-07643,6455.0,2026-08-21 08:00:00,True
C14675,ACC-03223,6058.41,2026-08-31 02:00:00,True
C14676,ACC-04532,5697.4,2026-08-16 04:00:00,True
C14677,ACC-04009,12397.67,2026-08-21 14:00:00,True
C14678,ACC-03695,13805.85,2026-08-30 19:00:00,True
C14679,ACC-00808,12390.54,2026-09-07 16:00:00,True
C14680,ACC-07897,13320.71,2026-08-15 04:00:00,True
C14681,ACC-02951,13980.3,2026-08-13 23:00:00,True
C14682,ACC-06785,14914.58,2026-09-06 14:00:00,True
C14683,ACC-00459,9058.16,2026-08-19 06:00:00,True
C14684,ACC-07048,11962.14,2026-09-09 09:00:00,True
C14685,ACC-07309,10714.48,2026-08-29 05:00:00,True
C14686,ACC-00649,7582.08,2026-09-02 01:00:00,True
C14687,ACC-03785,12233.28,2026-08-15 06:00:00,True
C14688,ACC-05670,8183.39,2026-08-24 04:00:00,True
C14689,ACC-02234,8896.12,2026-09-07 02:00:00,True
C14690,ACC-03555,11031.08,2026-08-17 11:00:00,True
C14691,ACC-03427,54303.39,2026-09-09 21:00:00,True
C14692,ACC-02263,11924.11,2026-09-09 21:00:00,True
C14693,ACC-01555,11568.62,2026-09-06 21:00:00,True
C14694,ACC-07277,14746.21,2026-08-19 03:00:00,True
C14695,ACC-03890,8056.3,2026-08-19 07:00:00,True
C14696,ACC-05657,11463.39,2026-08-21 07:00:00,True
C14697,ACC-05662,5940.58,2026-08-18 04:00:00,True
C14698,ACC-03204,13795.59,2026-08-21 20:00:00,True
C14699,ACC-00222,7295.34,2026-08-14 13:00:00,True
C14700,ACC-02315,9117.95,2026-08-16 11:00:00,True
C14701,ACC-00313,12335.2,2026-09-03 07:00:00,True
C14702,ACC-03159,8085.41,2026-08-28 02:00:00,True
C14703,ACC-07069,13915.6,2026-09-10 09:00:00,True
C14704,ACC-04193,78867.09,2026-09-06 16:00:00,True
C14705,ACC-06464,5651.26,2026-08-27 15:00:00,True
C14706,ACC-01747,14896.93,2026-08-30 23:00:00,True
C14707,ACC-02149,67490.58,2026-09-09 17:00:00,True
C14708,ACC-02976,11341.73,2026-09-05 11:00:00,True
C14709,ACC-00648,9802.85,2026-09-05 05:00:00,True
C14710,ACC-02736,9327.82,2026-08-19 00:00:00,True
C14711,ACC-02509,35305.24,2026-08-19 23:00:00,True
C14712,ACC-00840,11745.46,2026-08-16 03:00:00,True
C14713,ACC-07941,7300.72,2026-08-23 17:00:00,True
C14714,ACC-00689,7086.87,2026-09-03 04:00:00,True
C14715,ACC-04874,14390.71,2026-08-30 09:00:00,True
C14716,ACC-03300,8812.49,2026-08-17 20:00:00,True
C14717,ACC-02093,12316.55,2026-08-22 04:00:00,True
C14718,ACC-03356,12760.46,2026-08-24 23:00:00,True
C14719,ACC-00802,6757.28,2026-08-30 03:00:00,True
C14720,ACC-00508,10620.2,2026-09-02 13:00:00,True
C14721,ACC-06416,14447.14,2026-08-28 17:00:00,True
C14722,ACC-00468,8435.25,2026-08-24 02:00:00,True
C14723,ACC-06567,7042.02,2026-08-27 04:00:00,True
C14724,ACC-02619,10776.18,2026-08-15 12:00:00,True
C14725,ACC-02334,14740.81,2026-08-30 07:00:00,True
C14726,ACC-02406,95963.2,2026-08-13 19:00:00,True
C14727,ACC-05436,14859.55,2026-09-04 04:00:00,True
C14728,ACC-00049,11105.21,2026-08-17 13:00:00,True
C14729,ACC-00405,8772.91,2026-08-28 15:00:00,True
C14730,ACC-07485,9499.74,2026-08-27 23:00:00,True
C14731,ACC-04916,10793.91,2026-08-23 17:00:00,True
C14732,ACC-05537,9085.83,2026-08-27 12:00:00,True
C14733,ACC-06751,12002.8,2026-09-06 22:00:00,True
C14734,ACC-06577,5222.49,2026-08-13 16:00:00,True
C14735,ACC-07987,10842.42,2026-08-13 23:00:00,True
C14736,ACC-02597,11212.25,2026-09-08 04:00:00,True
C14737,ACC-07401,5263.17,2026-09-08 10:00:00,True
C14738,ACC-06173,12984.21,2026-08-17 06:00:00,True
C14739,ACC-06950,46213.3,2026-09-01 14:00:00,True
C14740,ACC-06909,12594.69,2026-09-02 02:00:00,True
C14741,ACC-01771,8351.24,2026-09-09 16:00:00,True
C14742,ACC-06855,13568.72,2026-08-27 23:00:00,True
C14743,ACC-00555,9844.73,2026-08-23 05:00:00,True
C14744,ACC-02430,6357.14,2026-09-01 11:00:00,True
C14745,ACC-03259,14012.01,2026-08-18 13:00:00,True
C14746,ACC-00809,9346.34,2026-09-04 19:00:00,True
C14747,ACC-00743,10370.59,2026-08-25 14:00:00,True
C14748,ACC-02439,13015.37,2026-09-05 02:00:00,True
C14749,ACC-04689,83166.84,2026-09-07 03:00:00,True
C14750,ACC-03231,12605.91,2026-08-20 23:00:00,True
C14751,ACC-06141,11468.25,2026-09-02 20:00:00,True
C14752,ACC-03039,12587.41,2026-08-23 05:00:00,True
C14753,ACC-06727,13681.72,2026-08-27 19:00:00,True
C14754,ACC-00863,6958.62,2026-08-20 00:00:00,True
C14755,ACC-00473,7207.35,2026-08-25 01:00:00,True
C14756,ACC-01983,5217.36,2026-08-18 10:00:00,True
C14757,ACC-02659,37250.56,2026-09-08 08:00:00,True
C14758,ACC-05706,7812.59,2026-08-31 15:00:00,True
C14759,ACC-02781,7581.65,2026-08-20 17:00:00,True
C14760,ACC-01809,51049.93,2026-08-24 17:00:00,True
C14761,ACC-01097,10381.83,2026-08-28 22:00:00,True
C14762,ACC-01950,10094.4,2026-08-19 11:00:00,True
C14763,ACC-00180,9883.85,2026-08-23 17:00:00,True
C14764,ACC-01384,12835.57,2026-08-26 04:00:00,True
C14765,ACC-03244,11132.76,2026-08-17 01:00:00,True
C14766,ACC-03507,11500.63,2026-08-20 03:00:00,True
C14767,ACC-05643,12128.62,2026-08-31 20:00:00,True
C14768,ACC-07315,8541.42,2026-09-05 18:00:00,True
C14769,ACC-07377,12499.05,2026-09-03 22:00:00,True
C14770,ACC-07972,58401.48,2026-08-16 04:00:00,True
C14771,ACC-06884,22585.46,2026-08-27 01:00:00,True
C14772,ACC-01300,10709.75,2026-08-19 11:00:00,True
C14773,ACC-02205,5334.97,2026-09-01 13:00:00,True
C14774,ACC-00254,8984.28,2026-08-28 01:00:00,True
C14775,ACC-05735,6500.15,2026-08-17 20:00:00,True
C14776,ACC-06089,12223.51,2026-08-18 03:00:00,True
C14777,ACC-01484,10253.34,2026-08-31 05:00:00,True
C14778,ACC-06240,11546.94,2026-08-16 02:00:00,True
C14779,ACC-06984,7460.02,2026-08-28 01:00:00,True
C14780,ACC-07895,13649.19,2026-09-05 06:00:00,True
C14781,ACC-04912,9298.37,2026-09-05 23:00:00,True
C14782,ACC-07087,11835.38,2026-09-08 16:00:00,True
C14783,ACC-04804,13617.01,2026-08-20 12:00:00,True
C14784,ACC-04947,9664.15,2026-09-09 04:00:00,True
C14785,ACC-01778,99489.47,2026-08-13 18:00:00,True
C14786,ACC-00054,6018.02,2026-09-07 19:00:00,True
C14787,ACC-02960,7150.36,2026-08-30 20:00:00,True
C14788,ACC-06799,47447.48,2026-08-27 04:00:00,True
C14789,ACC-01851,8749.27,2026-08-21 18:00:00,True
C14790,ACC-01667,11188.24,2026-08-24 16:00:00,True
C14791,ACC-07066,6640.71,2026-09-01 14:00:00,True
C14792,ACC-05295,7315.57,2026-09-02 14:00:00,True
C14793,ACC-02287,10742.52,2026-08-18 07:00:00,True
C14794,ACC-06082,9228.13,2026-09-04 21:00:00,True
C14795,ACC-07060,8155.46,2026-09-01 12:00:00,True
C14796,ACC-01663,11804.09,2026-08-14 21:00:00,True
C14797,ACC-06193,20213.02,2026-08-21 19:00:00,True
C14798,ACC-05418,7624.56,2026-08-30 17:00:00,True
C14799,ACC-07267,69760.06,2026-09-07 12:00:00,True
C14800,ACC-04761,8646.8,2026-08-24 19:00:00,True
C14801,ACC-02373,6189.27,2026-09-04 14:00:00,True
C14802,ACC-03508,8278.68,2026-08-23 17:00:00,True
C14803,ACC-04243,5578.86,2026-08-21 17:00:00,True
C14804,ACC-04237,44883.92,2026-08-22 20:00:00,True
C14805,ACC-01109,5917.0,2026-08-16 18:00:00,True
C14806,ACC-00636,12323.4,2026-08-19 11:00:00,True
C14807,ACC-03852,5650.31,2026-09-03 19:00:00,True
C14808,ACC-07093,6890.79,2026-09-02 00:00:00,True
C14809,ACC-07637,11067.0,2026-09-05 14:00:00,True
C14810,ACC-04177,8117.57,2026-08-15 07:00:00,True
C14811,ACC-04755,11891.37,2026-09-05 09:00:00,True
C14812,ACC-03445,35184.74,2026-08-29 18:00:00,True
C14813,ACC-05689,64668.94,2026-08-16 03:00:00,True
C14814,ACC-06948,10910.12,2026-09-04 17:00:00,True
C14815,ACC-00101,14387.6,2026-09-05 23:00:00,True
C14816,ACC-03217,7669.01,2026-08-13 17:00:00,True
C14817,ACC-02429,9169.76,2026-09-06 11:00:00,True
C14818,ACC-02753,14349.36,2026-08-20 10:00:00,True
C14819,ACC-04312,5229.08,2026-08-18 09:00:00,True
C14820,ACC-03262,12482.13,2026-09-06 14:00:00,True
C14821,ACC-01331,11900.22,2026-08-21 00:00:00,True
C14822,ACC-02016,5588.73,2026-09-08 12:00:00,True
C14823,ACC-04311,12267.1,2026-08-16 14:00:00,True
C14824,ACC-05265,6600.37,2026-08-21 08:00:00,True
C14825,ACC-04709,13000.62,2026-09-02 08:00:00,True
C14826,ACC-03952,10355.47,2026-09-07 00:00:00,True
C14827,ACC-07295,14250.55,2026-08-27 20:00:00,True
C14828,ACC-07562,59725.55,2026-09-05 15:00:00,True
C14829,ACC-01312,5863.5,2026-08-15 14:00:00,True
C14830,ACC-05925,8452.63,2026-09-10 12:00:00,True
C14831,ACC-04150,84227.34,2026-09-03 08:00:00,True
C14832,ACC-00750,84371.49,2026-09-09 14:00:00,True
C14833,ACC-02921,14660.39,2026-08-18 17:00:00,True
C14834,ACC-03559,10795.72,2026-09-08 14:00:00,True
C14835,ACC-01534,31044.17,2026-09-02 10:00:00,True
C14836,ACC-07329,13847.21,2026-08-23 12:00:00,True
C14837,ACC-06211,13681.36,2026-09-06 13:00:00,True
C14838,ACC-06148,5091.22,2026-08-24 00:00:00,True
C14839,ACC-03001,13307.08,2026-09-01 21:00:00,True
C14840,ACC-07229,12532.36,2026-09-01 15:00:00,True
C14841,ACC-01453,11153.99,2026-09-07 18:00:00,True
C14842,ACC-04110,5166.76,2026-09-03 20:00:00,True
C14843,ACC-06813,12599.28,2026-08-31 09:00:00,True
C14844,ACC-01897,13568.38,2026-08-18 04:00:00,True
C14845,ACC-01548,12976.39,2026-08-24 18:00:00,True
C14846,ACC-04099,12298.53,2026-08-17 02:00:00,True
C14847,ACC-07323,14507.38,2026-08-24 07:00:00,True
C14848,ACC-04350,8080.4,2026-08-23 03:00:00,True
C14849,ACC-01425,12534.86,2026-08-22 14:00:00,True
C14850,ACC-02230,13088.79,2026-09-01 22:00:00,True
C14851,ACC-00834,14570.33,2026-08-18 11:00:00,True
C14852,ACC-01557,9405.0,2026-09-03 03:00:00,True
C14853,ACC-01482,10885.24,2026-08-24 05:00:00,True
C14854,ACC-06702,33343.92,2026-09-07 13:00:00,True
C14855,ACC-04858,14392.61,2026-08-16 15:00:00,True
C14856,ACC-01269,6855.71,2026-08-23 15:00:00,True
C14857,ACC-07195,14062.33,2026-09-04 20:00:00,True
C14858,ACC-05966,14010.7,2026-08-18 19:00:00,True
C14859,ACC-06877,10269.42,2026-08-17 09:00:00,True
C14860,ACC-04035,8735.17,2026-09-06 05:00:00,True
C14861,ACC-01740,13982.78,2026-09-08 23:00:00,True
C14862,ACC-03197,26492.88,2026-08-25 02:00:00,True
C14863,ACC-01569,87122.44,2026-08-26 02:00:00,True
C14864,ACC-01858,12899.09,2026-08-21 09:00:00,True
C14865,ACC-05767,9244.01,2026-08-21 21:00:00,True
C14866,ACC-06521,7682.21,2026-08-31 05:00:00,True
C14867,ACC-04821,12871.3,2026-08-28 01:00:00,True
C14868,ACC-02454,12786.5,2026-09-08 01:00:00,True
C14869,ACC-03748,24882.04,2026-08-28 03:00:00,True
C14870,ACC-05773,52816.79,2026-09-07 00:00:00,True
C14871,ACC-01239,11284.3,2026-09-08 18:00:00,True
C14872,ACC-07455,9358.94,2026-08-17 04:00:00,True
C14873,ACC-03949,14549.18,2026-08-19 11:00:00,True
C14874,ACC-01982,13742.45,2026-08-15 16:00:00,True
C14875,ACC-02897,5081.07,2026-09-09 04:00:00,True
C14876,ACC-06947,66861.64,2026-09-04 06:00:00,True
C14877,ACC-00458,11150.54,2026-08-29 11:00:00,True
C14878,ACC-01615,13557.92,2026-08-27 21:00:00,True
C14879,ACC-04151,11329.92,2026-08-18 00:00:00,True
C14880,ACC-04015,49154.46,2026-09-05 21:00:00,True
C14881,ACC-02170,14811.15,2026-09-09 07:00:00,True
C14882,ACC-00426,12226.55,2026-08-30 02:00:00,True
C14883,ACC-05107,13384.31,2026-08-13 16:00:00,True
C14884,ACC-04802,64894.29,2026-09-03 19:00:00,True
C14885,ACC-05877,73837.11,2026-08-17 12:00:00,True
C14886,ACC-06494,12806.24,2026-09-02 20:00:00,True
C14887,ACC-07947,88687.66,2026-08-30 15:00:00,True
C14888,ACC-06922,9049.15,2026-09-08 21:00:00,True
C14889,ACC-03857,72741.06,2026-08-19 05:00:00,True
C14890,ACC-00771,9837.57,2026-08-18 19:00:00,True
C14891,ACC-02397,73932.09,2026-09-05 01:00:00,True
C14892,ACC-06286,9859.84,2026-08-23 01:00:00,True
C14893,ACC-00366,13328.64,2026-08-22 03:00:00,True
C14894,ACC-05093,5977.21,2026-08-29 20:00:00,True
C14895,ACC-02316,5443.11,2026-08-28 00:00:00,True
C14896,ACC-03992,12734.12,2026-08-15 20:00:00,True
C14897,ACC-00966,11402.75,2026-09-01 16:00:00,True
C14898,ACC-02850,9105.45,2026-08-17 06:00:00,True
C14899,ACC-00150,68678.65,2026-09-03 06:00:00,True
C14900,ACC-00330,5192.95,2026-08-29 09:00:00,True
C14901,ACC-06616,11157.75,2026-08-27 01:00:00,True
C14902,ACC-01242,13463.84,2026-09-09 15:00:00,True
C14903,ACC-01311,9383.29,2026-08-17 09:00:00,True
C14904,ACC-01675,9600.12,2026-09-09 00:00:00,True
C14905,ACC-03987,7697.1,2026-08-15 16:00:00,True
C14906,ACC-03942,10429.96,2026-09-08 21:00:00,True
C14907,ACC-00055,48235.25,2026-08-18 17:00:00,True
C14908,ACC-06538,9868.07,2026-09-03 23:00:00,True
C14909,ACC-02336,13791.91,2026-09-03 01:00:00,True
C14910,ACC-05712,76981.4,2026-08-16 01:00:00,True
C14911,ACC-03460,9140.46,2026-08-17 18:00:00,True
C14912,ACC-01283,14506.94,2026-08-17 10:00:00,True
C14913,ACC-01367,14632.66,2026-09-01 20:00:00,True
C14914,ACC-07978,12676.44,2026-09-03 14:00:00,True
C14915,ACC-05981,11641.93,2026-08-20 12:00:00,True
C14916,ACC-03072,12209.17,2026-08-26 15:00:00,True
C14917,ACC-07570,12741.79,2026-08-16 01:00:00,True
C14918,ACC-06889,10607.2,2026-08-28 01:00:00,True
C14919,ACC-00914,13243.62,2026-09-06 00:00:00,True
C14920,ACC-05459,14743.09,2026-08-25 07:00:00,True
C14921,ACC-02629,84800.96,2026-08-31 07:00:00,True
C14922,ACC-07497,8943.14,2026-08-14 03:00:00,True
C14923,ACC-07844,9515.05,2026-08-17 02:00:00,True
C14924,ACC-03186,11291.15,2026-09-01 16:00:00,True
C14925,ACC-06042,12000.66,2026-08-29 01:00:00,True
C14926,ACC-06306,11864.41,2026-09-05 01:00:00,True
C14927,ACC-00174,7864.1,2026-08-31 04:00:00,True
C14928,ACC-07029,10207.72,2026-09-08 09:00:00,True
C14929,ACC-07888,10323.23,2026-08-15 14:00:00,True
C14930,ACC-04562,8426.09,2026-08-13 14:00:00,True
C14931,ACC-04626,39434.73,2026-09-04 00:00:00,True
C14932,ACC-00005,13994.0,2026-09-02 11:00:00,True
C14933,ACC-07582,9429.16,2026-09-07 07:00:00,True
C14934,ACC-02896,14114.18,2026-08-24 06:00:00,True
C14935,ACC-01361,97705.94,2026-09-10 06:00:00,True
C14936,ACC-01221,73702.9,2026-09-02 22:00:00,True
C14937,ACC-06461,11543.41,2026-08-29 03:00:00,True
C14938,ACC-01508,7567.03,2026-08-16 00:00:00,True
C14939,ACC-03891,7985.11,2026-08-27 22:00:00,True
C14940,ACC-03422,5833.15,2026-08-22 17:00:00,True
C14941,ACC-03010,34012.12,2026-09-09 02:00:00,True
C14942,ACC-07937,5669.85,2026-08-31 05:00:00,True
C14943,ACC-01625,14013.28,2026-09-02 16:00:00,True
C14944,ACC-07492,12809.59,2026-08-18 08:00:00,True
C14945,ACC-00385,9015.29,2026-08-31 07:00:00,True
C14946,ACC-01153,6742.32,2026-09-10 08:00:00,True
C14947,ACC-00685,12349.71,2026-08-27 18:00:00,True
C14948,ACC-03970,10504.03,2026-08-17 12:00:00,True
C14949,ACC-05374,8668.38,2026-08-24 22:00:00,True
C14950,ACC-07621,5104.65,2026-09-01 20:00:00,True
C14951,ACC-07628,37413.77,2026-08-13 17:00:00,True
C14952,ACC-04101,8451.61,2026-08-18 14:00:00,True
C14953,ACC-03100,12344.05,2026-09-10 07:00:00,True
C14954,ACC-06090,14073.46,2026-09-01 11:00:00,True
C14955,ACC-01081,94315.77,2026-08-17 10:00:00,True
C14956,ACC-01230,11992.59,2026-09-07 21:00:00,True
C14957,ACC-06967,29224.27,2026-09-04 11:00:00,True
C14958,ACC-07967,80394.41,2026-08-23 22:00:00,True
C14959,ACC-03886,14945.45,2026-08-26 04:00:00,True
C14960,ACC-07399,12794.82,2026-08-31 09:00:00,True
C14961,ACC-06834,7809.06,2026-08-31 19:00:00,True
C14962,ACC-05498,10866.49,2026-08-24 11:00:00,True
C14963,ACC-05843,12253.62,2026-08-18 22:00:00,True
C14964,ACC-05063,10414.01,2026-09-04 09:00:00,True
C14965,ACC-05465,5195.34,2026-08-30 00:00:00,True
C14966,ACC-07206,6621.98,2026-08-31 03:00:00,True
C14967,ACC-00202,10943.51,2026-09-08 22:00:00,True
C14968,ACC-07931,13910.0,2026-08-13 18:00:00,True
C14969,ACC-05232,12181.19,2026-08-29 18:00:00,True
C14970,ACC-06093,95461.87,2026-08-31 21:00:00,True
C14971,ACC-05484,52781.37,2026-08-20 12:00:00,True
C14972,ACC-07609,5337.7,2026-08-23 21:00:00,True
C14973,ACC-06729,83437.9,2026-08-16 22:00:00,True
C14974,ACC-07169,14668.36,2026-08-27 19:00:00,True
C14975,ACC-05086,74404.08,2026-08-21 07:00:00,True
C14976,ACC-01106,40474.01,2026-09-10 00:00:00,True
C14977,ACC-05370,14630.86,2026-08-30 01:00:00,True
C14978,ACC-02696,13021.61,2026-09-05 20:00:00,True
C14979,ACC-04656,14744.27,2026-08-31 05:00:00,True
C14980,ACC-01250,14706.23,2026-08-28 03:00:00,True
C14981,ACC-00656,13007.14,2026-08-30 02:00:00,True
C14982,ACC-02047,65268.82,2026-08-25 19:00:00,True
C14983,ACC-00219,6594.8,2026-08-16 21:00:00,True
C14984,ACC-06060,80819.34,2026-08-24 21:00:00,True
C14985,ACC-00919,10065.58,2026-08-23 19:00:00,True
C14986,ACC-06030,5193.86,2026-08-26 12:00:00,True
C14987,ACC-00870,5413.27,2026-09-07 14:00:00,True
C14988,ACC-00360,8122.19,2026-08-24 21:00:00,True
C14989,ACC-04161,6500.63,2026-08-20 10:00:00,True
C14990,ACC-06678,77704.85,2026-09-10 08:00:00,True
C14991,ACC-06188,10345.54,2026-09-08 21:00:00,True
C14992,ACC-06103,7923.55,2026-08-17 02:00:00,True
C14993,ACC-06937,7016.63,2026-08-24 06:00:00,True
C14994,ACC-05581,28548.6,2026-08-23 01:00:00,True
C14995,ACC-02051,97173.32,2026-08-27 21:00:00,True
C14996,ACC-03247,14144.86,2026-08-21 01:00:00,True
C14997,ACC-07504,5773.25,2026-08-16 09:00:00,True
C14998,ACC-00013,13020.72,2026-08-15 06:00:00,True
C14999,ACC-06250,5832.82,2026-08-20 22:00:00,True
