tx_id,sender_account_id,receiver_account_id,amount,timestamp,is_fraud,case_id,is_synthetic
TX-000001,ACC-00655,ACC-00115,22.26,2026-09-02 05:00:00,0,,True
TX-000002,ACC-00229,ACC-00143,370.87,2026-08-19 13:00:00,0,,True
TX-000003,ACC-00914,ACC-00559,52.6,2026-08-28 11:00:00,0,,True
TX-000004,ACC-00031,ACC-00096,117.13,2026-08-24 17:00:00,0,,True
TX-000005,ACC-00028,ACC-00575,107.43,2026-08-20 14:00:00,0,,True
TX-000006,ACC-00559,ACC-00430,118.02,2026-08-23 04:00:00,0,,True
TX-000007,ACC-00829,ACC-00891,13.18,2026-08-16 07:00:00,0,,True
TX-000008,ACC-00715,ACC-00433,176.72,2026-09-06 06:00:00,0,,True
TX-000009,ACC-00981,ACC-00782,174.93,2026-09-08 00:00:00,0,,True
TX-000010,ACC-00100,ACC-00368,425.27,2026-08-22 04:00:00,0,,True
TX-000011,ACC-00827,ACC-00045,367.57,2026-08-24 09:00:00,0,,True
TX-000012,ACC-00997,ACC-00945,195.48,2026-08-24 03:00:00,0,,True
TX-000013,ACC-00850,ACC-00644,313.07,2026-08-14 01:00:00,0,,True
TX-000014,ACC-00592,ACC-00197,355.24,2026-09-08 15:00:00,0,,True
TX-000015,ACC-00234,ACC-00792,151.8,2026-09-08 05:00:00,0,,True
TX-000016,ACC-00888,ACC-00104,196.26,2026-08-26 16:00:00,0,,True
TX-000017,ACC-00855,ACC-00374,89.7,2026-08-30 06:00:00,0,,True
TX-000018,ACC-00687,ACC-00274,353.89,2026-08-19 16:00:00,0,,True
TX-000019,ACC-00074,ACC-00624,321.14,2026-08-23 13:00:00,0,,True
TX-000020,ACC-00251,ACC-00168,236.51,2026-09-01 16:00:00,0,,True
TX-000021,ACC-00705,ACC-00571,117.61,2026-08-31 11:00:00,0,,True
TX-000022,ACC-00235,ACC-00842,25.73,2026-08-31 00:00:00,0,,True
TX-000023,ACC-00275,ACC-00068,113.38,2026-08-10 18:00:00,0,,True
TX-000024,ACC-00898,ACC-00736,164.19,2026-08-20 21:00:00,0,,True
TX-000025,ACC-00406,ACC-00906,458.13,2026-08-27 08:00:00,0,,True
TX-000026,ACC-00272,ACC-00143,130.85,2026-08-23 19:00:00,0,,True
TX-000027,ACC-00270,ACC-00765,296.45,2026-08-12 18:00:00,0,,True
TX-000028,ACC-00409,ACC-00371,117.47,2026-09-05 20:00:00,0,,True
TX-000029,ACC-00506,ACC-00094,380.33,2026-08-14 09:00:00,0,,True
TX-000030,ACC-00157,ACC-00643,88.39,2026-08-19 23:00:00,0,,True
TX-000031,ACC-00611,ACC-00066,198.54,2026-08-21 22:00:00,0,,True
TX-000032,ACC-00542,ACC-00258,485.83,2026-08-14 12:00:00,0,,True
TX-000033,ACC-00697,ACC-00739,66.13,2026-08-12 19:00:00,0,,True
TX-000034,ACC-00769,ACC-00274,386.61,2026-08-31 09:00:00,0,,True
TX-000035,ACC-00301,ACC-00446,87.5,2026-09-09 13:00:00,0,,True
TX-000036,ACC-00897,ACC-00737,139.06,2026-08-25 07:00:00,0,,True
TX-000037,ACC-00520,ACC-00935,62.14,2026-08-21 03:00:00,0,,True
TX-000038,ACC-00862,ACC-00655,258.75,2026-09-04 08:00:00,0,,True
TX-000039,ACC-00383,ACC-00781,89.16,2026-08-10 20:00:00,0,,True
TX-000040,ACC-00941,ACC-00001,303.48,2026-08-26 12:00:00,0,,True
TX-000041,ACC-00115,ACC-00952,187.86,2026-08-15 03:00:00,0,,True
TX-000042,ACC-00246,ACC-00060,128.03,2026-08-23 10:00:00,0,,True
TX-000043,ACC-00088,ACC-00750,248.14,2026-09-07 19:00:00,0,,True
TX-000044,ACC-00785,ACC-00129,72.91,2026-08-25 19:00:00,0,,True
TX-000045,ACC-00170,ACC-00272,268.56,2026-08-21 23:00:00,0,,True
TX-000046,ACC-00988,ACC-00217,465.17,2026-08-16 13:00:00,0,,True
TX-000047,ACC-00707,ACC-00206,359.34,2026-08-28 15:00:00,0,,True
TX-000048,ACC-00666,ACC-00383,224.67,2026-08-24 22:00:00,0,,True
TX-000049,ACC-00124,ACC-00254,120.1,2026-08-31 12:00:00,0,,True
TX-000050,ACC-00603,ACC-00568,122.76,2026-09-03 12:00:00,0,,True
TX-000051,ACC-00073,ACC-00725,319.24,2026-09-03 10:00:00,0,,True
TX-000052,ACC-00928,ACC-00033,431.22,2026-09-07 20:00:00,0,,True
TX-000053,ACC-00244,ACC-00286,337.8,2026-09-03 19:00:00,0,,True
TX-000054,ACC-00136,ACC-00741,468.4,2026-08-22 18:00:00,0,,True
TX-000055,ACC-00485,ACC-00249,394.46,2026-08-15 23:00:00,0,,True
TX-000056,ACC-00195,ACC-00097,57.5,2026-08-28 01:00:00,0,,True
TX-000057,ACC-00434,ACC-00421,238.84,2026-08-18 11:00:00,0,,True
TX-000058,ACC-00690,ACC-00670,492.24,2026-09-07 11:00:00,0,,True
TX-000059,ACC-00413,ACC-00746,176.26,2026-08-14 09:00:00,0,,True
TX-000060,ACC-00255,ACC-00197,103.2,2026-08-27 08:00:00,0,,True
TX-000061,ACC-00433,ACC-00188,146.49,2026-09-03 10:00:00,0,,True
TX-000062,ACC-00454,ACC-00828,432.06,2026-08-24 09:00:00,0,,True
TX-000063,ACC-00052,ACC-00668,499.65,2026-08-15 12:00:00,0,,True
TX-000064,ACC-00993,ACC-00096,463.92,2026-08-14 05:00:00,0,,True
TX-000065,ACC-00171,ACC-00417,247.96,2026-09-04 00:00:00,0,,True
TX-000066,ACC-00925,ACC-00061,90.67,2026-09-10 00:00:00,0,,True
TX-000067,ACC-00272,ACC-00949,394.19,2026-08-27 03:00:00,0,,True
TX-000068,ACC-00434,ACC-00714,479.09,2026-08-15 19:00:00,0,,True
TX-000069,ACC-00678,ACC-00736,248.47,2026-09-04 03:00:00,0,,True
TX-000070,ACC-00223,ACC-00992,38.66,2026-08-17 19:00:00,0,,True
TX-000071,ACC-00063,ACC-00766,163.67,2026-09-08 18:00:00,0,,True
TX-000072,ACC-00489,ACC-00515,460.5,2026-08-25 07:00:00,0,,True
TX-000073,ACC-00059,ACC-00984,258.84,2026-08-14 07:00:00,0,,True
TX-000074,ACC-00071,ACC-00610,43.3,2026-08-14 05:00:00,0,,True
TX-000075,ACC-00414,ACC-00123,471.38,2026-08-23 05:00:00,0,,True
TX-000076,ACC-00593,ACC-00609,29.47,2026-09-07 23:00:00,0,,True
TX-000077,ACC-00674,ACC-00598,286.96,2026-08-31 04:00:00,0,,True
TX-000078,ACC-00210,ACC-00686,360.93,2026-09-03 04:00:00,0,,True
TX-000079,ACC-00406,ACC-00135,339.13,2026-08-31 22:00:00,0,,True
TX-000080,ACC-00324,ACC-00952,378.41,2026-09-08 12:00:00,0,,True
TX-000081,ACC-00470,ACC-00637,499.24,2026-09-07 10:00:00,0,,True
TX-000082,ACC-00551,ACC-00219,257.88,2026-09-06 01:00:00,0,,True
TX-000083,ACC-00903,ACC-00071,440.84,2026-08-30 03:00:00,0,,True
TX-000084,ACC-00162,ACC-00449,418.54,2026-08-19 03:00:00,0,,True
TX-000085,ACC-00627,ACC-00827,330.45,2026-09-09 15:00:00,0,,True
TX-000086,ACC-00837,ACC-00568,156.7,2026-08-20 09:00:00,0,,True
TX-000087,ACC-00962,ACC-00900,75.8,2026-09-07 09:00:00,0,,True
TX-000088,ACC-00761,ACC-00567,86.17,2026-08-31 17:00:00,0,,True
TX-000089,ACC-00216,ACC-00735,178.01,2026-08-19 16:00:00,0,,True
TX-000090,ACC-00874,ACC-00271,257.65,2026-09-02 11:00:00,0,,True
TX-000091,ACC-00095,ACC-00650,217.55,2026-09-02 11:00:00,0,,True
TX-000092,ACC-00004,ACC-00342,387.85,2026-08-21 04:00:00,0,,True
TX-000093,ACC-00166,ACC-00760,226.5,2026-08-18 23:00:00,0,,True
TX-000094,ACC-00575,ACC-00010,64.82,2026-08-10 14:00:00,0,,True
TX-000095,ACC-00926,ACC-00153,277.34,2026-08-15 01:00:00,0,,True
TX-000096,ACC-00597,ACC-00566,82.57,2026-09-06 11:00:00,0,,True
TX-000097,ACC-00316,ACC-00374,450.5,2026-08-16 11:00:00,0,,True
TX-000098,ACC-00921,ACC-00367,112.94,2026-09-02 15:00:00,0,,True
TX-000099,ACC-00106,ACC-00363,392.26,2026-08-12 23:00:00,0,,True
TX-000100,ACC-00998,ACC-00636,377.24,2026-08-12 05:00:00,0,,True
TX-000101,ACC-00886,ACC-00167,488.34,2026-08-16 07:00:00,0,,True
TX-000102,ACC-00903,ACC-00423,22.15,2026-08-18 02:00:00,0,,True
TX-000103,ACC-00802,ACC-00954,211.74,2026-08-19 13:00:00,0,,True
TX-000104,ACC-00831,ACC-00255,140.73,2026-08-15 14:00:00,0,,True
TX-000105,ACC-00111,ACC-00392,437.36,2026-08-13 21:00:00,0,,True
TX-000106,ACC-00228,ACC-00205,410.13,2026-08-27 01:00:00,0,,True
TX-000107,ACC-00313,ACC-00841,399.72,2026-09-03 05:00:00,0,,True
TX-000108,ACC-00025,ACC-00676,104.63,2026-08-31 04:00:00,0,,True
TX-000109,ACC-00886,ACC-00072,483.78,2026-09-02 01:00:00,0,,True
TX-000110,ACC-00657,ACC-00522,205.84,2026-08-14 19:00:00,0,,True
TX-000111,ACC-00340,ACC-00962,23.52,2026-08-13 04:00:00,0,,True
TX-000112,ACC-00183,ACC-00595,481.64,2026-09-02 11:00:00,0,,True
TX-000113,ACC-00112,ACC-00611,222.94,2026-08-18 02:00:00,0,,True
TX-000114,ACC-00447,ACC-00621,492.28,2026-09-07 00:00:00,0,,True
TX-000115,ACC-00922,ACC-00591,103.14,2026-09-08 14:00:00,0,,True
TX-000116,ACC-00447,ACC-00002,264.76,2026-08-15 19:00:00,0,,True
TX-000117,ACC-00704,ACC-00737,470.73,2026-08-17 15:00:00,0,,True
TX-000118,ACC-00202,ACC-00373,221.34,2026-08-10 15:00:00,0,,True
TX-000119,ACC-00943,ACC-00339,315.35,2026-08-20 09:00:00,0,,True
TX-000120,ACC-00738,ACC-00922,157.16,2026-08-31 15:00:00,0,,True
TX-000121,ACC-00419,ACC-00335,207.18,2026-08-31 19:00:00,0,,True
TX-000122,ACC-00131,ACC-00197,216.02,2026-08-11 00:00:00,0,,True
TX-000123,ACC-00694,ACC-00767,452.37,2026-08-21 18:00:00,0,,True
TX-000124,ACC-00309,ACC-00416,278.49,2026-09-10 03:00:00,0,,True
TX-000125,ACC-00294,ACC-00216,220.65,2026-08-22 17:00:00,0,,True
TX-000126,ACC-00671,ACC-00330,237.84,2026-08-26 15:00:00,0,,True
TX-000127,ACC-00219,ACC-00524,241.86,2026-08-12 13:00:00,0,,True
TX-000128,ACC-00174,ACC-00675,51.55,2026-08-24 15:00:00,0,,True
TX-000129,ACC-00649,ACC-00635,174.24,2026-08-15 05:00:00,0,,True
TX-000130,ACC-00689,ACC-00318,120.07,2026-09-04 08:00:00,0,,True
TX-000131,ACC-00026,ACC-00048,129.97,2026-08-25 17:00:00,0,,True
TX-000132,ACC-00871,ACC-00787,45.69,2026-08-27 16:00:00,0,,True
TX-000133,ACC-00590,ACC-00200,361.99,2026-08-28 21:00:00,0,,True
TX-000134,ACC-00410,ACC-00250,82.31,2026-08-19 12:00:00,0,,True
TX-000135,ACC-00915,ACC-00769,431.62,2026-08-13 09:00:00,0,,True
TX-000136,ACC-00798,ACC-00436,117.23,2026-08-15 14:00:00,0,,True
TX-000137,ACC-00531,ACC-00476,34.61,2026-09-03 09:00:00,0,,True
TX-000138,ACC-00468,ACC-00137,402.69,2026-08-19 20:00:00,0,,True
TX-000139,ACC-00573,ACC-00610,165.48,2026-08-16 22:00:00,0,,True
TX-000140,ACC-00628,ACC-00835,362.44,2026-08-24 23:00:00,0,,True
TX-000141,ACC-00851,ACC-00929,278.46,2026-08-13 07:00:00,0,,True
TX-000142,ACC-00762,ACC-00883,242.59,2026-09-02 05:00:00,0,,True
TX-000143,ACC-00861,ACC-00653,145.88,2026-08-16 20:00:00,0,,True
TX-000144,ACC-00497,ACC-00642,127.23,2026-08-27 10:00:00,0,,True
TX-000145,ACC-00731,ACC-00293,124.9,2026-08-31 02:00:00,0,,True
TX-000146,ACC-00915,ACC-00554,49.48,2026-09-06 05:00:00,0,,True
TX-000147,ACC-00393,ACC-00711,84.87,2026-09-04 10:00:00,0,,True
TX-000148,ACC-00425,ACC-00418,172.13,2026-08-26 23:00:00,0,,True
TX-000149,ACC-00064,ACC-00212,418.12,2026-08-28 18:00:00,0,,True
TX-000150,ACC-00969,ACC-00713,19.57,2026-08-12 18:00:00,0,,True
TX-000151,ACC-00390,ACC-00489,12.89,2026-08-30 03:00:00,0,,True
TX-000152,ACC-00772,ACC-00400,428.19,2026-08-10 23:00:00,0,,True
TX-000153,ACC-00552,ACC-00766,369.97,2026-08-15 17:00:00,0,,True
TX-000154,ACC-00920,ACC-00226,249.23,2026-09-01 23:00:00,0,,True
TX-000155,ACC-00498,ACC-00030,200.54,2026-08-19 15:00:00,0,,True
TX-000156,ACC-00818,ACC-00415,364.85,2026-08-14 22:00:00,0,,True
TX-000157,ACC-00942,ACC-00131,490.55,2026-08-24 12:00:00,0,,True
TX-000158,ACC-00929,ACC-00404,300.03,2026-08-20 12:00:00,0,,True
TX-000159,ACC-00086,ACC-00659,220.02,2026-08-13 22:00:00,0,,True
TX-000160,ACC-00187,ACC-00052,137.48,2026-08-31 06:00:00,0,,True
TX-000161,ACC-00466,ACC-00335,175.38,2026-08-13 00:00:00,0,,True
TX-000162,ACC-00285,ACC-00771,476.09,2026-08-28 04:00:00,0,,True
TX-000163,ACC-00855,ACC-00084,240.45,2026-08-17 19:00:00,0,,True
TX-000164,ACC-00054,ACC-00975,181.48,2026-08-21 10:00:00,0,,True
TX-000165,ACC-00800,ACC-00981,329.36,2026-08-17 12:00:00,0,,True
TX-000166,ACC-00973,ACC-00254,107.69,2026-09-09 17:00:00,0,,True
TX-000167,ACC-00157,ACC-00245,71.85,2026-08-20 09:00:00,0,,True
TX-000168,ACC-00578,ACC-00971,116.8,2026-08-19 04:00:00,0,,True
TX-000169,ACC-00786,ACC-00378,92.22,2026-08-21 13:00:00,0,,True
TX-000170,ACC-00736,ACC-00118,391.12,2026-09-05 03:00:00,0,,True
TX-000171,ACC-00111,ACC-00593,22.58,2026-08-31 18:00:00,0,,True
TX-000172,ACC-00694,ACC-00930,479.5,2026-08-28 14:00:00,0,,True
TX-000173,ACC-00204,ACC-00078,300.13,2026-08-14 16:00:00,0,,True
TX-000174,ACC-00249,ACC-00105,351.62,2026-08-31 15:00:00,0,,True
TX-000175,ACC-00615,ACC-00825,69.32,2026-08-23 11:00:00,0,,True
TX-000176,ACC-00356,ACC-00546,219.91,2026-08-30 10:00:00,0,,True
TX-000177,ACC-00519,ACC-00664,177.2,2026-08-13 23:00:00,0,,True
TX-000178,ACC-00843,ACC-00502,61.71,2026-08-11 01:00:00,0,,True
TX-000179,ACC-00651,ACC-00913,416.07,2026-08-19 08:00:00,0,,True
TX-000180,ACC-00446,ACC-00181,369.56,2026-08-10 16:00:00,0,,True
TX-000181,ACC-00277,ACC-00631,406.02,2026-08-23 21:00:00,0,,True
TX-000182,ACC-00477,ACC-00447,414.61,2026-08-23 04:00:00,0,,True
TX-000183,ACC-00331,ACC-00873,130.29,2026-08-12 10:00:00,0,,True
TX-000184,ACC-00286,ACC-00903,230.89,2026-08-16 22:00:00,0,,True
TX-000185,ACC-00584,ACC-00625,337.41,2026-08-31 12:00:00,0,,True
TX-000186,ACC-00507,ACC-00872,169.26,2026-08-26 06:00:00,0,,True
TX-000187,ACC-00364,ACC-00817,136.59,2026-09-01 17:00:00,0,,True
TX-000188,ACC-00719,ACC-00902,145.37,2026-09-09 20:00:00,0,,True
TX-000189,ACC-00971,ACC-00196,51.95,2026-08-17 23:00:00,0,,True
TX-000190,ACC-00501,ACC-00569,381.5,2026-08-18 21:00:00,0,,True
TX-000191,ACC-00662,ACC-00729,250.5,2026-08-16 12:00:00,0,,True
TX-000192,ACC-00096,ACC-00302,118.58,2026-08-19 05:00:00,0,,True
TX-000193,ACC-00314,ACC-00680,294.96,2026-08-25 19:00:00,0,,True
TX-000194,ACC-00544,ACC-00353,218.5,2026-08-17 19:00:00,0,,True
TX-000195,ACC-00339,ACC-00361,354.4,2026-09-02 03:00:00,0,,True
TX-000196,ACC-00258,ACC-00237,69.12,2026-09-04 02:00:00,0,,True
TX-000197,ACC-00123,ACC-00761,272.57,2026-08-16 14:00:00,0,,True
TX-000198,ACC-00190,ACC-00197,116.03,2026-08-26 04:00:00,0,,True
TX-000199,ACC-00742,ACC-00604,488.54,2026-08-24 17:00:00,0,,True
TX-000200,ACC-00290,ACC-00103,417.99,2026-09-01 05:00:00,0,,True
TX-000201,ACC-00370,ACC-00184,158.11,2026-08-18 19:00:00,0,,True
TX-000202,ACC-00130,ACC-00281,32.3,2026-09-08 19:00:00,0,,True
TX-000203,ACC-00300,ACC-00715,472.6,2026-08-20 21:00:00,0,,True
TX-000204,ACC-00106,ACC-00894,16.01,2026-08-31 21:00:00,0,,True
TX-000205,ACC-00491,ACC-00452,176.95,2026-08-11 11:00:00,0,,True
TX-000206,ACC-00259,ACC-00964,432.24,2026-09-07 10:00:00,0,,True
TX-000207,ACC-00411,ACC-00504,46.3,2026-08-20 15:00:00,0,,True
TX-000208,ACC-00055,ACC-00156,83.11,2026-08-23 03:00:00,0,,True
TX-000209,ACC-00088,ACC-00255,68.04,2026-08-16 23:00:00,0,,True
TX-000210,ACC-00621,ACC-00611,397.46,2026-09-02 20:00:00,0,,True
TX-000211,ACC-00390,ACC-00462,455.17,2026-08-31 18:00:00,0,,True
TX-000212,ACC-00440,ACC-00313,288.63,2026-09-08 17:00:00,0,,True
TX-000213,ACC-00984,ACC-00758,58.62,2026-08-17 06:00:00,0,,True
TX-000214,ACC-00641,ACC-00217,139.68,2026-09-08 07:00:00,0,,True
TX-000215,ACC-00246,ACC-00178,280.48,2026-09-05 12:00:00,0,,True
TX-000216,ACC-00419,ACC-00462,347.79,2026-08-26 03:00:00,0,,True
TX-000217,ACC-00034,ACC-00238,151.17,2026-08-31 14:00:00,0,,True
TX-000218,ACC-00881,ACC-00465,44.88,2026-09-03 04:00:00,0,,True
TX-000219,ACC-00807,ACC-00811,316.28,2026-08-20 06:00:00,0,,True
TX-000220,ACC-00436,ACC-00118,276.84,2026-08-21 08:00:00,0,,True
TX-000221,ACC-00931,ACC-00273,415.05,2026-09-08 11:00:00,0,,True
TX-000222,ACC-00170,ACC-00812,160.73,2026-08-17 18:00:00,0,,True
TX-000223,ACC-00944,ACC-00296,225.19,2026-08-26 14:00:00,0,,True
TX-000224,ACC-00312,ACC-00717,207.23,2026-09-01 20:00:00,0,,True
TX-000225,ACC-00553,ACC-00506,224.5,2026-08-22 11:00:00,0,,True
TX-000226,ACC-00911,ACC-00443,369.92,2026-08-22 04:00:00,0,,True
TX-000227,ACC-00027,ACC-00094,122.17,2026-08-19 18:00:00,0,,True
TX-000228,ACC-00602,ACC-00974,20.17,2026-08-16 15:00:00,0,,True
TX-000229,ACC-00842,ACC-00276,292.36,2026-08-17 07:00:00,0,,True
TX-000230,ACC-00482,ACC-00532,329.24,2026-08-12 04:00:00,0,,True
TX-000231,ACC-00186,ACC-00600,223.58,2026-08-14 21:00:00,0,,True
TX-000232,ACC-00993,ACC-00094,240.31,2026-08-28 02:00:00,0,,True
TX-000233,ACC-00329,ACC-00687,61.25,2026-09-05 02:00:00,0,,True
TX-000234,ACC-00422,ACC-00711,252.78,2026-08-20 00:00:00,0,,True
TX-000235,ACC-00834,ACC-00779,279.55,2026-08-27 10:00:00,0,,True
TX-000236,ACC-00323,ACC-00259,168.4,2026-08-17 00:00:00,0,,True
TX-000237,ACC-00886,ACC-00527,414.21,2026-09-09 15:00:00,0,,True
TX-000238,ACC-00891,ACC-00556,236.37,2026-09-09 06:00:00,0,,True
TX-000239,ACC-00531,ACC-00371,315.09,2026-08-25 16:00:00,0,,True
TX-000240,ACC-00453,ACC-00779,35.29,2026-09-01 19:00:00,0,,True
TX-000241,ACC-00135,ACC-00950,151.13,2026-08-12 14:00:00,0,,True
TX-000242,ACC-00497,ACC-00125,24.15,2026-08-20 17:00:00,0,,True
TX-000243,ACC-00819,ACC-00246,357.79,2026-08-31 19:00:00,0,,True
TX-000244,ACC-00015,ACC-00566,209.92,2026-09-03 09:00:00,0,,True
TX-000245,ACC-00473,ACC-00970,67.56,2026-08-15 08:00:00,0,,True
TX-000246,ACC-00511,ACC-00956,361.14,2026-08-24 14:00:00,0,,True
TX-000247,ACC-00280,ACC-00426,419.01,2026-08-26 05:00:00,0,,True
TX-000248,ACC-00468,ACC-00565,80.87,2026-09-03 17:00:00,0,,True
TX-000249,ACC-00521,ACC-00765,440.87,2026-08-14 10:00:00,0,,True
TX-000250,ACC-00283,ACC-00792,397.1,2026-08-28 02:00:00,0,,True
TX-000251,ACC-00957,ACC-00807,258.79,2026-08-15 12:00:00,0,,True
TX-000252,ACC-00290,ACC-00744,156.29,2026-08-22 18:00:00,0,,True
TX-000253,ACC-00676,ACC-00502,433.98,2026-08-26 19:00:00,0,,True
TX-000254,ACC-00496,ACC-00354,172.9,2026-08-16 19:00:00,0,,True
TX-000255,ACC-00387,ACC-00467,467.1,2026-08-14 06:00:00,0,,True
TX-000256,ACC-00715,ACC-00245,290.18,2026-09-02 23:00:00,0,,True
TX-000257,ACC-00045,ACC-00326,374.91,2026-08-19 00:00:00,0,,True
TX-000258,ACC-00396,ACC-00680,398.27,2026-08-21 08:00:00,0,,True
TX-000259,ACC-00508,ACC-00988,28.14,2026-08-24 18:00:00,0,,True
TX-000260,ACC-00340,ACC-00891,59.18,2026-08-13 22:00:00,0,,True
TX-000261,ACC-00103,ACC-00539,456.12,2026-09-09 13:00:00,0,,True
TX-000262,ACC-00148,ACC-00420,436.76,2026-09-06 10:00:00,0,,True
TX-000263,ACC-00481,ACC-00801,484.91,2026-08-30 17:00:00,0,,True
TX-000264,ACC-00710,ACC-00408,328.42,2026-08-14 02:00:00,0,,True
TX-000265,ACC-00873,ACC-00691,431.08,2026-08-29 02:00:00,0,,True
TX-000266,ACC-00642,ACC-00736,444.84,2026-08-25 19:00:00,0,,True
TX-000267,ACC-00037,ACC-00633,43.53,2026-08-20 15:00:00,0,,True
TX-000268,ACC-00944,ACC-00295,498.74,2026-08-18 10:00:00,0,,True
TX-000269,ACC-00445,ACC-00101,382.58,2026-08-19 09:00:00,0,,True
TX-000270,ACC-00455,ACC-00171,350.06,2026-08-13 12:00:00,0,,True
TX-000271,ACC-00048,ACC-00333,400.11,2026-09-01 01:00:00,0,,True
TX-000272,ACC-00384,ACC-00442,81.33,2026-08-24 23:00:00,0,,True
TX-000273,ACC-00580,ACC-00699,398.33,2026-09-05 07:00:00,0,,True
TX-000274,ACC-00081,ACC-00625,436.71,2026-08-21 15:00:00,0,,True
TX-000275,ACC-00247,ACC-00510,457.29,2026-09-06 05:00:00,0,,True
TX-000276,ACC-00473,ACC-00654,134.45,2026-09-01 15:00:00,0,,True
TX-000277,ACC-00010,ACC-00921,404.27,2026-08-13 03:00:00,0,,True
TX-000278,ACC-00694,ACC-00560,87.41,2026-08-27 01:00:00,0,,True
TX-000279,ACC-00602,ACC-00307,323.08,2026-08-27 14:00:00,0,,True
TX-000280,ACC-00257,ACC-00468,424.2,2026-09-04 00:00:00,0,,True
TX-000281,ACC-00874,ACC-00495,62.26,2026-08-28 18:00:00,0,,True
TX-000282,ACC-00368,ACC-00589,154.98,2026-08-19 03:00:00,0,,True
TX-000283,ACC-00023,ACC-00850,332.53,2026-09-02 12:00:00,0,,True
TX-000284,ACC-00580,ACC-00886,346.04,2026-08-18 11:00:00,0,,True
TX-000285,ACC-00933,ACC-00621,375.13,2026-08-15 03:00:00,0,,True
TX-000286,ACC-00795,ACC-00819,122.76,2026-08-16 01:00:00,0,,True
TX-000287,ACC-00225,ACC-00652,103.16,2026-09-01 15:00:00,0,,True
TX-000288,ACC-00774,ACC-00739,386.06,2026-08-20 08:00:00,0,,True
TX-000289,ACC-00644,ACC-00100,452.67,2026-08-21 11:00:00,0,,True
TX-000290,ACC-00317,ACC-00808,226.0,2026-08-23 01:00:00,0,,True
TX-000291,ACC-00750,ACC-00135,54.17,2026-09-01 02:00:00,0,,True
TX-000292,ACC-00766,ACC-00426,96.06,2026-09-05 19:00:00,0,,True
TX-000293,ACC-00898,ACC-00995,189.27,2026-08-25 04:00:00,0,,True
TX-000294,ACC-00851,ACC-00169,135.92,2026-08-14 21:00:00,0,,True
TX-000295,ACC-00991,ACC-00826,154.62,2026-08-14 02:00:00,0,,True
TX-000296,ACC-00824,ACC-00118,239.48,2026-09-08 08:00:00,0,,True
TX-000297,ACC-00773,ACC-00990,120.55,2026-08-19 13:00:00,0,,True
TX-000298,ACC-00691,ACC-00407,483.96,2026-08-15 19:00:00,0,,True
TX-000299,ACC-00375,ACC-00093,397.43,2026-09-10 04:00:00,0,,True
TX-000300,ACC-00550,ACC-00127,232.85,2026-08-19 13:00:00,0,,True
TX-000301,ACC-00689,ACC-00269,296.43,2026-08-14 16:00:00,0,,True
TX-000302,ACC-00963,ACC-00381,63.09,2026-09-02 21:00:00,0,,True
TX-000303,ACC-00026,ACC-00635,443.28,2026-08-24 02:00:00,0,,True
TX-000304,ACC-00938,ACC-00625,118.47,2026-09-07 16:00:00,0,,True
TX-000305,ACC-00844,ACC-00476,455.6,2026-08-31 16:00:00,0,,True
TX-000306,ACC-00419,ACC-00120,78.49,2026-08-11 11:00:00,0,,True
TX-000307,ACC-00312,ACC-00505,66.9,2026-09-02 19:00:00,0,,True
TX-000308,ACC-00139,ACC-00398,232.29,2026-08-19 13:00:00,0,,True
TX-000309,ACC-00714,ACC-00969,274.69,2026-08-22 13:00:00,0,,True
TX-000310,ACC-00745,ACC-00159,443.85,2026-08-21 09:00:00,0,,True
TX-000311,ACC-00854,ACC-00502,311.67,2026-08-11 04:00:00,0,,True
TX-000312,ACC-00034,ACC-00707,191.56,2026-08-26 22:00:00,0,,True
TX-000313,ACC-00974,ACC-00242,429.17,2026-09-06 15:00:00,0,,True
TX-000314,ACC-00377,ACC-00558,451.83,2026-08-21 01:00:00,0,,True
TX-000315,ACC-00063,ACC-00408,145.18,2026-08-11 09:00:00,0,,True
TX-000316,ACC-00972,ACC-00869,413.85,2026-09-07 15:00:00,0,,True
TX-000317,ACC-00218,ACC-00658,323.35,2026-09-10 11:00:00,0,,True
TX-000318,ACC-00806,ACC-00342,129.35,2026-09-05 18:00:00,0,,True
TX-000319,ACC-00211,ACC-00071,416.61,2026-08-24 06:00:00,0,,True
TX-000320,ACC-00601,ACC-00222,408.4,2026-09-03 02:00:00,0,,True
TX-000321,ACC-00793,ACC-00152,396.44,2026-08-22 12:00:00,0,,True
TX-000322,ACC-00284,ACC-00880,492.17,2026-09-05 19:00:00,0,,True
TX-000323,ACC-00257,ACC-00818,95.5,2026-08-20 12:00:00,0,,True
TX-000324,ACC-00135,ACC-00016,185.54,2026-08-16 05:00:00,0,,True
TX-000325,ACC-00603,ACC-00332,17.73,2026-09-02 11:00:00,0,,True
TX-000326,ACC-00130,ACC-00760,216.27,2026-09-06 13:00:00,0,,True
TX-000327,ACC-00066,ACC-00488,229.65,2026-08-29 20:00:00,0,,True
TX-000328,ACC-00608,ACC-00112,231.48,2026-09-02 17:00:00,0,,True
TX-000329,ACC-00045,ACC-00745,393.78,2026-08-13 15:00:00,0,,True
TX-000330,ACC-00534,ACC-00309,234.44,2026-08-11 12:00:00,0,,True
TX-000331,ACC-00063,ACC-00491,425.18,2026-08-27 15:00:00,0,,True
TX-000332,ACC-00111,ACC-00503,359.08,2026-08-27 10:00:00,0,,True
TX-000333,ACC-00921,ACC-00083,167.83,2026-09-06 10:00:00,0,,True
TX-000334,ACC-00130,ACC-00282,315.92,2026-08-22 19:00:00,0,,True
TX-000335,ACC-00730,ACC-00333,196.64,2026-08-21 20:00:00,0,,True
TX-000336,ACC-00302,ACC-00465,257.72,2026-08-28 09:00:00,0,,True
TX-000337,ACC-00813,ACC-00719,66.06,2026-08-20 16:00:00,0,,True
TX-000338,ACC-00899,ACC-00788,280.15,2026-08-14 06:00:00,0,,True
TX-000339,ACC-00441,ACC-00463,445.16,2026-08-28 02:00:00,0,,True
TX-000340,ACC-00848,ACC-00465,205.38,2026-08-18 09:00:00,0,,True
TX-000341,ACC-00321,ACC-00438,163.14,2026-09-02 01:00:00,0,,True
TX-000342,ACC-00977,ACC-00157,346.54,2026-08-26 10:00:00,0,,True
TX-000343,ACC-00094,ACC-00852,51.83,2026-08-28 09:00:00,0,,True
TX-000344,ACC-00763,ACC-00757,192.6,2026-09-05 19:00:00,0,,True
TX-000345,ACC-00062,ACC-00601,478.75,2026-08-24 02:00:00,0,,True
TX-000346,ACC-00687,ACC-00126,211.3,2026-08-13 15:00:00,0,,True
TX-000347,ACC-00964,ACC-00769,217.24,2026-08-11 13:00:00,0,,True
TX-000348,ACC-00053,ACC-00992,150.94,2026-09-01 01:00:00,0,,True
TX-000349,ACC-00107,ACC-00592,258.63,2026-09-05 15:00:00,0,,True
TX-000350,ACC-00494,ACC-00230,425.16,2026-08-29 19:00:00,0,,True
TX-000351,ACC-00377,ACC-00118,383.68,2026-08-23 05:00:00,0,,True
TX-000352,ACC-00827,ACC-00440,424.13,2026-08-16 17:00:00,0,,True
TX-000353,ACC-00629,ACC-00692,324.92,2026-09-09 17:00:00,0,,True
TX-000354,ACC-00952,ACC-00674,416.44,2026-09-02 12:00:00,0,,True
TX-000355,ACC-00185,ACC-00280,354.32,2026-09-01 02:00:00,0,,True
TX-000356,ACC-00360,ACC-00007,98.89,2026-09-05 18:00:00,0,,True
TX-000357,ACC-00674,ACC-00411,44.1,2026-08-17 16:00:00,0,,True
TX-000358,ACC-00996,ACC-00032,54.96,2026-08-25 06:00:00,0,,True
TX-000359,ACC-00386,ACC-00430,232.29,2026-09-05 01:00:00,0,,True
TX-000360,ACC-00320,ACC-00739,168.95,2026-08-10 18:00:00,0,,True
TX-000361,ACC-00611,ACC-00087,442.84,2026-09-06 07:00:00,0,,True
TX-000362,ACC-00773,ACC-00633,34.38,2026-09-08 04:00:00,0,,True
TX-000363,ACC-00454,ACC-00678,217.77,2026-08-21 22:00:00,0,,True
TX-000364,ACC-00425,ACC-00280,115.63,2026-08-25 09:00:00,0,,True
TX-000365,ACC-00354,ACC-00441,64.34,2026-08-19 15:00:00,0,,True
TX-000366,ACC-00608,ACC-00499,268.2,2026-09-01 11:00:00,0,,True
TX-000367,ACC-00226,ACC-00405,492.38,2026-09-09 12:00:00,0,,True
TX-000368,ACC-00210,ACC-00309,473.21,2026-08-17 08:00:00,0,,True
TX-000369,ACC-00783,ACC-00262,151.83,2026-09-07 12:00:00,0,,True
TX-000370,ACC-00510,ACC-00765,221.02,2026-09-06 00:00:00,0,,True
TX-000371,ACC-00546,ACC-00721,122.75,2026-08-23 15:00:00,0,,True
TX-000372,ACC-00826,ACC-00363,45.32,2026-08-13 13:00:00,0,,True
TX-000373,ACC-00044,ACC-00447,19.18,2026-08-12 10:00:00,0,,True
TX-000374,ACC-00883,ACC-00321,292.12,2026-08-23 00:00:00,0,,True
TX-000375,ACC-00727,ACC-00656,214.67,2026-09-07 00:00:00,0,,True
TX-000376,ACC-00022,ACC-00990,169.14,2026-08-15 17:00:00,0,,True
TX-000377,ACC-00472,ACC-00852,347.91,2026-08-30 10:00:00,0,,True
TX-000378,ACC-00448,ACC-00865,61.87,2026-08-27 18:00:00,0,,True
TX-000379,ACC-00411,ACC-00537,48.54,2026-08-14 03:00:00,0,,True
TX-000380,ACC-00764,ACC-00348,118.57,2026-08-17 07:00:00,0,,True
TX-000381,ACC-00079,ACC-00523,320.28,2026-08-24 20:00:00,0,,True
TX-000382,ACC-00199,ACC-00928,390.35,2026-08-29 13:00:00,0,,True
TX-000383,ACC-00982,ACC-00839,326.27,2026-09-06 05:00:00,0,,True
TX-000384,ACC-00106,ACC-00150,135.42,2026-09-04 17:00:00,0,,True
TX-000385,ACC-00157,ACC-00779,381.98,2026-09-08 07:00:00,0,,True
TX-000386,ACC-00975,ACC-00792,317.69,2026-08-26 18:00:00,0,,True
TX-000387,ACC-00779,ACC-00594,229.96,2026-08-11 18:00:00,0,,True
TX-000388,ACC-00659,ACC-00651,493.4,2026-08-30 16:00:00,0,,True
TX-000389,ACC-00324,ACC-00155,225.48,2026-08-25 22:00:00,0,,True
TX-000390,ACC-00647,ACC-00311,400.2,2026-08-23 11:00:00,0,,True
TX-000391,ACC-00361,ACC-00520,46.35,2026-08-26 22:00:00,0,,True
TX-000392,ACC-00039,ACC-00059,190.68,2026-09-01 10:00:00,0,,True
TX-000393,ACC-00661,ACC-00885,488.91,2026-09-07 17:00:00,0,,True
TX-000394,ACC-00609,ACC-00520,198.4,2026-08-22 19:00:00,0,,True
TX-000395,ACC-00978,ACC-00811,372.07,2026-09-08 22:00:00,0,,True
TX-000396,ACC-00931,ACC-00830,290.11,2026-09-04 02:00:00,0,,True
TX-000397,ACC-00620,ACC-00488,255.67,2026-08-11 11:00:00,0,,True
TX-000398,ACC-00462,ACC-00106,407.37,2026-08-15 02:00:00,0,,True
TX-000399,ACC-00732,ACC-00087,257.23,2026-09-05 11:00:00,0,,True
TX-000400,ACC-00254,ACC-00725,224.5,2026-08-26 20:00:00,0,,True
TX-000401,ACC-00536,ACC-00625,87.79,2026-08-30 03:00:00,0,,True
TX-000402,ACC-00397,ACC-00419,389.49,2026-08-19 17:00:00,0,,True
TX-000403,ACC-00054,ACC-00809,319.13,2026-08-31 10:00:00,0,,True
TX-000404,ACC-00338,ACC-00097,283.4,2026-08-29 03:00:00,0,,True
TX-000405,ACC-00259,ACC-00742,427.27,2026-08-10 17:00:00,0,,True
TX-000406,ACC-00895,ACC-00154,173.35,2026-08-22 15:00:00,0,,True
TX-000407,ACC-00145,ACC-00939,181.41,2026-08-10 16:00:00,0,,True
TX-000408,ACC-00716,ACC-00679,202.06,2026-08-21 14:00:00,0,,True
TX-000409,ACC-00961,ACC-00087,161.7,2026-08-28 16:00:00,0,,True
TX-000410,ACC-00811,ACC-00337,408.46,2026-08-19 14:00:00,0,,True
TX-000411,ACC-00849,ACC-00970,372.0,2026-08-19 20:00:00,0,,True
TX-000412,ACC-00096,ACC-00662,338.52,2026-08-25 01:00:00,0,,True
TX-000413,ACC-00019,ACC-00372,161.34,2026-08-11 06:00:00,0,,True
TX-000414,ACC-00350,ACC-00971,385.42,2026-09-04 05:00:00,0,,True
TX-000415,ACC-00141,ACC-00159,47.81,2026-08-14 09:00:00,0,,True
TX-000416,ACC-00520,ACC-00790,274.49,2026-08-17 20:00:00,0,,True
TX-000417,ACC-00039,ACC-00678,175.01,2026-08-16 17:00:00,0,,True
TX-000418,ACC-00135,ACC-00612,194.59,2026-09-05 07:00:00,0,,True
TX-000419,ACC-00852,ACC-00710,387.84,2026-08-16 07:00:00,0,,True
TX-000420,ACC-00739,ACC-00449,31.41,2026-08-29 15:00:00,0,,True
TX-000421,ACC-00737,ACC-00244,485.1,2026-08-22 03:00:00,0,,True
TX-000422,ACC-00771,ACC-00767,394.06,2026-09-02 19:00:00,0,,True
TX-000423,ACC-00245,ACC-00317,483.14,2026-08-15 21:00:00,0,,True
TX-000424,ACC-00926,ACC-00856,105.07,2026-08-19 18:00:00,0,,True
TX-000425,ACC-00452,ACC-00473,387.02,2026-08-17 00:00:00,0,,True
TX-000426,ACC-00515,ACC-00541,215.14,2026-09-05 06:00:00,0,,True
TX-000427,ACC-00821,ACC-00620,77.82,2026-09-02 11:00:00,0,,True
TX-000428,ACC-00657,ACC-00493,438.32,2026-08-24 09:00:00,0,,True
TX-000429,ACC-00729,ACC-00867,262.8,2026-09-07 03:00:00,0,,True
TX-000430,ACC-00086,ACC-00782,88.55,2026-08-26 20:00:00,0,,True
TX-000431,ACC-00151,ACC-00851,224.36,2026-08-11 05:00:00,0,,True
TX-000432,ACC-00837,ACC-00462,443.47,2026-08-12 12:00:00,0,,True
TX-000433,ACC-00425,ACC-00055,204.26,2026-08-30 05:00:00,0,,True
TX-000434,ACC-00396,ACC-00084,193.71,2026-09-10 02:00:00,0,,True
TX-000435,ACC-00954,ACC-00102,421.2,2026-08-21 02:00:00,0,,True
TX-000436,ACC-00811,ACC-00150,77.42,2026-08-31 21:00:00,0,,True
TX-000437,ACC-00713,ACC-00852,78.01,2026-08-18 21:00:00,0,,True
TX-000438,ACC-00460,ACC-00631,12.57,2026-09-08 12:00:00,0,,True
TX-000439,ACC-00263,ACC-00221,419.13,2026-08-23 13:00:00,0,,True
TX-000440,ACC-00624,ACC-00541,217.39,2026-08-17 03:00:00,0,,True
TX-000441,ACC-00244,ACC-00309,69.71,2026-09-02 23:00:00,0,,True
TX-000442,ACC-00655,ACC-00813,315.18,2026-09-08 09:00:00,0,,True
TX-000443,ACC-00857,ACC-00927,254.92,2026-08-24 12:00:00,0,,True
TX-000444,ACC-00648,ACC-00528,291.77,2026-08-19 08:00:00,0,,True
TX-000445,ACC-00299,ACC-00440,10.77,2026-08-30 05:00:00,0,,True
TX-000446,ACC-00585,ACC-00427,101.78,2026-08-20 10:00:00,0,,True
TX-000447,ACC-00537,ACC-00999,186.7,2026-08-10 20:00:00,0,,True
TX-000448,ACC-00558,ACC-00520,395.34,2026-08-24 19:00:00,0,,True
TX-000449,ACC-00021,ACC-00400,437.93,2026-09-08 16:00:00,0,,True
TX-000450,ACC-00397,ACC-00383,134.29,2026-09-10 01:00:00,0,,True
TX-000451,ACC-00808,ACC-00070,178.95,2026-08-17 15:00:00,0,,True
TX-000452,ACC-00644,ACC-00107,388.04,2026-08-18 02:00:00,0,,True
TX-000453,ACC-00137,ACC-00046,182.63,2026-08-30 16:00:00,0,,True
TX-000454,ACC-00180,ACC-00851,391.78,2026-08-26 14:00:00,0,,True
TX-000455,ACC-00491,ACC-00647,99.32,2026-09-06 10:00:00,0,,True
TX-000456,ACC-00734,ACC-00795,472.37,2026-09-09 03:00:00,0,,True
TX-000457,ACC-00207,ACC-00045,397.64,2026-08-13 11:00:00,0,,True
TX-000458,ACC-00324,ACC-00956,161.94,2026-08-28 19:00:00,0,,True
TX-000459,ACC-00485,ACC-00260,27.94,2026-08-21 06:00:00,0,,True
TX-000460,ACC-00293,ACC-00366,432.45,2026-09-08 16:00:00,0,,True
TX-000461,ACC-00340,ACC-00280,70.99,2026-08-29 23:00:00,0,,True
TX-000462,ACC-00911,ACC-00410,374.22,2026-08-13 00:00:00,0,,True
TX-000463,ACC-00348,ACC-00998,101.54,2026-08-18 21:00:00,0,,True
TX-000464,ACC-00377,ACC-00947,400.67,2026-09-02 10:00:00,0,,True
TX-000465,ACC-00745,ACC-00435,48.67,2026-08-22 07:00:00,0,,True
TX-000466,ACC-00559,ACC-00301,167.39,2026-09-08 02:00:00,0,,True
TX-000467,ACC-00677,ACC-00303,160.18,2026-08-21 14:00:00,0,,True
TX-000468,ACC-00437,ACC-00171,347.98,2026-08-29 22:00:00,0,,True
TX-000469,ACC-00044,ACC-00745,436.32,2026-08-29 17:00:00,0,,True
TX-000470,ACC-00446,ACC-00282,323.34,2026-08-16 11:00:00,0,,True
TX-000471,ACC-00077,ACC-00688,322.38,2026-08-29 20:00:00,0,,True
TX-000472,ACC-00821,ACC-00768,342.91,2026-08-11 12:00:00,0,,True
TX-000473,ACC-00147,ACC-00870,307.71,2026-08-15 22:00:00,0,,True
TX-000474,ACC-00036,ACC-00130,42.94,2026-08-16 16:00:00,0,,True
TX-000475,ACC-00376,ACC-00371,197.6,2026-08-23 11:00:00,0,,True
TX-000476,ACC-00620,ACC-00158,342.74,2026-08-11 01:00:00,0,,True
TX-000477,ACC-00381,ACC-00455,383.91,2026-08-23 08:00:00,0,,True
TX-000478,ACC-00543,ACC-00376,205.04,2026-08-21 04:00:00,0,,True
TX-000479,ACC-00256,ACC-00984,65.59,2026-08-18 07:00:00,0,,True
TX-000480,ACC-00512,ACC-00531,199.62,2026-08-24 09:00:00,0,,True
TX-000481,ACC-00269,ACC-00794,137.54,2026-08-27 06:00:00,0,,True
TX-000482,ACC-00627,ACC-00293,350.05,2026-08-26 06:00:00,0,,True
TX-000483,ACC-00126,ACC-00139,427.88,2026-08-27 07:00:00,0,,True
TX-000484,ACC-00921,ACC-00731,228.1,2026-09-07 15:00:00,0,,True
TX-000485,ACC-00991,ACC-00866,493.42,2026-08-20 01:00:00,0,,True
TX-000486,ACC-00727,ACC-00067,279.5,2026-09-01 03:00:00,0,,True
TX-000487,ACC-00872,ACC-00162,358.79,2026-08-11 14:00:00,0,,True
TX-000488,ACC-00654,ACC-00179,398.91,2026-08-25 05:00:00,0,,True
TX-000489,ACC-00125,ACC-00206,398.11,2026-09-02 21:00:00,0,,True
TX-000490,ACC-00027,ACC-00370,281.47,2026-08-29 22:00:00,0,,True
TX-000491,ACC-00823,ACC-00565,73.59,2026-08-13 10:00:00,0,,True
TX-000492,ACC-00068,ACC-00317,205.1,2026-08-18 13:00:00,0,,True
TX-000493,ACC-00491,ACC-00539,211.29,2026-08-27 18:00:00,0,,True
TX-000494,ACC-00076,ACC-00129,486.47,2026-08-21 10:00:00,0,,True
TX-000495,ACC-00461,ACC-00478,343.25,2026-08-30 08:00:00,0,,True
TX-000496,ACC-00900,ACC-00849,392.33,2026-08-20 18:00:00,0,,True
TX-000497,ACC-00187,ACC-00787,483.47,2026-08-27 20:00:00,0,,True
TX-000498,ACC-00933,ACC-00890,37.15,2026-09-06 20:00:00,0,,True
TX-000499,ACC-00157,ACC-00312,90.68,2026-08-30 14:00:00,0,,True
TX-000500,ACC-00231,ACC-00355,474.27,2026-08-25 03:00:00,0,,True
TX-000501,ACC-00867,ACC-00081,132.8,2026-08-20 19:00:00,0,,True
TX-000502,ACC-00282,ACC-00129,316.26,2026-08-21 19:00:00,0,,True
TX-000503,ACC-00096,ACC-00515,324.08,2026-08-22 18:00:00,0,,True
TX-000504,ACC-00158,ACC-00176,332.78,2026-08-17 17:00:00,0,,True
TX-000505,ACC-00346,ACC-00863,462.73,2026-09-09 12:00:00,0,,True
TX-000506,ACC-00084,ACC-00047,474.79,2026-08-16 18:00:00,0,,True
TX-000507,ACC-00272,ACC-00667,113.3,2026-08-22 23:00:00,0,,True
TX-000508,ACC-00633,ACC-00655,24.84,2026-08-12 16:00:00,0,,True
TX-000509,ACC-00559,ACC-00297,324.53,2026-08-31 21:00:00,0,,True
TX-000510,ACC-00251,ACC-00825,405.6,2026-08-29 03:00:00,0,,True
TX-000511,ACC-00465,ACC-00075,347.42,2026-09-04 22:00:00,0,,True
TX-000512,ACC-00426,ACC-00496,237.58,2026-08-30 17:00:00,0,,True
TX-000513,ACC-00148,ACC-00321,432.13,2026-08-30 13:00:00,0,,True
TX-000514,ACC-00882,ACC-00354,487.93,2026-09-06 01:00:00,0,,True
TX-000515,ACC-00528,ACC-00576,62.03,2026-09-02 22:00:00,0,,True
TX-000516,ACC-00126,ACC-00274,230.3,2026-09-06 09:00:00,0,,True
TX-000517,ACC-00052,ACC-00298,473.24,2026-08-13 17:00:00,0,,True
TX-000518,ACC-00429,ACC-00255,481.72,2026-08-13 07:00:00,0,,True
TX-000519,ACC-00834,ACC-00336,467.54,2026-08-18 02:00:00,0,,True
TX-000520,ACC-00195,ACC-00782,88.08,2026-08-24 22:00:00,0,,True
TX-000521,ACC-00511,ACC-00901,161.18,2026-09-10 10:00:00,0,,True
TX-000522,ACC-00968,ACC-00403,257.67,2026-08-11 05:00:00,0,,True
TX-000523,ACC-00221,ACC-00598,182.92,2026-09-09 03:00:00,0,,True
TX-000524,ACC-00507,ACC-00612,442.35,2026-08-20 15:00:00,0,,True
TX-000525,ACC-00482,ACC-00293,272.98,2026-08-14 09:00:00,0,,True
TX-000526,ACC-00442,ACC-00138,442.4,2026-08-18 01:00:00,0,,True
TX-000527,ACC-00783,ACC-00413,189.31,2026-08-29 11:00:00,0,,True
TX-000528,ACC-00584,ACC-00576,105.38,2026-08-24 03:00:00,0,,True
TX-000529,ACC-00076,ACC-00396,257.09,2026-08-16 19:00:00,0,,True
TX-000530,ACC-00287,ACC-00846,494.65,2026-08-19 17:00:00,0,,True
TX-000531,ACC-00122,ACC-00132,487.79,2026-08-29 01:00:00,0,,True
TX-000532,ACC-00814,ACC-00348,283.34,2026-08-30 08:00:00,0,,True
TX-000533,ACC-00204,ACC-00617,259.47,2026-08-25 11:00:00,0,,True
TX-000534,ACC-00047,ACC-00040,77.15,2026-08-30 21:00:00,0,,True
TX-000535,ACC-00532,ACC-00468,82.98,2026-08-12 20:00:00,0,,True
TX-000536,ACC-00144,ACC-00336,466.37,2026-08-31 07:00:00,0,,True
TX-000537,ACC-00403,ACC-00632,372.27,2026-08-31 18:00:00,0,,True
TX-000538,ACC-00345,ACC-00520,415.86,2026-08-23 21:00:00,0,,True
TX-000539,ACC-00726,ACC-00577,156.9,2026-08-15 12:00:00,0,,True
TX-000540,ACC-00378,ACC-00340,340.17,2026-08-27 18:00:00,0,,True
TX-000541,ACC-00316,ACC-00816,450.4,2026-08-13 14:00:00,0,,True
TX-000542,ACC-00645,ACC-00028,302.49,2026-09-01 16:00:00,0,,True
TX-000543,ACC-00802,ACC-00996,390.32,2026-08-23 05:00:00,0,,True
TX-000544,ACC-00739,ACC-00053,295.93,2026-09-04 20:00:00,0,,True
TX-000545,ACC-00645,ACC-00739,313.67,2026-08-15 00:00:00,0,,True
TX-000546,ACC-00152,ACC-00842,343.56,2026-09-08 18:00:00,0,,True
TX-000547,ACC-00971,ACC-00718,63.85,2026-09-09 22:00:00,0,,True
TX-000548,ACC-00322,ACC-00429,84.2,2026-08-19 06:00:00,0,,True
TX-000549,ACC-00421,ACC-00514,389.74,2026-08-11 21:00:00,0,,True
TX-000550,ACC-00894,ACC-00869,370.56,2026-09-08 14:00:00,0,,True
TX-000551,ACC-00142,ACC-00532,111.6,2026-08-30 15:00:00,0,,True
TX-000552,ACC-00490,ACC-00539,194.64,2026-08-11 07:00:00,0,,True
TX-000553,ACC-00471,ACC-00935,271.23,2026-08-24 01:00:00,0,,True
TX-000554,ACC-00693,ACC-00791,435.15,2026-08-19 16:00:00,0,,True
TX-000555,ACC-00823,ACC-00710,139.54,2026-08-26 06:00:00,0,,True
TX-000556,ACC-00981,ACC-00253,146.71,2026-09-01 05:00:00,0,,True
TX-000557,ACC-00965,ACC-00997,491.31,2026-08-17 03:00:00,0,,True
TX-000558,ACC-00722,ACC-00213,348.22,2026-08-26 02:00:00,0,,True
TX-000559,ACC-00492,ACC-00358,284.64,2026-08-11 13:00:00,0,,True
TX-000560,ACC-00281,ACC-00295,69.72,2026-08-19 19:00:00,0,,True
TX-000561,ACC-00389,ACC-00918,490.28,2026-08-15 01:00:00,0,,True
TX-000562,ACC-00978,ACC-00792,404.26,2026-09-01 11:00:00,0,,True
TX-000563,ACC-00295,ACC-00979,359.93,2026-08-29 22:00:00,0,,True
TX-000564,ACC-00672,ACC-00263,376.2,2026-09-04 06:00:00,0,,True
TX-000565,ACC-00848,ACC-00552,142.86,2026-08-23 14:00:00,0,,True
TX-000566,ACC-00279,ACC-00141,63.52,2026-08-17 18:00:00,0,,True
TX-000567,ACC-00246,ACC-00249,34.88,2026-08-12 20:00:00,0,,True
TX-000568,ACC-00232,ACC-00654,124.09,2026-09-06 23:00:00,0,,True
TX-000569,ACC-00339,ACC-00735,241.48,2026-08-20 08:00:00,0,,True
TX-000570,ACC-00006,ACC-00988,279.67,2026-08-12 07:00:00,0,,True
TX-000571,ACC-00417,ACC-00669,468.17,2026-08-12 21:00:00,0,,True
TX-000572,ACC-00489,ACC-00667,107.73,2026-08-11 03:00:00,0,,True
TX-000573,ACC-00329,ACC-00293,326.49,2026-08-12 10:00:00,0,,True
TX-000574,ACC-00668,ACC-00588,123.79,2026-08-17 13:00:00,0,,True
TX-000575,ACC-00871,ACC-00960,28.28,2026-08-12 07:00:00,0,,True
TX-000576,ACC-00428,ACC-00904,420.43,2026-08-12 11:00:00,0,,True
TX-000577,ACC-00857,ACC-00407,396.1,2026-09-04 13:00:00,0,,True
TX-000578,ACC-00986,ACC-00894,463.76,2026-08-13 11:00:00,0,,True
TX-000579,ACC-00010,ACC-00306,288.3,2026-09-07 02:00:00,0,,True
TX-000580,ACC-00292,ACC-00466,494.66,2026-08-23 20:00:00,0,,True
TX-000581,ACC-00506,ACC-00911,469.89,2026-08-13 20:00:00,0,,True
TX-000582,ACC-00480,ACC-00280,104.48,2026-09-07 02:00:00,0,,True
TX-000583,ACC-00167,ACC-00749,234.87,2026-09-01 14:00:00,0,,True
TX-000584,ACC-00191,ACC-00015,370.94,2026-08-16 03:00:00,0,,True
TX-000585,ACC-00582,ACC-00691,381.07,2026-09-04 17:00:00,0,,True
TX-000586,ACC-00877,ACC-00655,449.55,2026-08-14 23:00:00,0,,True
TX-000587,ACC-00528,ACC-00336,52.5,2026-08-20 09:00:00,0,,True
TX-000588,ACC-00190,ACC-00144,243.95,2026-08-12 05:00:00,0,,True
TX-000589,ACC-00007,ACC-00268,197.95,2026-08-27 04:00:00,0,,True
TX-000590,ACC-00977,ACC-00338,157.95,2026-08-17 18:00:00,0,,True
TX-000591,ACC-00012,ACC-00268,330.3,2026-08-19 05:00:00,0,,True
TX-000592,ACC-00064,ACC-00684,67.93,2026-09-01 07:00:00,0,,True
TX-000593,ACC-00416,ACC-00703,256.24,2026-08-12 14:00:00,0,,True
TX-000594,ACC-00789,ACC-00319,348.24,2026-08-21 03:00:00,0,,True
TX-000595,ACC-00377,ACC-00630,118.22,2026-08-11 08:00:00,0,,True
TX-000596,ACC-00490,ACC-00157,232.94,2026-08-22 01:00:00,0,,True
TX-000597,ACC-00426,ACC-00719,279.12,2026-08-25 19:00:00,0,,True
TX-000598,ACC-00822,ACC-00681,414.55,2026-08-17 05:00:00,0,,True
TX-000599,ACC-00697,ACC-00773,301.95,2026-08-16 10:00:00,0,,True
TX-000600,ACC-00539,ACC-00458,268.8,2026-08-30 10:00:00,0,,True
TX-000601,ACC-00940,ACC-00578,64.98,2026-08-14 19:00:00,0,,True
TX-000602,ACC-00925,ACC-00518,109.06,2026-08-24 08:00:00,0,,True
TX-000603,ACC-00169,ACC-00336,428.7,2026-08-27 09:00:00,0,,True
TX-000604,ACC-00697,ACC-00211,361.29,2026-08-26 10:00:00,0,,True
TX-000605,ACC-00921,ACC-00523,228.29,2026-09-08 22:00:00,0,,True
TX-000606,ACC-00136,ACC-00526,213.56,2026-08-23 11:00:00,0,,True
TX-000607,ACC-00573,ACC-00474,339.66,2026-08-31 13:00:00,0,,True
TX-000608,ACC-00023,ACC-00406,134.68,2026-09-09 13:00:00,0,,True
TX-000609,ACC-00224,ACC-00593,45.78,2026-08-28 01:00:00,0,,True
TX-000610,ACC-00718,ACC-00066,275.17,2026-09-09 10:00:00,0,,True
TX-000611,ACC-00957,ACC-00484,25.55,2026-08-28 07:00:00,0,,True
TX-000612,ACC-00788,ACC-00139,385.26,2026-08-17 16:00:00,0,,True
TX-000613,ACC-00987,ACC-00431,193.49,2026-08-13 00:00:00,0,,True
TX-000614,ACC-00460,ACC-00891,459.39,2026-08-29 00:00:00,0,,True
TX-000615,ACC-00083,ACC-00700,482.43,2026-08-13 19:00:00,0,,True
TX-000616,ACC-00137,ACC-00670,431.54,2026-09-07 07:00:00,0,,True
TX-000617,ACC-00551,ACC-00403,269.13,2026-08-18 05:00:00,0,,True
TX-000618,ACC-00855,ACC-00004,380.53,2026-08-31 22:00:00,0,,True
TX-000619,ACC-00690,ACC-00737,276.78,2026-08-24 00:00:00,0,,True
TX-000620,ACC-00844,ACC-00236,131.28,2026-08-30 08:00:00,0,,True
TX-000621,ACC-00283,ACC-00194,469.33,2026-08-18 09:00:00,0,,True
TX-000622,ACC-00033,ACC-00829,333.5,2026-08-22 12:00:00,0,,True
TX-000623,ACC-00247,ACC-00212,42.97,2026-08-22 11:00:00,0,,True
TX-000624,ACC-00458,ACC-00613,339.29,2026-08-14 11:00:00,0,,True
TX-000625,ACC-00251,ACC-00759,31.68,2026-08-27 05:00:00,0,,True
TX-000626,ACC-00553,ACC-00223,379.65,2026-08-17 11:00:00,0,,True
TX-000627,ACC-00144,ACC-00516,496.81,2026-09-02 13:00:00,0,,True
TX-000628,ACC-00590,ACC-00327,292.96,2026-08-16 15:00:00,0,,True
TX-000629,ACC-00839,ACC-00329,126.08,2026-08-13 08:00:00,0,,True
TX-000630,ACC-00677,ACC-00534,118.31,2026-09-01 04:00:00,0,,True
TX-000631,ACC-00063,ACC-00571,474.77,2026-08-12 13:00:00,0,,True
TX-000632,ACC-00934,ACC-00180,316.74,2026-08-27 19:00:00,0,,True
TX-000633,ACC-00508,ACC-00049,486.42,2026-08-10 16:00:00,0,,True
TX-000634,ACC-00688,ACC-00391,395.04,2026-08-30 14:00:00,0,,True
TX-000635,ACC-00427,ACC-00419,83.12,2026-08-29 07:00:00,0,,True
TX-000636,ACC-00773,ACC-00551,242.02,2026-08-14 05:00:00,0,,True
TX-000637,ACC-00308,ACC-00879,356.71,2026-08-15 22:00:00,0,,True
TX-000638,ACC-00937,ACC-00060,285.57,2026-08-10 23:00:00,0,,True
TX-000639,ACC-00571,ACC-00543,75.71,2026-09-03 04:00:00,0,,True
TX-000640,ACC-00209,ACC-00339,326.89,2026-08-11 22:00:00,0,,True
TX-000641,ACC-00868,ACC-00380,55.31,2026-08-18 06:00:00,0,,True
TX-000642,ACC-00053,ACC-00275,194.81,2026-08-21 17:00:00,0,,True
TX-000643,ACC-00041,ACC-00895,45.66,2026-08-15 18:00:00,0,,True
TX-000644,ACC-00742,ACC-00688,283.84,2026-08-26 06:00:00,0,,True
TX-000645,ACC-00891,ACC-00929,173.15,2026-08-11 12:00:00,0,,True
TX-000646,ACC-00217,ACC-00960,103.11,2026-08-18 09:00:00,0,,True
TX-000647,ACC-00765,ACC-00773,244.67,2026-09-02 14:00:00,0,,True
TX-000648,ACC-00619,ACC-00721,110.21,2026-08-12 05:00:00,0,,True
TX-000649,ACC-00566,ACC-00330,390.0,2026-08-28 22:00:00,0,,True
TX-000650,ACC-00547,ACC-00665,186.04,2026-09-02 01:00:00,0,,True
TX-000651,ACC-00526,ACC-00904,253.67,2026-09-06 13:00:00,0,,True
TX-000652,ACC-00481,ACC-00780,421.47,2026-08-12 06:00:00,0,,True
TX-000653,ACC-00380,ACC-00321,212.83,2026-08-23 05:00:00,0,,True
TX-000654,ACC-00760,ACC-00150,17.95,2026-08-23 18:00:00,0,,True
TX-000655,ACC-00594,ACC-00738,214.61,2026-09-06 06:00:00,0,,True
TX-000656,ACC-00338,ACC-00236,196.12,2026-08-15 05:00:00,0,,True
TX-000657,ACC-00512,ACC-00564,330.76,2026-08-20 02:00:00,0,,True
TX-000658,ACC-00264,ACC-00782,412.58,2026-08-10 13:00:00,0,,True
TX-000659,ACC-00658,ACC-00758,250.39,2026-09-04 13:00:00,0,,True
TX-000660,ACC-00815,ACC-00361,92.94,2026-08-17 19:00:00,0,,True
TX-000661,ACC-00501,ACC-00189,459.28,2026-08-23 16:00:00,0,,True
TX-000662,ACC-00981,ACC-00061,266.73,2026-08-15 10:00:00,0,,True
TX-000663,ACC-00968,ACC-00838,337.43,2026-08-17 12:00:00,0,,True
TX-000664,ACC-00423,ACC-00141,422.85,2026-09-03 10:00:00,0,,True
TX-000665,ACC-00725,ACC-00155,14.48,2026-08-24 22:00:00,0,,True
TX-000666,ACC-00383,ACC-00062,312.74,2026-08-19 17:00:00,0,,True
TX-000667,ACC-00935,ACC-00495,333.05,2026-09-10 12:00:00,0,,True
TX-000668,ACC-00545,ACC-00565,211.56,2026-09-09 20:00:00,0,,True
TX-000669,ACC-00740,ACC-00282,272.51,2026-09-01 12:00:00,0,,True
TX-000670,ACC-00515,ACC-00833,351.95,2026-08-28 07:00:00,0,,True
TX-000671,ACC-00110,ACC-00941,57.19,2026-09-06 05:00:00,0,,True
TX-000672,ACC-00197,ACC-00635,267.96,2026-08-15 01:00:00,0,,True
TX-000673,ACC-00274,ACC-00815,204.48,2026-08-30 00:00:00,0,,True
TX-000674,ACC-00471,ACC-00579,129.17,2026-08-19 05:00:00,0,,True
TX-000675,ACC-00308,ACC-00701,415.75,2026-09-07 16:00:00,0,,True
TX-000676,ACC-00879,ACC-00666,382.2,2026-09-08 00:00:00,0,,True
TX-000677,ACC-00389,ACC-00387,280.82,2026-09-08 16:00:00,0,,True
TX-000678,ACC-00010,ACC-00720,93.98,2026-08-25 23:00:00,0,,True
TX-000679,ACC-00661,ACC-00804,172.32,2026-08-14 09:00:00,0,,True
TX-000680,ACC-00917,ACC-00541,460.38,2026-09-03 06:00:00,0,,True
TX-000681,ACC-00923,ACC-00889,349.22,2026-08-22 21:00:00,0,,True
TX-000682,ACC-00278,ACC-00048,462.84,2026-08-20 04:00:00,0,,True
TX-000683,ACC-00921,ACC-00557,286.12,2026-09-09 07:00:00,0,,True
TX-000684,ACC-00952,ACC-00871,164.1,2026-08-11 06:00:00,0,,True
TX-000685,ACC-00602,ACC-00148,378.6,2026-08-19 00:00:00,0,,True
TX-000686,ACC-00952,ACC-00079,156.65,2026-08-23 05:00:00,0,,True
TX-000687,ACC-00581,ACC-00855,426.23,2026-08-19 19:00:00,0,,True
TX-000688,ACC-00340,ACC-00394,380.25,2026-09-05 14:00:00,0,,True
TX-000689,ACC-00742,ACC-00081,255.39,2026-08-30 11:00:00,0,,True
TX-000690,ACC-00101,ACC-00448,123.75,2026-09-08 02:00:00,0,,True
TX-000691,ACC-00620,ACC-00788,310.79,2026-08-22 00:00:00,0,,True
TX-000692,ACC-00993,ACC-00793,169.92,2026-08-21 04:00:00,0,,True
TX-000693,ACC-00803,ACC-00462,250.4,2026-08-29 19:00:00,0,,True
TX-000694,ACC-00964,ACC-00385,221.61,2026-08-19 18:00:00,0,,True
TX-000695,ACC-00677,ACC-00390,51.99,2026-08-22 03:00:00,0,,True
TX-000696,ACC-00818,ACC-00253,359.42,2026-09-08 04:00:00,0,,True
TX-000697,ACC-00158,ACC-00390,358.72,2026-08-21 08:00:00,0,,True
TX-000698,ACC-00758,ACC-00399,165.17,2026-09-07 10:00:00,0,,True
TX-000699,ACC-00006,ACC-00966,161.05,2026-08-30 04:00:00,0,,True
TX-000700,ACC-00105,ACC-00136,52.78,2026-08-27 22:00:00,0,,True
TX-000701,ACC-00571,ACC-00569,261.1,2026-09-07 12:00:00,0,,True
TX-000702,ACC-00092,ACC-00363,281.57,2026-08-21 17:00:00,0,,True
TX-000703,ACC-00804,ACC-00333,433.22,2026-09-10 03:00:00,0,,True
TX-000704,ACC-00424,ACC-00398,391.79,2026-08-17 19:00:00,0,,True
TX-000705,ACC-00927,ACC-00249,290.26,2026-09-04 15:00:00,0,,True
TX-000706,ACC-00390,ACC-00174,78.03,2026-09-01 04:00:00,0,,True
TX-000707,ACC-00505,ACC-00150,41.0,2026-08-28 04:00:00,0,,True
TX-000708,ACC-00432,ACC-00307,247.27,2026-09-08 01:00:00,0,,True
TX-000709,ACC-00258,ACC-00967,130.83,2026-08-20 21:00:00,0,,True
TX-000710,ACC-00609,ACC-00632,105.82,2026-09-07 08:00:00,0,,True
TX-000711,ACC-00312,ACC-00007,474.92,2026-08-30 17:00:00,0,,True
TX-000712,ACC-00390,ACC-00824,432.48,2026-08-27 02:00:00,0,,True
TX-000713,ACC-00441,ACC-00836,413.53,2026-08-20 17:00:00,0,,True
TX-000714,ACC-00140,ACC-00308,167.13,2026-08-10 14:00:00,0,,True
TX-000715,ACC-00206,ACC-00491,163.95,2026-08-11 00:00:00,0,,True
TX-000716,ACC-00992,ACC-00327,152.81,2026-08-18 16:00:00,0,,True
TX-000717,ACC-00503,ACC-00991,292.18,2026-09-03 02:00:00,0,,True
TX-000718,ACC-00386,ACC-00288,410.08,2026-08-29 01:00:00,0,,True
TX-000719,ACC-00117,ACC-00955,286.29,2026-08-22 19:00:00,0,,True
TX-000720,ACC-00185,ACC-00699,386.13,2026-09-09 13:00:00,0,,True
TX-000721,ACC-00473,ACC-00966,357.1,2026-08-27 03:00:00,0,,True
TX-000722,ACC-00852,ACC-00710,43.89,2026-08-13 23:00:00,0,,True
TX-000723,ACC-00690,ACC-00512,78.2,2026-09-01 05:00:00,0,,True
TX-000724,ACC-00259,ACC-00675,85.53,2026-08-28 00:00:00,0,,True
TX-000725,ACC-00076,ACC-00460,495.44,2026-08-25 18:00:00,0,,True
TX-000726,ACC-00411,ACC-00548,258.24,2026-08-11 14:00:00,0,,True
TX-000727,ACC-00429,ACC-00557,28.01,2026-08-11 01:00:00,0,,True
TX-000728,ACC-00719,ACC-00917,408.03,2026-08-21 16:00:00,0,,True
TX-000729,ACC-00937,ACC-00088,63.59,2026-09-02 15:00:00,0,,True
TX-000730,ACC-00681,ACC-00364,91.51,2026-08-22 11:00:00,0,,True
TX-000731,ACC-00577,ACC-00661,341.96,2026-08-29 02:00:00,0,,True
TX-000732,ACC-00989,ACC-00816,220.92,2026-09-10 09:00:00,0,,True
TX-000733,ACC-00265,ACC-00228,260.23,2026-08-24 19:00:00,0,,True
TX-000734,ACC-00595,ACC-00705,291.87,2026-08-27 01:00:00,0,,True
TX-000735,ACC-00401,ACC-00475,388.45,2026-08-22 14:00:00,0,,True
TX-000736,ACC-00513,ACC-00155,179.03,2026-09-09 21:00:00,0,,True
TX-000737,ACC-00108,ACC-00303,213.83,2026-08-11 10:00:00,0,,True
TX-000738,ACC-00119,ACC-00852,470.93,2026-09-06 01:00:00,0,,True
TX-000739,ACC-00320,ACC-00352,233.11,2026-09-03 20:00:00,0,,True
TX-000740,ACC-00495,ACC-00357,243.32,2026-08-26 13:00:00,0,,True
TX-000741,ACC-00714,ACC-00464,166.27,2026-09-01 11:00:00,0,,True
TX-000742,ACC-00830,ACC-00728,66.39,2026-08-14 02:00:00,0,,True
TX-000743,ACC-00664,ACC-00112,341.8,2026-09-04 13:00:00,0,,True
TX-000744,ACC-00250,ACC-00529,95.48,2026-09-05 02:00:00,0,,True
TX-000745,ACC-00574,ACC-00437,479.65,2026-09-03 00:00:00,0,,True
TX-000746,ACC-00645,ACC-00189,101.33,2026-08-19 23:00:00,0,,True
TX-000747,ACC-00406,ACC-00030,371.32,2026-08-13 06:00:00,0,,True
TX-000748,ACC-00461,ACC-00607,220.48,2026-09-09 14:00:00,0,,True
TX-000749,ACC-00220,ACC-00211,146.39,2026-08-19 10:00:00,0,,True
TX-000750,ACC-00592,ACC-00105,401.76,2026-08-24 07:00:00,0,,True
TX-000751,ACC-00375,ACC-00334,106.57,2026-09-07 04:00:00,0,,True
TX-000752,ACC-00687,ACC-00884,249.85,2026-08-10 16:00:00,0,,True
TX-000753,ACC-00321,ACC-00612,200.43,2026-08-28 18:00:00,0,,True
TX-000754,ACC-00117,ACC-00357,182.47,2026-08-26 17:00:00,0,,True
TX-000755,ACC-00177,ACC-00834,340.06,2026-08-16 03:00:00,0,,True
TX-000756,ACC-00941,ACC-00630,299.18,2026-08-20 08:00:00,0,,True
TX-000757,ACC-00321,ACC-00121,126.9,2026-09-07 07:00:00,0,,True
TX-000758,ACC-00383,ACC-00711,79.27,2026-08-28 23:00:00,0,,True
TX-000759,ACC-00611,ACC-00142,291.65,2026-08-28 07:00:00,0,,True
TX-000760,ACC-00499,ACC-00651,273.32,2026-08-11 16:00:00,0,,True
TX-000761,ACC-00954,ACC-00178,281.91,2026-08-26 03:00:00,0,,True
TX-000762,ACC-00144,ACC-00192,164.14,2026-08-26 17:00:00,0,,True
TX-000763,ACC-00055,ACC-00887,185.93,2026-09-09 21:00:00,0,,True
TX-000764,ACC-00140,ACC-00200,409.46,2026-08-10 19:00:00,0,,True
TX-000765,ACC-00518,ACC-00669,252.54,2026-08-19 21:00:00,0,,True
TX-000766,ACC-00426,ACC-00728,421.55,2026-08-26 07:00:00,0,,True
TX-000767,ACC-00085,ACC-00579,25.12,2026-08-17 05:00:00,0,,True
TX-000768,ACC-00300,ACC-00034,144.68,2026-08-24 03:00:00,0,,True
TX-000769,ACC-00173,ACC-00800,234.09,2026-08-17 21:00:00,0,,True
TX-000770,ACC-00563,ACC-00524,65.47,2026-09-07 04:00:00,0,,True
TX-000771,ACC-00794,ACC-00557,413.41,2026-08-29 19:00:00,0,,True
TX-000772,ACC-00843,ACC-00775,30.39,2026-08-17 22:00:00,0,,True
TX-000773,ACC-00560,ACC-00224,494.99,2026-09-06 13:00:00,0,,True
TX-000774,ACC-00850,ACC-00670,378.16,2026-09-01 11:00:00,0,,True
TX-000775,ACC-00461,ACC-00270,180.8,2026-08-15 10:00:00,0,,True
TX-000776,ACC-00450,ACC-00887,497.04,2026-08-17 05:00:00,0,,True
TX-000777,ACC-00215,ACC-00831,371.43,2026-08-19 01:00:00,0,,True
TX-000778,ACC-00882,ACC-00728,309.03,2026-08-28 07:00:00,0,,True
TX-000779,ACC-00631,ACC-00143,394.58,2026-08-15 06:00:00,0,,True
TX-000780,ACC-00825,ACC-00061,289.34,2026-08-24 04:00:00,0,,True
TX-000781,ACC-00612,ACC-00552,92.5,2026-08-19 03:00:00,0,,True
TX-000782,ACC-00297,ACC-00587,141.0,2026-08-13 20:00:00,0,,True
TX-000783,ACC-00922,ACC-00696,409.44,2026-09-05 23:00:00,0,,True
TX-000784,ACC-00941,ACC-00061,496.32,2026-08-13 16:00:00,0,,True
TX-000785,ACC-00130,ACC-00719,434.38,2026-09-03 08:00:00,0,,True
TX-000786,ACC-00729,ACC-00330,415.96,2026-08-16 15:00:00,0,,True
TX-000787,ACC-00403,ACC-00502,79.66,2026-08-21 04:00:00,0,,True
TX-000788,ACC-00643,ACC-00425,193.83,2026-09-07 16:00:00,0,,True
TX-000789,ACC-00814,ACC-00902,386.75,2026-08-28 20:00:00,0,,True
TX-000790,ACC-00768,ACC-00285,350.4,2026-08-13 01:00:00,0,,True
TX-000791,ACC-00466,ACC-00974,249.14,2026-08-23 12:00:00,0,,True
TX-000792,ACC-00890,ACC-00793,425.11,2026-09-07 13:00:00,0,,True
TX-000793,ACC-00996,ACC-00470,321.07,2026-08-19 01:00:00,0,,True
TX-000794,ACC-00871,ACC-00065,399.88,2026-08-29 06:00:00,0,,True
TX-000795,ACC-00992,ACC-00440,414.18,2026-08-26 04:00:00,0,,True
TX-000796,ACC-00331,ACC-00849,148.96,2026-08-23 18:00:00,0,,True
TX-000797,ACC-00134,ACC-00580,427.69,2026-08-16 02:00:00,0,,True
TX-000798,ACC-00916,ACC-00699,383.5,2026-09-09 09:00:00,0,,True
TX-000799,ACC-00642,ACC-00803,419.98,2026-09-10 09:00:00,0,,True
TX-000800,ACC-00952,ACC-00879,87.41,2026-08-27 12:00:00,0,,True
TX-000801,ACC-00982,ACC-00439,109.14,2026-08-19 08:00:00,0,,True
TX-000802,ACC-00904,ACC-00666,157.91,2026-08-14 04:00:00,0,,True
TX-000803,ACC-00096,ACC-00671,186.61,2026-09-08 01:00:00,0,,True
TX-000804,ACC-00681,ACC-00926,327.97,2026-09-09 00:00:00,0,,True
TX-000805,ACC-00641,ACC-00313,365.73,2026-08-17 05:00:00,0,,True
TX-000806,ACC-00440,ACC-00672,54.69,2026-09-07 12:00:00,0,,True
TX-000807,ACC-00219,ACC-00489,48.19,2026-08-23 05:00:00,0,,True
TX-000808,ACC-00532,ACC-00697,228.08,2026-09-09 14:00:00,0,,True
TX-000809,ACC-00352,ACC-00837,69.09,2026-08-13 23:00:00,0,,True
TX-000810,ACC-00711,ACC-00136,244.07,2026-09-03 00:00:00,0,,True
TX-000811,ACC-00092,ACC-00749,404.92,2026-09-07 02:00:00,0,,True
TX-000812,ACC-00377,ACC-00903,156.64,2026-08-29 08:00:00,0,,True
TX-000813,ACC-00657,ACC-00694,80.0,2026-08-24 18:00:00,0,,True
TX-000814,ACC-00009,ACC-00625,328.51,2026-08-27 01:00:00,0,,True
TX-000815,ACC-00740,ACC-00219,317.76,2026-09-05 23:00:00,0,,True
TX-000816,ACC-00631,ACC-00704,226.77,2026-09-04 10:00:00,0,,True
TX-000817,ACC-00919,ACC-00103,78.61,2026-09-06 18:00:00,0,,True
TX-000818,ACC-00748,ACC-00394,182.25,2026-08-28 02:00:00,0,,True
TX-000819,ACC-00811,ACC-00144,131.42,2026-08-21 10:00:00,0,,True
TX-000820,ACC-00255,ACC-00567,304.49,2026-08-17 17:00:00,0,,True
TX-000821,ACC-00292,ACC-00798,471.23,2026-09-09 15:00:00,0,,True
TX-000822,ACC-00897,ACC-00309,110.67,2026-08-21 20:00:00,0,,True
TX-000823,ACC-00194,ACC-00766,201.96,2026-08-21 11:00:00,0,,True
TX-000824,ACC-00803,ACC-00920,398.95,2026-09-02 21:00:00,0,,True
TX-000825,ACC-00396,ACC-00116,128.13,2026-08-20 17:00:00,0,,True
TX-000826,ACC-00073,ACC-00541,445.48,2026-09-10 01:00:00,0,,True
TX-000827,ACC-00957,ACC-00325,74.67,2026-08-13 18:00:00,0,,True
TX-000828,ACC-00431,ACC-00375,277.71,2026-09-04 21:00:00,0,,True
TX-000829,ACC-00978,ACC-00789,45.77,2026-08-23 10:00:00,0,,True
TX-000830,ACC-00015,ACC-00269,115.71,2026-08-12 11:00:00,0,,True
TX-000831,ACC-00972,ACC-00809,205.01,2026-08-31 16:00:00,0,,True
TX-000832,ACC-00730,ACC-00514,385.88,2026-08-27 14:00:00,0,,True
TX-000833,ACC-00412,ACC-00085,323.86,2026-08-23 17:00:00,0,,True
TX-000834,ACC-00157,ACC-00285,50.96,2026-09-07 20:00:00,0,,True
TX-000835,ACC-00944,ACC-00209,487.41,2026-09-05 19:00:00,0,,True
TX-000836,ACC-00335,ACC-00401,297.35,2026-08-16 16:00:00,0,,True
TX-000837,ACC-00698,ACC-00659,42.4,2026-08-18 23:00:00,0,,True
TX-000838,ACC-00748,ACC-00977,424.77,2026-09-09 05:00:00,0,,True
TX-000839,ACC-00089,ACC-00947,222.9,2026-08-26 17:00:00,0,,True
TX-000840,ACC-00624,ACC-00057,161.55,2026-08-17 15:00:00,0,,True
TX-000841,ACC-00759,ACC-00180,68.53,2026-08-19 08:00:00,0,,True
TX-000842,ACC-00719,ACC-00012,90.28,2026-08-11 01:00:00,0,,True
TX-000843,ACC-00536,ACC-00530,393.66,2026-08-18 04:00:00,0,,True
TX-000844,ACC-00171,ACC-00381,72.2,2026-08-17 04:00:00,0,,True
TX-000845,ACC-00751,ACC-00908,67.85,2026-08-13 12:00:00,0,,True
TX-000846,ACC-00344,ACC-00827,220.37,2026-08-25 10:00:00,0,,True
TX-000847,ACC-00270,ACC-00730,487.77,2026-08-21 10:00:00,0,,True
TX-000848,ACC-00509,ACC-00467,260.28,2026-09-08 21:00:00,0,,True
TX-000849,ACC-00880,ACC-00581,91.77,2026-09-05 04:00:00,0,,True
TX-000850,ACC-00792,ACC-00106,448.19,2026-08-19 13:00:00,0,,True
TX-000851,ACC-00119,ACC-00234,372.98,2026-09-10 11:00:00,0,,True
TX-000852,ACC-00880,ACC-00884,16.02,2026-09-08 21:00:00,0,,True
TX-000853,ACC-00373,ACC-00393,460.91,2026-09-05 11:00:00,0,,True
TX-000854,ACC-00567,ACC-00823,457.83,2026-08-17 16:00:00,0,,True
TX-000855,ACC-00430,ACC-00230,167.68,2026-08-27 13:00:00,0,,True
TX-000856,ACC-00328,ACC-00278,414.74,2026-08-23 01:00:00,0,,True
TX-000857,ACC-00123,ACC-00515,339.93,2026-09-09 07:00:00,0,,True
TX-000858,ACC-00229,ACC-00824,262.73,2026-09-09 00:00:00,0,,True
TX-000859,ACC-00071,ACC-00899,237.9,2026-09-01 03:00:00,0,,True
TX-000860,ACC-00336,ACC-00089,281.01,2026-09-10 01:00:00,0,,True
TX-000861,ACC-00206,ACC-00299,286.27,2026-08-31 13:00:00,0,,True
TX-000862,ACC-00638,ACC-00249,237.32,2026-08-22 21:00:00,0,,True
TX-000863,ACC-00792,ACC-00795,105.76,2026-08-12 19:00:00,0,,True
TX-000864,ACC-00779,ACC-00816,130.11,2026-09-09 23:00:00,0,,True
TX-000865,ACC-00025,ACC-00239,275.36,2026-08-20 14:00:00,0,,True
TX-000866,ACC-00899,ACC-00010,475.99,2026-09-09 15:00:00,0,,True
TX-000867,ACC-00386,ACC-00870,371.66,2026-09-01 09:00:00,0,,True
TX-000868,ACC-00211,ACC-00543,491.73,2026-08-27 21:00:00,0,,True
TX-000869,ACC-00985,ACC-00062,486.55,2026-09-05 14:00:00,0,,True
TX-000870,ACC-00287,ACC-00096,31.51,2026-09-02 20:00:00,0,,True
TX-000871,ACC-00423,ACC-00718,448.83,2026-08-26 13:00:00,0,,True
TX-000872,ACC-00087,ACC-00595,56.83,2026-09-05 16:00:00,0,,True
TX-000873,ACC-00840,ACC-00404,46.67,2026-08-23 11:00:00,0,,True
TX-000874,ACC-00446,ACC-00679,482.47,2026-09-03 03:00:00,0,,True
TX-000875,ACC-00268,ACC-00872,164.35,2026-08-16 00:00:00,0,,True
TX-000876,ACC-00718,ACC-00852,370.32,2026-08-30 22:00:00,0,,True
TX-000877,ACC-00279,ACC-00240,46.6,2026-09-04 08:00:00,0,,True
TX-000878,ACC-00799,ACC-00789,296.51,2026-09-06 09:00:00,0,,True
TX-000879,ACC-00169,ACC-00461,238.37,2026-08-28 09:00:00,0,,True
TX-000880,ACC-00549,ACC-00367,482.67,2026-09-03 22:00:00,0,,True
TX-000881,ACC-00316,ACC-00475,139.85,2026-09-07 10:00:00,0,,True
TX-000882,ACC-00162,ACC-00827,346.17,2026-08-14 14:00:00,0,,True
TX-000883,ACC-00714,ACC-00618,29.76,2026-08-15 02:00:00,0,,True
TX-000884,ACC-00152,ACC-00094,358.47,2026-08-11 01:00:00,0,,True
TX-000885,ACC-00406,ACC-00526,33.99,2026-09-01 04:00:00,0,,True
TX-000886,ACC-00840,ACC-00179,25.23,2026-08-28 22:00:00,0,,True
TX-000887,ACC-00570,ACC-00767,279.56,2026-09-06 22:00:00,0,,True
TX-000888,ACC-00105,ACC-00824,398.97,2026-09-07 12:00:00,0,,True
TX-000889,ACC-00064,ACC-00851,392.67,2026-09-03 08:00:00,0,,True
TX-000890,ACC-00203,ACC-00844,206.29,2026-08-19 16:00:00,0,,True
TX-000891,ACC-00961,ACC-00661,51.18,2026-08-23 04:00:00,0,,True
TX-000892,ACC-00940,ACC-00833,46.74,2026-09-08 06:00:00,0,,True
TX-000893,ACC-00925,ACC-00662,227.28,2026-09-06 10:00:00,0,,True
TX-000894,ACC-00927,ACC-00868,416.38,2026-08-31 09:00:00,0,,True
TX-000895,ACC-00044,ACC-00965,235.89,2026-09-04 18:00:00,0,,True
TX-000896,ACC-00444,ACC-00842,364.97,2026-08-26 12:00:00,0,,True
TX-000897,ACC-00392,ACC-00700,219.07,2026-08-30 06:00:00,0,,True
TX-000898,ACC-00931,ACC-00192,144.74,2026-08-27 08:00:00,0,,True
TX-000899,ACC-00036,ACC-00629,313.4,2026-09-02 16:00:00,0,,True
TX-000900,ACC-00303,ACC-00511,211.88,2026-08-23 21:00:00,0,,True
TX-000901,ACC-00063,ACC-00090,147.09,2026-09-05 23:00:00,0,,True
TX-000902,ACC-00205,ACC-00659,443.48,2026-08-25 05:00:00,0,,True
TX-000903,ACC-00646,ACC-00822,276.39,2026-09-10 00:00:00,0,,True
TX-000904,ACC-00801,ACC-00731,185.96,2026-08-23 21:00:00,0,,True
TX-000905,ACC-00353,ACC-00935,287.17,2026-08-31 00:00:00,0,,True
TX-000906,ACC-00277,ACC-00185,22.77,2026-08-22 05:00:00,0,,True
TX-000907,ACC-00031,ACC-00918,407.24,2026-09-02 11:00:00,0,,True
TX-000908,ACC-00829,ACC-00484,269.42,2026-08-16 18:00:00,0,,True
TX-000909,ACC-00239,ACC-00998,88.22,2026-09-02 15:00:00,0,,True
TX-000910,ACC-00247,ACC-00273,271.51,2026-08-15 13:00:00,0,,True
TX-000911,ACC-00058,ACC-00783,498.23,2026-09-02 18:00:00,0,,True
TX-000912,ACC-00867,ACC-00817,200.33,2026-08-12 07:00:00,0,,True
TX-000913,ACC-00181,ACC-00243,300.33,2026-08-15 13:00:00,0,,True
TX-000914,ACC-00715,ACC-00368,457.85,2026-09-09 14:00:00,0,,True
TX-000915,ACC-00718,ACC-00361,474.3,2026-08-23 08:00:00,0,,True
TX-000916,ACC-00577,ACC-00972,102.23,2026-08-15 21:00:00,0,,True
TX-000917,ACC-00556,ACC-00317,96.02,2026-09-09 10:00:00,0,,True
TX-000918,ACC-00058,ACC-00239,304.81,2026-09-09 20:00:00,0,,True
TX-000919,ACC-00490,ACC-00001,172.55,2026-08-22 06:00:00,0,,True
TX-000920,ACC-00826,ACC-00134,176.97,2026-09-05 02:00:00,0,,True
TX-000921,ACC-00061,ACC-00023,82.38,2026-08-19 08:00:00,0,,True
TX-000922,ACC-00793,ACC-00114,424.78,2026-08-14 01:00:00,0,,True
TX-000923,ACC-00984,ACC-00075,193.06,2026-08-10 15:00:00,0,,True
TX-000924,ACC-00406,ACC-00601,59.51,2026-09-01 02:00:00,0,,True
TX-000925,ACC-00140,ACC-00162,368.85,2026-08-27 16:00:00,0,,True
TX-000926,ACC-00984,ACC-00499,328.1,2026-09-04 14:00:00,0,,True
TX-000927,ACC-00992,ACC-00576,349.84,2026-08-11 17:00:00,0,,True
TX-000928,ACC-00806,ACC-00366,119.39,2026-08-23 07:00:00,0,,True
TX-000929,ACC-00388,ACC-00315,369.66,2026-09-01 08:00:00,0,,True
TX-000930,ACC-00182,ACC-00747,10.88,2026-08-18 18:00:00,0,,True
TX-000931,ACC-00401,ACC-00872,497.2,2026-08-10 18:00:00,0,,True
TX-000932,ACC-00034,ACC-00187,305.17,2026-08-11 17:00:00,0,,True
TX-000933,ACC-00227,ACC-00655,287.12,2026-08-11 21:00:00,0,,True
TX-000934,ACC-00145,ACC-00340,375.22,2026-09-03 01:00:00,0,,True
TX-000935,ACC-00328,ACC-00172,321.73,2026-08-11 10:00:00,0,,True
TX-000936,ACC-00842,ACC-00726,338.31,2026-08-18 02:00:00,0,,True
TX-000937,ACC-00458,ACC-00012,139.95,2026-09-02 14:00:00,0,,True
TX-000938,ACC-00070,ACC-00359,135.76,2026-09-06 13:00:00,0,,True
TX-000939,ACC-00002,ACC-00050,199.11,2026-08-17 23:00:00,0,,True
TX-000940,ACC-00993,ACC-00171,443.43,2026-08-26 00:00:00,0,,True
TX-000941,ACC-00360,ACC-00560,193.92,2026-08-14 21:00:00,0,,True
TX-000942,ACC-00808,ACC-00885,293.25,2026-08-16 15:00:00,0,,True
TX-000943,ACC-00231,ACC-00167,231.13,2026-08-16 11:00:00,0,,True
TX-000944,ACC-00302,ACC-00021,166.17,2026-08-11 09:00:00,0,,True
TX-000945,ACC-00076,ACC-00351,93.35,2026-08-29 07:00:00,0,,True
TX-000946,ACC-00750,ACC-00077,278.05,2026-08-13 10:00:00,0,,True
TX-000947,ACC-00347,ACC-00609,492.79,2026-08-12 21:00:00,0,,True
TX-000948,ACC-00722,ACC-00032,221.35,2026-08-21 07:00:00,0,,True
TX-000949,ACC-00622,ACC-00912,222.76,2026-09-09 09:00:00,0,,True
TX-000950,ACC-00340,ACC-00211,487.46,2026-08-27 14:00:00,0,,True
TX-000951,ACC-00568,ACC-00740,463.53,2026-08-24 04:00:00,0,,True
TX-000952,ACC-00677,ACC-00289,155.73,2026-09-07 11:00:00,0,,True
TX-000953,ACC-00403,ACC-00586,279.33,2026-08-26 08:00:00,0,,True
TX-000954,ACC-00056,ACC-00370,11.87,2026-09-08 03:00:00,0,,True
TX-000955,ACC-00844,ACC-00678,316.29,2026-08-26 06:00:00,0,,True
TX-000956,ACC-00100,ACC-00027,111.41,2026-08-21 03:00:00,0,,True
TX-000957,ACC-00084,ACC-00485,423.45,2026-09-01 00:00:00,0,,True
TX-000958,ACC-00483,ACC-00501,448.49,2026-09-02 10:00:00,0,,True
TX-000959,ACC-00658,ACC-00558,199.89,2026-08-30 00:00:00,0,,True
TX-000960,ACC-00379,ACC-00192,228.43,2026-09-01 22:00:00,0,,True
TX-000961,ACC-00477,ACC-00270,120.86,2026-09-01 18:00:00,0,,True
TX-000962,ACC-00064,ACC-00155,378.6,2026-08-20 09:00:00,0,,True
TX-000963,ACC-00088,ACC-00685,178.46,2026-08-23 23:00:00,0,,True
TX-000964,ACC-00995,ACC-00775,298.97,2026-08-24 11:00:00,0,,True
TX-000965,ACC-00861,ACC-00397,411.02,2026-08-27 19:00:00,0,,True
TX-000966,ACC-00704,ACC-00888,468.82,2026-08-23 05:00:00,0,,True
TX-000967,ACC-00488,ACC-00307,48.69,2026-08-12 14:00:00,0,,True
TX-000968,ACC-00036,ACC-00515,289.9,2026-08-24 18:00:00,0,,True
TX-000969,ACC-00694,ACC-00636,82.25,2026-08-10 22:00:00,0,,True
TX-000970,ACC-00178,ACC-00972,492.34,2026-09-04 06:00:00,0,,True
TX-000971,ACC-00130,ACC-00044,217.45,2026-08-19 23:00:00,0,,True
TX-000972,ACC-00207,ACC-00843,317.34,2026-08-14 17:00:00,0,,True
TX-000973,ACC-00265,ACC-00328,456.29,2026-08-12 10:00:00,0,,True
TX-000974,ACC-00090,ACC-00398,282.62,2026-08-24 02:00:00,0,,True
TX-000975,ACC-00878,ACC-00283,264.65,2026-08-12 12:00:00,0,,True
TX-000976,ACC-00806,ACC-00718,315.3,2026-08-24 23:00:00,0,,True
TX-000977,ACC-00116,ACC-00425,83.32,2026-08-22 18:00:00,0,,True
TX-000978,ACC-00597,ACC-00777,482.77,2026-09-07 09:00:00,0,,True
TX-000979,ACC-00577,ACC-00799,59.49,2026-08-31 19:00:00,0,,True
TX-000980,ACC-00902,ACC-00353,440.17,2026-09-02 00:00:00,0,,True
TX-000981,ACC-00671,ACC-00498,290.29,2026-08-26 11:00:00,0,,True
TX-000982,ACC-00177,ACC-00283,207.46,2026-08-21 17:00:00,0,,True
TX-000983,ACC-00698,ACC-00711,206.84,2026-08-29 02:00:00,0,,True
TX-000984,ACC-00708,ACC-00244,34.15,2026-08-26 04:00:00,0,,True
TX-000985,ACC-00919,ACC-00382,19.91,2026-08-15 03:00:00,0,,True
TX-000986,ACC-00319,ACC-00288,422.99,2026-08-13 14:00:00,0,,True
TX-000987,ACC-00702,ACC-00101,486.52,2026-09-03 08:00:00,0,,True
TX-000988,ACC-00308,ACC-00998,374.42,2026-08-17 02:00:00,0,,True
TX-000989,ACC-00276,ACC-00747,214.22,2026-08-21 10:00:00,0,,True
TX-000990,ACC-00193,ACC-00453,113.58,2026-08-14 23:00:00,0,,True
TX-000991,ACC-00759,ACC-00497,382.15,2026-08-14 01:00:00,0,,True
TX-000992,ACC-00841,ACC-00058,262.48,2026-09-05 10:00:00,0,,True
TX-000993,ACC-00319,ACC-00727,258.33,2026-09-05 20:00:00,0,,True
TX-000994,ACC-00901,ACC-00583,24.18,2026-09-04 06:00:00,0,,True
TX-000995,ACC-00858,ACC-00060,132.25,2026-08-27 11:00:00,0,,True
TX-000996,ACC-00941,ACC-00370,355.27,2026-09-02 01:00:00,0,,True
TX-000997,ACC-00844,ACC-00476,257.51,2026-08-21 09:00:00,0,,True
TX-000998,ACC-00698,ACC-00032,128.55,2026-08-25 17:00:00,0,,True
TX-000999,ACC-00457,ACC-00182,480.65,2026-08-25 18:00:00,0,,True
TX-001000,ACC-00565,ACC-00359,178.68,2026-08-15 04:00:00,0,,True
TX-001001,ACC-00767,ACC-00851,347.54,2026-09-01 12:00:00,0,,True
TX-001002,ACC-00396,ACC-00051,89.82,2026-08-23 06:00:00,0,,True
TX-001003,ACC-00878,ACC-00227,327.22,2026-08-20 06:00:00,0,,True
TX-001004,ACC-00276,ACC-00668,210.66,2026-09-09 15:00:00,0,,True
TX-001005,ACC-00010,ACC-00486,456.64,2026-08-21 07:00:00,0,,True
TX-001006,ACC-00616,ACC-00821,14.15,2026-09-01 17:00:00,0,,True
TX-001007,ACC-00825,ACC-00966,159.68,2026-08-10 14:00:00,0,,True
TX-001008,ACC-00659,ACC-00282,217.67,2026-08-29 01:00:00,0,,True
TX-001009,ACC-00471,ACC-00259,116.92,2026-08-31 15:00:00,0,,True
TX-001010,ACC-00534,ACC-00845,315.57,2026-08-23 09:00:00,0,,True
TX-001011,ACC-00008,ACC-00524,499.72,2026-08-11 01:00:00,0,,True
TX-001012,ACC-00575,ACC-00663,300.95,2026-09-01 03:00:00,0,,True
TX-001013,ACC-00701,ACC-00111,246.05,2026-08-31 04:00:00,0,,True
TX-001014,ACC-00656,ACC-00333,432.13,2026-09-01 16:00:00,0,,True
TX-001015,ACC-00729,ACC-00976,447.26,2026-09-01 06:00:00,0,,True
TX-001016,ACC-00154,ACC-00530,385.08,2026-08-13 11:00:00,0,,True
TX-001017,ACC-00825,ACC-00878,403.16,2026-08-22 00:00:00,0,,True
TX-001018,ACC-00677,ACC-00328,343.57,2026-08-18 12:00:00,0,,True
TX-001019,ACC-00672,ACC-00510,498.76,2026-09-01 23:00:00,0,,True
TX-001020,ACC-00415,ACC-00398,371.0,2026-08-22 14:00:00,0,,True
TX-001021,ACC-00586,ACC-00836,103.06,2026-08-17 14:00:00,0,,True
TX-001022,ACC-00228,ACC-00703,271.97,2026-08-15 21:00:00,0,,True
TX-001023,ACC-00929,ACC-00964,339.22,2026-08-25 03:00:00,0,,True
TX-001024,ACC-00866,ACC-00175,421.91,2026-08-12 19:00:00,0,,True
TX-001025,ACC-00186,ACC-00301,57.83,2026-09-05 13:00:00,0,,True
TX-001026,ACC-00265,ACC-00743,406.09,2026-08-17 07:00:00,0,,True
TX-001027,ACC-00970,ACC-00697,450.8,2026-08-21 10:00:00,0,,True
TX-001028,ACC-00228,ACC-00364,119.43,2026-08-14 03:00:00,0,,True
TX-001029,ACC-00431,ACC-00808,444.55,2026-08-30 04:00:00,0,,True
TX-001030,ACC-00600,ACC-00302,237.24,2026-09-06 21:00:00,0,,True
TX-001031,ACC-00055,ACC-00888,320.85,2026-08-22 17:00:00,0,,True
TX-001032,ACC-00073,ACC-00484,445.82,2026-08-25 09:00:00,0,,True
TX-001033,ACC-00889,ACC-00698,197.02,2026-08-31 23:00:00,0,,True
TX-001034,ACC-00056,ACC-00892,428.58,2026-09-06 06:00:00,0,,True
TX-001035,ACC-00351,ACC-00420,493.72,2026-08-12 22:00:00,0,,True
TX-001036,ACC-00147,ACC-00324,432.57,2026-09-05 10:00:00,0,,True
TX-001037,ACC-00500,ACC-00341,319.21,2026-09-05 02:00:00,0,,True
TX-001038,ACC-00650,ACC-00060,12.31,2026-09-02 06:00:00,0,,True
TX-001039,ACC-00780,ACC-00793,92.62,2026-08-17 07:00:00,0,,True
TX-001040,ACC-00502,ACC-00805,384.15,2026-09-08 08:00:00,0,,True
TX-001041,ACC-00630,ACC-00445,320.41,2026-08-28 23:00:00,0,,True
TX-001042,ACC-00989,ACC-00489,197.83,2026-09-08 19:00:00,0,,True
TX-001043,ACC-00205,ACC-00749,192.82,2026-09-10 02:00:00,0,,True
TX-001044,ACC-00776,ACC-00854,270.21,2026-09-09 15:00:00,0,,True
TX-001045,ACC-00005,ACC-00642,369.47,2026-09-02 14:00:00,0,,True
TX-001046,ACC-00899,ACC-00353,162.93,2026-09-07 00:00:00,0,,True
TX-001047,ACC-00516,ACC-00603,160.0,2026-09-08 11:00:00,0,,True
TX-001048,ACC-00306,ACC-00972,152.51,2026-08-17 20:00:00,0,,True
TX-001049,ACC-00611,ACC-00537,175.54,2026-08-12 15:00:00,0,,True
TX-001050,ACC-00138,ACC-00351,498.11,2026-08-26 01:00:00,0,,True
TX-001051,ACC-00769,ACC-00193,90.79,2026-08-12 00:00:00,0,,True
TX-001052,ACC-00020,ACC-00234,119.92,2026-09-06 06:00:00,0,,True
TX-001053,ACC-00752,ACC-00023,298.95,2026-09-05 09:00:00,0,,True
TX-001054,ACC-00376,ACC-00729,328.76,2026-09-09 00:00:00,0,,True
TX-001055,ACC-00898,ACC-00656,135.34,2026-08-23 17:00:00,0,,True
TX-001056,ACC-00050,ACC-00609,497.39,2026-08-20 09:00:00,0,,True
TX-001057,ACC-00670,ACC-00857,19.67,2026-08-19 09:00:00,0,,True
TX-001058,ACC-00427,ACC-00455,196.32,2026-08-24 04:00:00,0,,True
TX-001059,ACC-00486,ACC-00719,85.03,2026-08-18 15:00:00,0,,True
TX-001060,ACC-00646,ACC-00010,157.55,2026-08-20 09:00:00,0,,True
TX-001061,ACC-00679,ACC-00533,142.29,2026-08-21 14:00:00,0,,True
TX-001062,ACC-00141,ACC-00429,417.02,2026-09-06 20:00:00,0,,True
TX-001063,ACC-00737,ACC-00633,67.69,2026-09-07 09:00:00,0,,True
TX-001064,ACC-00510,ACC-00204,308.41,2026-08-17 04:00:00,0,,True
TX-001065,ACC-00852,ACC-00536,486.83,2026-08-29 14:00:00,0,,True
TX-001066,ACC-00420,ACC-00303,88.58,2026-08-23 21:00:00,0,,True
TX-001067,ACC-00933,ACC-00213,347.22,2026-08-26 02:00:00,0,,True
TX-001068,ACC-00241,ACC-00003,16.25,2026-09-08 09:00:00,0,,True
TX-001069,ACC-00856,ACC-00588,337.82,2026-09-06 10:00:00,0,,True
TX-001070,ACC-00799,ACC-00524,46.77,2026-08-18 09:00:00,0,,True
TX-001071,ACC-00927,ACC-00263,325.73,2026-08-27 03:00:00,0,,True
TX-001072,ACC-00271,ACC-00476,34.54,2026-08-15 07:00:00,0,,True
TX-001073,ACC-00896,ACC-00041,427.6,2026-08-29 15:00:00,0,,True
TX-001074,ACC-00321,ACC-00437,371.88,2026-09-07 11:00:00,0,,True
TX-001075,ACC-00010,ACC-00873,77.81,2026-08-21 07:00:00,0,,True
TX-001076,ACC-00337,ACC-00367,448.32,2026-08-10 17:00:00,0,,True
TX-001077,ACC-00275,ACC-00900,369.2,2026-08-30 02:00:00,0,,True
TX-001078,ACC-00188,ACC-00117,206.38,2026-08-10 22:00:00,0,,True
TX-001079,ACC-00279,ACC-00856,199.0,2026-08-13 21:00:00,0,,True
TX-001080,ACC-00820,ACC-00432,327.93,2026-08-16 07:00:00,0,,True
TX-001081,ACC-00116,ACC-00136,351.12,2026-09-09 07:00:00,0,,True
TX-001082,ACC-00107,ACC-00427,456.5,2026-08-25 18:00:00,0,,True
TX-001083,ACC-00695,ACC-00449,98.82,2026-08-29 01:00:00,0,,True
TX-001084,ACC-00627,ACC-00030,432.66,2026-08-12 13:00:00,0,,True
TX-001085,ACC-00997,ACC-00914,74.02,2026-08-11 21:00:00,0,,True
TX-001086,ACC-00116,ACC-00909,211.53,2026-09-09 10:00:00,0,,True
TX-001087,ACC-00268,ACC-00671,163.98,2026-08-18 15:00:00,0,,True
TX-001088,ACC-00538,ACC-00786,374.38,2026-08-17 18:00:00,0,,True
TX-001089,ACC-00230,ACC-00979,338.22,2026-08-30 20:00:00,0,,True
TX-001090,ACC-00536,ACC-00705,353.28,2026-09-06 23:00:00,0,,True
TX-001091,ACC-00678,ACC-00745,131.8,2026-08-29 15:00:00,0,,True
TX-001092,ACC-00693,ACC-00657,198.59,2026-08-14 19:00:00,0,,True
TX-001093,ACC-00914,ACC-00628,36.74,2026-08-21 07:00:00,0,,True
TX-001094,ACC-00518,ACC-00870,239.95,2026-08-26 07:00:00,0,,True
TX-001095,ACC-00077,ACC-00770,250.91,2026-09-03 02:00:00,0,,True
TX-001096,ACC-00994,ACC-00285,34.67,2026-09-02 19:00:00,0,,True
TX-001097,ACC-00659,ACC-00388,207.61,2026-09-03 10:00:00,0,,True
TX-001098,ACC-00471,ACC-00455,402.62,2026-08-27 10:00:00,0,,True
TX-001099,ACC-00878,ACC-00511,229.06,2026-09-06 21:00:00,0,,True
TX-001100,ACC-00764,ACC-00670,18.71,2026-08-28 23:00:00,0,,True
TX-001101,ACC-00037,ACC-00571,279.06,2026-08-15 10:00:00,0,,True
TX-001102,ACC-00811,ACC-00619,481.95,2026-08-21 03:00:00,0,,True
TX-001103,ACC-00912,ACC-00521,285.54,2026-08-20 15:00:00,0,,True
TX-001104,ACC-00468,ACC-00974,177.02,2026-08-15 11:00:00,0,,True
TX-001105,ACC-00837,ACC-00229,423.72,2026-08-30 19:00:00,0,,True
TX-001106,ACC-00786,ACC-00635,303.98,2026-08-18 15:00:00,0,,True
TX-001107,ACC-00373,ACC-00734,231.74,2026-09-06 15:00:00,0,,True
TX-001108,ACC-00228,ACC-00003,177.26,2026-08-14 16:00:00,0,,True
TX-001109,ACC-00988,ACC-00820,153.07,2026-08-25 01:00:00,0,,True
TX-001110,ACC-00719,ACC-00109,32.43,2026-09-04 21:00:00,0,,True
TX-001111,ACC-00144,ACC-00842,361.26,2026-08-17 23:00:00,0,,True
TX-001112,ACC-00110,ACC-00261,309.32,2026-09-04 09:00:00,0,,True
TX-001113,ACC-00953,ACC-00873,202.52,2026-08-27 06:00:00,0,,True
TX-001114,ACC-00734,ACC-00347,62.81,2026-08-28 11:00:00,0,,True
TX-001115,ACC-00949,ACC-00649,420.36,2026-08-23 09:00:00,0,,True
TX-001116,ACC-00791,ACC-00914,230.75,2026-08-19 18:00:00,0,,True
TX-001117,ACC-00980,ACC-00517,75.97,2026-08-26 12:00:00,0,,True
TX-001118,ACC-00544,ACC-00754,33.8,2026-08-11 23:00:00,0,,True
TX-001119,ACC-00859,ACC-00600,246.64,2026-08-25 07:00:00,0,,True
TX-001120,ACC-00709,ACC-00593,95.09,2026-08-15 08:00:00,0,,True
TX-001121,ACC-00107,ACC-00397,332.19,2026-08-22 02:00:00,0,,True
TX-001122,ACC-00517,ACC-00903,198.48,2026-08-21 14:00:00,0,,True
TX-001123,ACC-00781,ACC-00255,144.06,2026-08-11 02:00:00,0,,True
TX-001124,ACC-00994,ACC-00302,231.89,2026-09-06 08:00:00,0,,True
TX-001125,ACC-00423,ACC-00617,353.01,2026-08-17 20:00:00,0,,True
TX-001126,ACC-00307,ACC-00864,353.73,2026-08-14 02:00:00,0,,True
TX-001127,ACC-00729,ACC-00755,468.4,2026-08-21 06:00:00,0,,True
TX-001128,ACC-00206,ACC-00215,315.84,2026-08-31 15:00:00,0,,True
TX-001129,ACC-00354,ACC-00944,339.46,2026-08-18 16:00:00,0,,True
TX-001130,ACC-00999,ACC-00982,97.13,2026-08-23 14:00:00,0,,True
TX-001131,ACC-00653,ACC-00331,358.07,2026-08-17 01:00:00,0,,True
TX-001132,ACC-00576,ACC-00492,295.58,2026-08-10 15:00:00,0,,True
TX-001133,ACC-00728,ACC-00428,340.38,2026-08-12 19:00:00,0,,True
TX-001134,ACC-00293,ACC-00899,425.18,2026-08-16 12:00:00,0,,True
TX-001135,ACC-00536,ACC-00110,22.38,2026-09-06 11:00:00,0,,True
TX-001136,ACC-00687,ACC-00058,107.95,2026-08-17 07:00:00,0,,True
TX-001137,ACC-00294,ACC-00700,132.77,2026-08-15 11:00:00,0,,True
TX-001138,ACC-00708,ACC-00804,154.62,2026-08-16 19:00:00,0,,True
TX-001139,ACC-00034,ACC-00368,408.87,2026-09-06 17:00:00,0,,True
TX-001140,ACC-00889,ACC-00692,372.35,2026-08-14 05:00:00,0,,True
TX-001141,ACC-00761,ACC-00663,285.02,2026-09-02 20:00:00,0,,True
TX-001142,ACC-00804,ACC-00816,401.42,2026-08-31 14:00:00,0,,True
TX-001143,ACC-00681,ACC-00049,463.98,2026-08-28 23:00:00,0,,True
TX-001144,ACC-00980,ACC-00808,488.15,2026-08-30 19:00:00,0,,True
TX-001145,ACC-00056,ACC-00014,374.4,2026-09-03 17:00:00,0,,True
TX-001146,ACC-00890,ACC-00800,431.62,2026-08-27 05:00:00,0,,True
TX-001147,ACC-00934,ACC-00649,355.27,2026-08-21 01:00:00,0,,True
TX-001148,ACC-00774,ACC-00603,277.84,2026-08-22 06:00:00,0,,True
TX-001149,ACC-00795,ACC-00743,482.5,2026-08-31 22:00:00,0,,True
TX-001150,ACC-00182,ACC-00700,46.49,2026-08-11 07:00:00,0,,True
TX-001151,ACC-00753,ACC-00527,68.48,2026-09-08 23:00:00,0,,True
TX-001152,ACC-00286,ACC-00570,139.48,2026-09-04 18:00:00,0,,True
TX-001153,ACC-00867,ACC-00262,12.77,2026-08-26 14:00:00,0,,True
TX-001154,ACC-00960,ACC-00159,29.57,2026-08-12 02:00:00,0,,True
TX-001155,ACC-00612,ACC-00053,389.09,2026-08-20 17:00:00,0,,True
TX-001156,ACC-00864,ACC-00678,157.57,2026-08-15 18:00:00,0,,True
TX-001157,ACC-00564,ACC-00367,45.71,2026-08-19 02:00:00,0,,True
TX-001158,ACC-00539,ACC-00226,478.92,2026-08-25 10:00:00,0,,True
TX-001159,ACC-00806,ACC-00518,88.09,2026-08-23 19:00:00,0,,True
TX-001160,ACC-00414,ACC-00095,181.21,2026-08-13 06:00:00,0,,True
TX-001161,ACC-00680,ACC-00340,172.22,2026-09-01 06:00:00,0,,True
TX-001162,ACC-00974,ACC-00771,312.96,2026-08-25 19:00:00,0,,True
TX-001163,ACC-00844,ACC-00771,490.76,2026-09-10 09:00:00,0,,True
TX-001164,ACC-00685,ACC-00355,228.38,2026-08-12 16:00:00,0,,True
TX-001165,ACC-00629,ACC-00941,314.35,2026-08-11 11:00:00,0,,True
TX-001166,ACC-00699,ACC-00907,167.26,2026-08-12 09:00:00,0,,True
TX-001167,ACC-00396,ACC-00263,274.72,2026-09-01 12:00:00,0,,True
TX-001168,ACC-00934,ACC-00530,412.83,2026-08-29 20:00:00,0,,True
TX-001169,ACC-00823,ACC-00521,228.32,2026-09-09 03:00:00,0,,True
TX-001170,ACC-00920,ACC-00668,104.33,2026-08-25 10:00:00,0,,True
TX-001171,ACC-00971,ACC-00099,92.02,2026-08-10 19:00:00,0,,True
TX-001172,ACC-00547,ACC-00008,317.2,2026-09-03 15:00:00,0,,True
TX-001173,ACC-00645,ACC-00793,114.46,2026-08-19 23:00:00,0,,True
TX-001174,ACC-00856,ACC-00107,110.73,2026-08-14 14:00:00,0,,True
TX-001175,ACC-00900,ACC-00760,389.85,2026-08-21 10:00:00,0,,True
TX-001176,ACC-00765,ACC-00703,85.34,2026-08-26 14:00:00,0,,True
TX-001177,ACC-00340,ACC-00039,52.89,2026-09-09 07:00:00,0,,True
TX-001178,ACC-00814,ACC-00258,283.46,2026-08-23 05:00:00,0,,True
TX-001179,ACC-00933,ACC-00265,209.74,2026-08-26 16:00:00,0,,True
TX-001180,ACC-00415,ACC-00444,165.04,2026-08-28 15:00:00,0,,True
TX-001181,ACC-00122,ACC-00548,12.89,2026-08-17 17:00:00,0,,True
TX-001182,ACC-00065,ACC-00775,375.52,2026-09-08 14:00:00,0,,True
TX-001183,ACC-00869,ACC-00075,185.27,2026-08-25 09:00:00,0,,True
TX-001184,ACC-00297,ACC-00806,346.08,2026-08-22 10:00:00,0,,True
TX-001185,ACC-00289,ACC-00784,464.08,2026-08-29 00:00:00,0,,True
TX-001186,ACC-00842,ACC-00677,25.1,2026-09-04 19:00:00,0,,True
TX-001187,ACC-00226,ACC-00140,375.91,2026-08-15 19:00:00,0,,True
TX-001188,ACC-00303,ACC-00984,320.68,2026-08-31 15:00:00,0,,True
TX-001189,ACC-00909,ACC-00937,483.03,2026-08-13 13:00:00,0,,True
TX-001190,ACC-00664,ACC-00383,479.12,2026-09-09 19:00:00,0,,True
TX-001191,ACC-00896,ACC-00569,79.27,2026-09-09 12:00:00,0,,True
TX-001192,ACC-00587,ACC-00611,203.1,2026-08-24 10:00:00,0,,True
TX-001193,ACC-00313,ACC-00216,376.67,2026-08-12 13:00:00,0,,True
TX-001194,ACC-00353,ACC-00217,212.2,2026-08-20 20:00:00,0,,True
TX-001195,ACC-00146,ACC-00165,100.16,2026-08-22 04:00:00,0,,True
TX-001196,ACC-00199,ACC-00118,98.87,2026-08-15 18:00:00,0,,True
TX-001197,ACC-00873,ACC-00056,427.18,2026-08-11 19:00:00,0,,True
TX-001198,ACC-00473,ACC-00661,279.34,2026-08-31 15:00:00,0,,True
TX-001199,ACC-00069,ACC-00257,58.12,2026-08-17 18:00:00,0,,True
TX-001200,ACC-00499,ACC-00975,172.12,2026-09-05 15:00:00,0,,True
TX-001201,ACC-00672,ACC-00241,59.02,2026-08-22 10:00:00,0,,True
TX-001202,ACC-00922,ACC-00199,165.72,2026-08-27 02:00:00,0,,True
TX-001203,ACC-00632,ACC-00676,159.78,2026-08-23 08:00:00,0,,True
TX-001204,ACC-00580,ACC-00581,188.6,2026-08-30 23:00:00,0,,True
TX-001205,ACC-00173,ACC-00005,163.48,2026-08-16 05:00:00,0,,True
TX-001206,ACC-00730,ACC-00758,324.01,2026-09-02 01:00:00,0,,True
TX-001207,ACC-00138,ACC-00696,369.16,2026-08-12 21:00:00,0,,True
TX-001208,ACC-00474,ACC-00457,185.78,2026-08-31 21:00:00,0,,True
TX-001209,ACC-00565,ACC-00112,96.13,2026-08-22 10:00:00,0,,True
TX-001210,ACC-00862,ACC-00288,430.77,2026-09-05 19:00:00,0,,True
TX-001211,ACC-00202,ACC-00270,369.44,2026-08-21 10:00:00,0,,True
TX-001212,ACC-00745,ACC-00078,447.13,2026-08-13 20:00:00,0,,True
TX-001213,ACC-00647,ACC-00032,408.19,2026-08-23 00:00:00,0,,True
TX-001214,ACC-00788,ACC-00605,114.25,2026-09-08 19:00:00,0,,True
TX-001215,ACC-00267,ACC-00557,448.05,2026-08-23 21:00:00,0,,True
TX-001216,ACC-00670,ACC-00794,82.83,2026-08-29 05:00:00,0,,True
TX-001217,ACC-00913,ACC-00791,298.9,2026-08-14 03:00:00,0,,True
TX-001218,ACC-00138,ACC-00476,255.55,2026-09-08 00:00:00,0,,True
TX-001219,ACC-00373,ACC-00515,15.19,2026-09-02 17:00:00,0,,True
TX-001220,ACC-00701,ACC-00170,381.03,2026-09-05 22:00:00,0,,True
TX-001221,ACC-00164,ACC-00184,287.52,2026-08-22 15:00:00,0,,True
TX-001222,ACC-00894,ACC-00991,81.64,2026-08-17 21:00:00,0,,True
TX-001223,ACC-00962,ACC-00368,29.81,2026-08-16 21:00:00,0,,True
TX-001224,ACC-00238,ACC-00065,139.53,2026-09-03 11:00:00,0,,True
TX-001225,ACC-00685,ACC-00212,263.76,2026-08-16 01:00:00,0,,True
TX-001226,ACC-00398,ACC-00481,459.77,2026-08-13 11:00:00,0,,True
TX-001227,ACC-00041,ACC-00665,168.79,2026-08-18 20:00:00,0,,True
TX-001228,ACC-00649,ACC-00850,144.01,2026-08-18 04:00:00,0,,True
TX-001229,ACC-00593,ACC-00558,289.38,2026-08-28 16:00:00,0,,True
TX-001230,ACC-00388,ACC-00375,297.96,2026-08-13 10:00:00,0,,True
TX-001231,ACC-00530,ACC-00258,194.4,2026-08-12 05:00:00,0,,True
TX-001232,ACC-00529,ACC-00416,182.92,2026-08-14 01:00:00,0,,True
TX-001233,ACC-00499,ACC-00812,246.23,2026-08-22 12:00:00,0,,True
TX-001234,ACC-00514,ACC-00904,78.09,2026-09-05 05:00:00,0,,True
TX-001235,ACC-00079,ACC-00527,325.3,2026-09-04 08:00:00,0,,True
TX-001236,ACC-00192,ACC-00162,187.49,2026-08-19 09:00:00,0,,True
TX-001237,ACC-00677,ACC-00236,213.16,2026-08-30 13:00:00,0,,True
TX-001238,ACC-00117,ACC-00494,340.86,2026-08-26 06:00:00,0,,True
TX-001239,ACC-00605,ACC-00166,327.16,2026-08-28 12:00:00,0,,True
TX-001240,ACC-00250,ACC-00045,72.66,2026-08-23 07:00:00,0,,True
TX-001241,ACC-00138,ACC-00645,261.19,2026-08-12 18:00:00,0,,True
TX-001242,ACC-00151,ACC-00058,91.51,2026-08-12 07:00:00,0,,True
TX-001243,ACC-00530,ACC-00982,208.67,2026-08-22 16:00:00,0,,True
TX-001244,ACC-00020,ACC-00900,362.58,2026-08-20 03:00:00,0,,True
TX-001245,ACC-00970,ACC-00088,116.13,2026-08-21 21:00:00,0,,True
TX-001246,ACC-00889,ACC-00494,93.58,2026-08-14 23:00:00,0,,True
TX-001247,ACC-00616,ACC-00147,399.36,2026-08-15 07:00:00,0,,True
TX-001248,ACC-00639,ACC-00676,260.29,2026-09-04 13:00:00,0,,True
TX-001249,ACC-00703,ACC-00351,461.95,2026-08-21 18:00:00,0,,True
TX-001250,ACC-00071,ACC-00236,195.32,2026-09-06 09:00:00,0,,True
TX-001251,ACC-00017,ACC-00208,266.13,2026-08-11 20:00:00,0,,True
TX-001252,ACC-00701,ACC-00430,414.99,2026-08-22 09:00:00,0,,True
TX-001253,ACC-00182,ACC-00488,451.79,2026-08-22 11:00:00,0,,True
TX-001254,ACC-00899,ACC-00803,270.4,2026-08-17 09:00:00,0,,True
TX-001255,ACC-00096,ACC-00494,333.1,2026-08-12 17:00:00,0,,True
TX-001256,ACC-00553,ACC-00848,10.59,2026-08-10 15:00:00,0,,True
TX-001257,ACC-00665,ACC-00442,265.8,2026-08-30 11:00:00,0,,True
TX-001258,ACC-00715,ACC-00543,220.19,2026-08-10 21:00:00,0,,True
TX-001259,ACC-00809,ACC-00788,196.81,2026-08-22 13:00:00,0,,True
TX-001260,ACC-00930,ACC-00780,420.22,2026-08-23 09:00:00,0,,True
TX-001261,ACC-00436,ACC-00138,134.71,2026-08-17 05:00:00,0,,True
TX-001262,ACC-00932,ACC-00880,51.07,2026-08-21 19:00:00,0,,True
TX-001263,ACC-00419,ACC-00264,102.62,2026-08-18 13:00:00,0,,True
TX-001264,ACC-00809,ACC-00008,293.21,2026-09-06 20:00:00,0,,True
TX-001265,ACC-00008,ACC-00385,330.73,2026-08-19 02:00:00,0,,True
TX-001266,ACC-00419,ACC-00371,62.23,2026-08-27 16:00:00,0,,True
TX-001267,ACC-00600,ACC-00260,138.04,2026-08-23 23:00:00,0,,True
TX-001268,ACC-00579,ACC-00375,309.82,2026-08-20 00:00:00,0,,True
TX-001269,ACC-00774,ACC-00209,212.48,2026-08-15 19:00:00,0,,True
TX-001270,ACC-00495,ACC-00184,191.4,2026-08-23 21:00:00,0,,True
TX-001271,ACC-00260,ACC-00315,293.05,2026-08-16 14:00:00,0,,True
TX-001272,ACC-00408,ACC-00754,77.65,2026-08-13 15:00:00,0,,True
TX-001273,ACC-00122,ACC-00766,122.59,2026-08-15 14:00:00,0,,True
TX-001274,ACC-00973,ACC-00166,59.14,2026-08-25 00:00:00,0,,True
TX-001275,ACC-00805,ACC-00347,402.42,2026-08-21 14:00:00,0,,True
TX-001276,ACC-00701,ACC-00724,35.51,2026-08-28 16:00:00,0,,True
TX-001277,ACC-00006,ACC-00824,54.63,2026-09-05 21:00:00,0,,True
TX-001278,ACC-00949,ACC-00615,223.33,2026-09-08 04:00:00,0,,True
TX-001279,ACC-00228,ACC-00380,49.22,2026-09-08 13:00:00,0,,True
TX-001280,ACC-00394,ACC-00954,492.38,2026-08-21 16:00:00,0,,True
TX-001281,ACC-00534,ACC-00294,358.69,2026-08-22 11:00:00,0,,True
TX-001282,ACC-00969,ACC-00793,411.91,2026-08-20 21:00:00,0,,True
TX-001283,ACC-00450,ACC-00011,108.84,2026-08-19 20:00:00,0,,True
TX-001284,ACC-00293,ACC-00200,26.47,2026-08-21 20:00:00,0,,True
TX-001285,ACC-00529,ACC-00716,123.52,2026-09-04 15:00:00,0,,True
TX-001286,ACC-00037,ACC-00369,127.24,2026-09-10 07:00:00,0,,True
TX-001287,ACC-00089,ACC-00283,392.04,2026-08-29 15:00:00,0,,True
TX-001288,ACC-00405,ACC-00416,297.18,2026-08-25 12:00:00,0,,True
TX-001289,ACC-00755,ACC-00721,43.62,2026-09-07 19:00:00,0,,True
TX-001290,ACC-00292,ACC-00744,416.58,2026-08-11 18:00:00,0,,True
TX-001291,ACC-00357,ACC-00356,482.01,2026-09-02 05:00:00,0,,True
TX-001292,ACC-00621,ACC-00987,105.32,2026-08-12 00:00:00,0,,True
TX-001293,ACC-00589,ACC-00005,137.94,2026-08-27 20:00:00,0,,True
TX-001294,ACC-00110,ACC-00573,45.47,2026-09-01 02:00:00,0,,True
TX-001295,ACC-00970,ACC-00120,403.44,2026-08-11 04:00:00,0,,True
TX-001296,ACC-00898,ACC-00551,408.44,2026-08-23 04:00:00,0,,True
TX-001297,ACC-00711,ACC-00454,483.37,2026-08-22 21:00:00,0,,True
TX-001298,ACC-00789,ACC-00250,381.16,2026-08-10 22:00:00,0,,True
TX-001299,ACC-00698,ACC-00472,449.3,2026-08-14 12:00:00,0,,True
TX-001300,ACC-00494,ACC-00120,136.33,2026-08-28 16:00:00,0,,True
TX-001301,ACC-00808,ACC-00226,341.69,2026-09-03 02:00:00,0,,True
TX-001302,ACC-00423,ACC-00979,183.02,2026-08-24 12:00:00,0,,True
TX-001303,ACC-00718,ACC-00853,139.04,2026-09-01 10:00:00,0,,True
TX-001304,ACC-00409,ACC-00690,376.91,2026-08-31 10:00:00,0,,True
TX-001305,ACC-00568,ACC-00954,97.46,2026-08-31 01:00:00,0,,True
TX-001306,ACC-00224,ACC-00916,291.12,2026-09-04 13:00:00,0,,True
TX-001307,ACC-00700,ACC-00953,455.86,2026-08-25 13:00:00,0,,True
TX-001308,ACC-00205,ACC-00241,370.36,2026-08-14 04:00:00,0,,True
TX-001309,ACC-00212,ACC-00235,109.36,2026-09-02 17:00:00,0,,True
TX-001310,ACC-00365,ACC-00160,391.68,2026-09-07 10:00:00,0,,True
TX-001311,ACC-00693,ACC-00979,335.08,2026-08-22 12:00:00,0,,True
TX-001312,ACC-00783,ACC-00878,275.32,2026-09-08 21:00:00,0,,True
TX-001313,ACC-00381,ACC-00636,164.55,2026-08-12 18:00:00,0,,True
TX-001314,ACC-00890,ACC-00282,250.49,2026-08-16 20:00:00,0,,True
TX-001315,ACC-00287,ACC-00408,118.83,2026-08-23 08:00:00,0,,True
TX-001316,ACC-00056,ACC-00539,401.64,2026-08-25 19:00:00,0,,True
TX-001317,ACC-00034,ACC-00515,180.17,2026-08-13 15:00:00,0,,True
TX-001318,ACC-00795,ACC-00179,234.03,2026-09-06 14:00:00,0,,True
TX-001319,ACC-00531,ACC-00472,164.67,2026-09-10 12:00:00,0,,True
TX-001320,ACC-00691,ACC-00216,195.92,2026-09-07 02:00:00,0,,True
TX-001321,ACC-00371,ACC-00628,432.3,2026-09-04 19:00:00,0,,True
TX-001322,ACC-00270,ACC-00243,142.01,2026-08-10 17:00:00,0,,True
TX-001323,ACC-00352,ACC-00375,100.12,2026-08-28 06:00:00,0,,True
TX-001324,ACC-00430,ACC-00718,378.58,2026-08-30 00:00:00,0,,True
TX-001325,ACC-00287,ACC-00462,98.15,2026-09-05 18:00:00,0,,True
TX-001326,ACC-00703,ACC-00235,408.95,2026-08-18 04:00:00,0,,True
TX-001327,ACC-00824,ACC-00242,282.12,2026-08-14 00:00:00,0,,True
TX-001328,ACC-00201,ACC-00150,402.02,2026-08-18 08:00:00,0,,True
TX-001329,ACC-00485,ACC-00826,14.77,2026-08-27 21:00:00,0,,True
TX-001330,ACC-00138,ACC-00915,426.2,2026-08-24 19:00:00,0,,True
TX-001331,ACC-00738,ACC-00324,394.81,2026-09-01 04:00:00,0,,True
TX-001332,ACC-00576,ACC-00880,288.24,2026-08-29 09:00:00,0,,True
TX-001333,ACC-00708,ACC-00168,39.42,2026-08-15 04:00:00,0,,True
TX-001334,ACC-00488,ACC-00860,318.63,2026-08-26 13:00:00,0,,True
TX-001335,ACC-00343,ACC-00267,186.87,2026-08-23 19:00:00,0,,True
TX-001336,ACC-00955,ACC-00830,136.28,2026-09-09 23:00:00,0,,True
TX-001337,ACC-00125,ACC-00360,435.01,2026-08-10 17:00:00,0,,True
TX-001338,ACC-00204,ACC-00591,292.19,2026-08-20 19:00:00,0,,True
TX-001339,ACC-00179,ACC-00800,149.46,2026-08-30 15:00:00,0,,True
TX-001340,ACC-00523,ACC-00500,389.62,2026-08-27 10:00:00,0,,True
TX-001341,ACC-00391,ACC-00629,150.4,2026-08-21 08:00:00,0,,True
TX-001342,ACC-00890,ACC-00172,323.88,2026-08-12 02:00:00,0,,True
TX-001343,ACC-00432,ACC-00647,310.03,2026-08-29 10:00:00,0,,True
TX-001344,ACC-00082,ACC-00166,178.38,2026-08-31 02:00:00,0,,True
TX-001345,ACC-00669,ACC-00299,358.11,2026-08-21 16:00:00,0,,True
TX-001346,ACC-00405,ACC-00278,444.97,2026-08-17 01:00:00,0,,True
TX-001347,ACC-00766,ACC-00602,265.26,2026-08-26 23:00:00,0,,True
TX-001348,ACC-00172,ACC-00189,428.56,2026-09-05 13:00:00,0,,True
TX-001349,ACC-00241,ACC-00678,133.31,2026-08-17 14:00:00,0,,True
TX-001350,ACC-00768,ACC-00082,113.18,2026-08-29 09:00:00,0,,True
TX-001351,ACC-00098,ACC-00066,469.03,2026-08-25 19:00:00,0,,True
TX-001352,ACC-00056,ACC-00027,387.76,2026-08-25 10:00:00,0,,True
TX-001353,ACC-00107,ACC-00269,312.87,2026-09-07 16:00:00,0,,True
TX-001354,ACC-00954,ACC-00907,201.02,2026-09-03 05:00:00,0,,True
TX-001355,ACC-00756,ACC-00291,227.15,2026-09-06 08:00:00,0,,True
TX-001356,ACC-00540,ACC-00859,93.6,2026-09-08 15:00:00,0,,True
TX-001357,ACC-00366,ACC-00882,458.48,2026-08-13 21:00:00,0,,True
TX-001358,ACC-00479,ACC-00999,436.74,2026-08-12 04:00:00,0,,True
TX-001359,ACC-00562,ACC-00456,76.21,2026-08-10 14:00:00,0,,True
TX-001360,ACC-00553,ACC-00182,299.51,2026-08-26 16:00:00,0,,True
TX-001361,ACC-00767,ACC-00652,439.87,2026-08-27 20:00:00,0,,True
TX-001362,ACC-00656,ACC-00655,271.55,2026-08-12 01:00:00,0,,True
TX-001363,ACC-00494,ACC-00553,121.29,2026-09-07 22:00:00,0,,True
TX-001364,ACC-00316,ACC-00375,211.98,2026-09-06 03:00:00,0,,True
TX-001365,ACC-00011,ACC-00001,266.42,2026-08-17 08:00:00,0,,True
TX-001366,ACC-00353,ACC-00294,239.91,2026-09-09 14:00:00,0,,True
TX-001367,ACC-00945,ACC-00504,474.01,2026-08-26 03:00:00,0,,True
TX-001368,ACC-00010,ACC-00785,220.91,2026-08-31 17:00:00,0,,True
TX-001369,ACC-00237,ACC-00816,13.54,2026-08-30 06:00:00,0,,True
TX-001370,ACC-00422,ACC-00904,284.67,2026-08-29 05:00:00,0,,True
TX-001371,ACC-00168,ACC-00733,371.19,2026-08-29 00:00:00,0,,True
TX-001372,ACC-00226,ACC-00270,48.81,2026-08-21 05:00:00,0,,True
TX-001373,ACC-00530,ACC-00783,401.98,2026-08-21 14:00:00,0,,True
TX-001374,ACC-00702,ACC-00279,149.49,2026-08-17 19:00:00,0,,True
TX-001375,ACC-00829,ACC-00276,212.32,2026-08-14 10:00:00,0,,True
TX-001376,ACC-00187,ACC-00140,151.9,2026-08-20 22:00:00,0,,True
TX-001377,ACC-00633,ACC-00464,143.35,2026-08-21 21:00:00,0,,True
TX-001378,ACC-00193,ACC-00329,19.5,2026-09-08 19:00:00,0,,True
TX-001379,ACC-00023,ACC-00191,486.44,2026-09-01 04:00:00,0,,True
TX-001380,ACC-00129,ACC-00733,224.82,2026-09-10 05:00:00,0,,True
TX-001381,ACC-00093,ACC-00155,17.22,2026-09-04 02:00:00,0,,True
TX-001382,ACC-00431,ACC-00320,395.01,2026-08-26 01:00:00,0,,True
TX-001383,ACC-00475,ACC-00714,397.8,2026-08-31 10:00:00,0,,True
TX-001384,ACC-00864,ACC-00769,476.31,2026-09-09 04:00:00,0,,True
TX-001385,ACC-00795,ACC-00402,44.98,2026-08-26 07:00:00,0,,True
TX-001386,ACC-00197,ACC-00918,422.35,2026-08-15 00:00:00,0,,True
TX-001387,ACC-00849,ACC-00013,69.76,2026-08-16 14:00:00,0,,True
TX-001388,ACC-00255,ACC-00395,387.9,2026-08-27 05:00:00,0,,True
TX-001389,ACC-00756,ACC-00035,107.6,2026-08-18 09:00:00,0,,True
TX-001390,ACC-00534,ACC-00682,491.24,2026-08-26 00:00:00,0,,True
TX-001391,ACC-00698,ACC-00985,162.93,2026-08-31 07:00:00,0,,True
TX-001392,ACC-00645,ACC-00746,30.67,2026-08-11 19:00:00,0,,True
TX-001393,ACC-00534,ACC-00126,134.12,2026-08-21 03:00:00,0,,True
TX-001394,ACC-00204,ACC-00370,444.88,2026-08-13 15:00:00,0,,True
TX-001395,ACC-00224,ACC-00997,65.33,2026-08-20 23:00:00,0,,True
TX-001396,ACC-00333,ACC-00016,92.01,2026-09-01 18:00:00,0,,True
TX-001397,ACC-00123,ACC-00406,396.68,2026-09-10 11:00:00,0,,True
TX-001398,ACC-00596,ACC-00803,348.47,2026-08-18 17:00:00,0,,True
TX-001399,ACC-00159,ACC-00381,387.69,2026-09-03 07:00:00,0,,True
TX-001400,ACC-00512,ACC-00094,346.11,2026-08-30 16:00:00,0,,True
TX-001401,ACC-00365,ACC-00661,85.42,2026-08-24 09:00:00,0,,True
TX-001402,ACC-00129,ACC-00500,124.01,2026-08-23 16:00:00,0,,True
TX-001403,ACC-00775,ACC-00356,404.71,2026-08-26 13:00:00,0,,True
TX-001404,ACC-00198,ACC-00022,347.73,2026-08-29 13:00:00,0,,True
TX-001405,ACC-00138,ACC-00257,450.34,2026-08-25 14:00:00,0,,True
TX-001406,ACC-00449,ACC-00573,154.41,2026-08-18 21:00:00,0,,True
TX-001407,ACC-00195,ACC-00581,101.45,2026-08-30 02:00:00,0,,True
TX-001408,ACC-00750,ACC-00480,144.91,2026-08-14 17:00:00,0,,True
TX-001409,ACC-00937,ACC-00882,281.71,2026-09-07 20:00:00,0,,True
TX-001410,ACC-00159,ACC-00461,154.88,2026-09-01 19:00:00,0,,True
TX-001411,ACC-00376,ACC-00465,10.35,2026-08-20 20:00:00,0,,True
TX-001412,ACC-00389,ACC-00752,100.91,2026-09-09 17:00:00,0,,True
TX-001413,ACC-00878,ACC-00373,390.25,2026-09-03 02:00:00,0,,True
TX-001414,ACC-00739,ACC-00065,332.56,2026-08-24 00:00:00,0,,True
TX-001415,ACC-00195,ACC-00537,344.78,2026-08-16 19:00:00,0,,True
TX-001416,ACC-00158,ACC-00628,148.73,2026-08-27 16:00:00,0,,True
TX-001417,ACC-00330,ACC-00114,57.17,2026-08-20 10:00:00,0,,True
TX-001418,ACC-00045,ACC-00856,469.52,2026-09-05 11:00:00,0,,True
TX-001419,ACC-00207,ACC-00110,247.83,2026-09-07 11:00:00,0,,True
TX-001420,ACC-00585,ACC-00658,419.79,2026-08-19 21:00:00,0,,True
TX-001421,ACC-00539,ACC-00639,353.64,2026-09-02 11:00:00,0,,True
TX-001422,ACC-00376,ACC-00227,306.92,2026-09-08 12:00:00,0,,True
TX-001423,ACC-00953,ACC-00944,112.28,2026-08-26 10:00:00,0,,True
TX-001424,ACC-00480,ACC-00821,323.07,2026-08-29 19:00:00,0,,True
TX-001425,ACC-00762,ACC-00961,446.31,2026-08-15 01:00:00,0,,True
TX-001426,ACC-00814,ACC-00726,38.57,2026-08-22 04:00:00,0,,True
TX-001427,ACC-00542,ACC-00042,369.81,2026-08-15 03:00:00,0,,True
TX-001428,ACC-00080,ACC-00968,115.79,2026-08-25 09:00:00,0,,True
TX-001429,ACC-00104,ACC-00743,123.2,2026-08-29 06:00:00,0,,True
TX-001430,ACC-00198,ACC-00539,331.87,2026-08-22 16:00:00,0,,True
TX-001431,ACC-00971,ACC-00184,283.63,2026-08-23 23:00:00,0,,True
TX-001432,ACC-00765,ACC-00109,385.48,2026-08-23 01:00:00,0,,True
TX-001433,ACC-00691,ACC-00470,354.25,2026-08-28 09:00:00,0,,True
TX-001434,ACC-00171,ACC-00812,98.39,2026-08-28 20:00:00,0,,True
TX-001435,ACC-00346,ACC-00674,87.51,2026-08-21 22:00:00,0,,True
TX-001436,ACC-00956,ACC-00361,452.22,2026-08-24 02:00:00,0,,True
TX-001437,ACC-00866,ACC-00381,212.05,2026-08-20 23:00:00,0,,True
TX-001438,ACC-00846,ACC-00744,168.49,2026-09-02 18:00:00,0,,True
TX-001439,ACC-00559,ACC-00220,193.78,2026-08-23 13:00:00,0,,True
TX-001440,ACC-00261,ACC-00369,481.21,2026-08-27 00:00:00,0,,True
TX-001441,ACC-00001,ACC-00744,26.98,2026-08-31 17:00:00,0,,True
TX-001442,ACC-00017,ACC-00531,76.19,2026-08-13 03:00:00,0,,True
TX-001443,ACC-00007,ACC-00308,492.35,2026-09-04 02:00:00,0,,True
TX-001444,ACC-00023,ACC-00791,412.75,2026-08-19 04:00:00,0,,True
TX-001445,ACC-00942,ACC-00567,260.52,2026-08-22 18:00:00,0,,True
TX-001446,ACC-00159,ACC-00097,28.49,2026-08-30 08:00:00,0,,True
TX-001447,ACC-00142,ACC-00272,189.87,2026-08-23 05:00:00,0,,True
TX-001448,ACC-00239,ACC-00263,407.43,2026-09-07 18:00:00,0,,True
TX-001449,ACC-00410,ACC-00583,459.76,2026-08-18 10:00:00,0,,True
TX-001450,ACC-00741,ACC-00333,398.52,2026-09-04 21:00:00,0,,True
TX-001451,ACC-00846,ACC-00921,347.9,2026-08-23 09:00:00,0,,True
TX-001452,ACC-00610,ACC-00658,157.19,2026-08-17 18:00:00,0,,True
TX-001453,ACC-00391,ACC-00081,392.26,2026-08-12 02:00:00,0,,True
TX-001454,ACC-00357,ACC-00901,410.4,2026-08-28 09:00:00,0,,True
TX-001455,ACC-00891,ACC-00789,121.09,2026-08-20 17:00:00,0,,True
TX-001456,ACC-00951,ACC-00012,320.6,2026-08-21 00:00:00,0,,True
TX-001457,ACC-00056,ACC-00313,266.95,2026-08-30 19:00:00,0,,True
TX-001458,ACC-00579,ACC-00154,170.15,2026-08-19 05:00:00,0,,True
TX-001459,ACC-00157,ACC-00052,340.08,2026-08-28 22:00:00,0,,True
TX-001460,ACC-00771,ACC-00610,291.87,2026-09-08 05:00:00,0,,True
TX-001461,ACC-00443,ACC-00297,395.32,2026-09-06 08:00:00,0,,True
TX-001462,ACC-00345,ACC-00085,243.17,2026-08-18 11:00:00,0,,True
TX-001463,ACC-00562,ACC-00409,138.65,2026-08-28 20:00:00,0,,True
TX-001464,ACC-00445,ACC-00793,351.96,2026-08-17 08:00:00,0,,True
TX-001465,ACC-00493,ACC-00573,107.07,2026-08-28 16:00:00,0,,True
TX-001466,ACC-00586,ACC-00201,284.97,2026-08-17 20:00:00,0,,True
TX-001467,ACC-00253,ACC-00249,45.11,2026-08-16 23:00:00,0,,True
TX-001468,ACC-00332,ACC-00702,462.83,2026-09-08 09:00:00,0,,True
TX-001469,ACC-00688,ACC-00424,217.53,2026-08-30 06:00:00,0,,True
TX-001470,ACC-00329,ACC-00353,301.0,2026-09-10 03:00:00,0,,True
TX-001471,ACC-00174,ACC-00359,311.95,2026-08-15 22:00:00,0,,True
TX-001472,ACC-00639,ACC-00150,225.83,2026-08-12 05:00:00,0,,True
TX-001473,ACC-00205,ACC-00702,193.17,2026-08-16 13:00:00,0,,True
TX-001474,ACC-00874,ACC-00088,65.06,2026-09-09 05:00:00,0,,True
TX-001475,ACC-00972,ACC-00636,464.1,2026-08-14 03:00:00,0,,True
TX-001476,ACC-00015,ACC-00352,349.96,2026-09-07 03:00:00,0,,True
TX-001477,ACC-00461,ACC-00483,21.15,2026-09-03 13:00:00,0,,True
TX-001478,ACC-00551,ACC-00217,109.86,2026-08-25 04:00:00,0,,True
TX-001479,ACC-00562,ACC-00495,315.29,2026-09-05 14:00:00,0,,True
TX-001480,ACC-00716,ACC-00685,19.01,2026-08-22 15:00:00,0,,True
TX-001481,ACC-00540,ACC-00045,135.17,2026-09-09 03:00:00,0,,True
TX-001482,ACC-00206,ACC-00809,351.3,2026-09-02 11:00:00,0,,True
TX-001483,ACC-00477,ACC-00671,473.14,2026-09-08 00:00:00,0,,True
TX-001484,ACC-00677,ACC-00278,334.86,2026-08-11 15:00:00,0,,True
TX-001485,ACC-00369,ACC-00886,62.87,2026-08-31 16:00:00,0,,True
TX-001486,ACC-00396,ACC-00237,490.1,2026-08-24 14:00:00,0,,True
TX-001487,ACC-00102,ACC-00926,164.57,2026-08-13 17:00:00,0,,True
TX-001488,ACC-00545,ACC-00091,101.34,2026-08-24 22:00:00,0,,True
TX-001489,ACC-00575,ACC-00949,359.11,2026-09-09 05:00:00,0,,True
TX-001490,ACC-00945,ACC-00543,159.41,2026-08-26 00:00:00,0,,True
TX-001491,ACC-00763,ACC-00161,19.0,2026-08-20 01:00:00,0,,True
TX-001492,ACC-00364,ACC-00641,158.14,2026-08-25 04:00:00,0,,True
TX-001493,ACC-00832,ACC-00064,316.64,2026-08-13 00:00:00,0,,True
TX-001494,ACC-00912,ACC-00835,495.28,2026-08-10 19:00:00,0,,True
TX-001495,ACC-00972,ACC-00287,120.54,2026-08-31 00:00:00,0,,True
TX-001496,ACC-00673,ACC-00141,53.02,2026-08-28 20:00:00,0,,True
TX-001497,ACC-00984,ACC-00695,310.1,2026-08-20 15:00:00,0,,True
TX-001498,ACC-00233,ACC-00428,127.78,2026-09-05 23:00:00,0,,True
TX-001499,ACC-00994,ACC-00320,455.77,2026-08-30 22:00:00,0,,True
TX-001500,ACC-00556,ACC-00135,111.31,2026-09-05 18:00:00,0,,True
TX-001501,ACC-00555,ACC-00701,402.05,2026-08-14 08:00:00,0,,True
TX-001502,ACC-00317,ACC-00706,355.52,2026-08-25 08:00:00,0,,True
TX-001503,ACC-00441,ACC-00931,488.13,2026-09-05 16:00:00,0,,True
TX-001504,ACC-00956,ACC-00579,459.38,2026-08-31 10:00:00,0,,True
TX-001505,ACC-00571,ACC-00546,474.81,2026-09-07 07:00:00,0,,True
TX-001506,ACC-00326,ACC-00860,441.02,2026-08-18 12:00:00,0,,True
TX-001507,ACC-00784,ACC-00327,441.26,2026-08-27 23:00:00,0,,True
TX-001508,ACC-00311,ACC-00454,375.35,2026-08-14 16:00:00,0,,True
TX-001509,ACC-00956,ACC-00757,144.16,2026-08-17 06:00:00,0,,True
TX-001510,ACC-00110,ACC-00135,100.53,2026-08-16 17:00:00,0,,True
TX-001511,ACC-00632,ACC-00274,306.75,2026-08-22 05:00:00,0,,True
TX-001512,ACC-00611,ACC-00238,123.15,2026-09-10 01:00:00,0,,True
TX-001513,ACC-00082,ACC-00705,392.11,2026-09-05 20:00:00,0,,True
TX-001514,ACC-00867,ACC-00620,239.69,2026-08-21 01:00:00,0,,True
TX-001515,ACC-00189,ACC-00873,199.86,2026-08-26 08:00:00,0,,True
TX-001516,ACC-00168,ACC-00198,120.87,2026-08-28 12:00:00,0,,True
TX-001517,ACC-00948,ACC-00277,475.6,2026-09-02 13:00:00,0,,True
TX-001518,ACC-00688,ACC-00208,381.31,2026-09-08 07:00:00,0,,True
TX-001519,ACC-00950,ACC-00978,492.96,2026-08-13 17:00:00,0,,True
TX-001520,ACC-00502,ACC-00705,169.2,2026-08-27 05:00:00,0,,True
TX-001521,ACC-00438,ACC-00415,390.35,2026-08-21 13:00:00,0,,True
TX-001522,ACC-00845,ACC-00390,362.9,2026-08-28 17:00:00,0,,True
TX-001523,ACC-00962,ACC-00761,290.25,2026-08-23 20:00:00,0,,True
TX-001524,ACC-00657,ACC-00897,355.02,2026-09-08 20:00:00,0,,True
TX-001525,ACC-00112,ACC-00463,233.88,2026-08-13 11:00:00,0,,True
TX-001526,ACC-00899,ACC-00252,264.16,2026-08-28 13:00:00,0,,True
TX-001527,ACC-00041,ACC-00572,199.82,2026-08-16 16:00:00,0,,True
TX-001528,ACC-00986,ACC-00051,103.03,2026-08-27 00:00:00,0,,True
TX-001529,ACC-00906,ACC-00312,389.1,2026-08-31 22:00:00,0,,True
TX-001530,ACC-00171,ACC-00433,154.27,2026-08-12 11:00:00,0,,True
TX-001531,ACC-00707,ACC-00530,452.8,2026-08-26 16:00:00,0,,True
TX-001532,ACC-00463,ACC-00093,364.1,2026-09-07 07:00:00,0,,True
TX-001533,ACC-00798,ACC-00600,469.54,2026-08-18 19:00:00,0,,True
TX-001534,ACC-00139,ACC-00403,212.64,2026-08-27 12:00:00,0,,True
TX-001535,ACC-00184,ACC-00465,299.25,2026-08-19 06:00:00,0,,True
TX-001536,ACC-00904,ACC-00466,54.19,2026-08-30 14:00:00,0,,True
TX-001537,ACC-00665,ACC-00929,358.62,2026-09-04 14:00:00,0,,True
TX-001538,ACC-00751,ACC-00127,54.68,2026-08-18 22:00:00,0,,True
TX-001539,ACC-00650,ACC-00372,51.8,2026-08-19 00:00:00,0,,True
TX-001540,ACC-00745,ACC-00811,487.84,2026-08-22 07:00:00,0,,True
TX-001541,ACC-00388,ACC-00564,196.5,2026-08-17 07:00:00,0,,True
TX-001542,ACC-00935,ACC-00344,287.09,2026-08-20 08:00:00,0,,True
TX-001543,ACC-00167,ACC-00890,80.86,2026-08-16 14:00:00,0,,True
TX-001544,ACC-00053,ACC-00430,160.95,2026-08-17 22:00:00,0,,True
TX-001545,ACC-00296,ACC-00642,98.54,2026-08-13 08:00:00,0,,True
TX-001546,ACC-00984,ACC-00208,11.73,2026-08-17 04:00:00,0,,True
TX-001547,ACC-00013,ACC-00470,253.84,2026-08-25 19:00:00,0,,True
TX-001548,ACC-00827,ACC-00006,307.91,2026-08-26 05:00:00,0,,True
TX-001549,ACC-00223,ACC-00603,333.14,2026-08-26 23:00:00,0,,True
TX-001550,ACC-00453,ACC-00082,304.6,2026-09-10 05:00:00,0,,True
TX-001551,ACC-00904,ACC-00561,146.28,2026-08-20 19:00:00,0,,True
TX-001552,ACC-00840,ACC-00846,111.74,2026-09-05 08:00:00,0,,True
TX-001553,ACC-00057,ACC-00669,181.02,2026-09-06 11:00:00,0,,True
TX-001554,ACC-00684,ACC-00592,420.63,2026-09-01 02:00:00,0,,True
TX-001555,ACC-00943,ACC-00090,34.03,2026-08-28 07:00:00,0,,True
TX-001556,ACC-00166,ACC-00689,149.35,2026-08-19 14:00:00,0,,True
TX-001557,ACC-00717,ACC-00610,290.42,2026-08-24 07:00:00,0,,True
TX-001558,ACC-00990,ACC-00467,377.17,2026-08-30 11:00:00,0,,True
TX-001559,ACC-00096,ACC-00787,156.65,2026-08-30 00:00:00,0,,True
TX-001560,ACC-00840,ACC-00070,381.64,2026-08-14 19:00:00,0,,True
TX-001561,ACC-00067,ACC-00300,240.7,2026-09-06 14:00:00,0,,True
TX-001562,ACC-00881,ACC-00282,171.31,2026-08-27 20:00:00,0,,True
TX-001563,ACC-00215,ACC-00713,112.43,2026-09-09 09:00:00,0,,True
TX-001564,ACC-00586,ACC-00748,489.88,2026-08-25 10:00:00,0,,True
TX-001565,ACC-00496,ACC-00742,347.44,2026-08-11 14:00:00,0,,True
TX-001566,ACC-00295,ACC-00438,308.33,2026-08-31 04:00:00,0,,True
TX-001567,ACC-00539,ACC-00589,497.56,2026-08-30 08:00:00,0,,True
TX-001568,ACC-00630,ACC-00577,253.23,2026-08-17 16:00:00,0,,True
TX-001569,ACC-00510,ACC-00505,405.91,2026-08-12 17:00:00,0,,True
TX-001570,ACC-00239,ACC-00726,152.34,2026-09-04 12:00:00,0,,True
TX-001571,ACC-00122,ACC-00025,237.79,2026-08-16 09:00:00,0,,True
TX-001572,ACC-00756,ACC-00869,111.59,2026-08-21 23:00:00,0,,True
TX-001573,ACC-00424,ACC-00047,173.56,2026-08-23 16:00:00,0,,True
TX-001574,ACC-00218,ACC-00012,323.9,2026-08-19 03:00:00,0,,True
TX-001575,ACC-00261,ACC-00810,43.24,2026-08-31 20:00:00,0,,True
TX-001576,ACC-00564,ACC-00332,385.85,2026-09-06 15:00:00,0,,True
TX-001577,ACC-00342,ACC-00350,204.06,2026-08-22 17:00:00,0,,True
TX-001578,ACC-00984,ACC-00030,417.7,2026-09-04 02:00:00,0,,True
TX-001579,ACC-00854,ACC-00347,461.92,2026-08-25 21:00:00,0,,True
TX-001580,ACC-00817,ACC-00037,326.37,2026-08-26 08:00:00,0,,True
TX-001581,ACC-00643,ACC-00472,447.11,2026-08-24 02:00:00,0,,True
TX-001582,ACC-00474,ACC-00803,408.94,2026-08-11 13:00:00,0,,True
TX-001583,ACC-00058,ACC-00856,265.33,2026-08-22 13:00:00,0,,True
TX-001584,ACC-00695,ACC-00324,282.04,2026-09-10 06:00:00,0,,True
TX-001585,ACC-00592,ACC-00702,172.54,2026-08-12 01:00:00,0,,True
TX-001586,ACC-00068,ACC-00993,83.16,2026-08-15 12:00:00,0,,True
TX-001587,ACC-00348,ACC-00385,316.99,2026-08-15 07:00:00,0,,True
TX-001588,ACC-00585,ACC-00621,200.89,2026-08-22 09:00:00,0,,True
TX-001589,ACC-00886,ACC-00802,378.25,2026-08-19 02:00:00,0,,True
TX-001590,ACC-00727,ACC-00033,143.03,2026-09-07 21:00:00,0,,True
TX-001591,ACC-00899,ACC-00244,192.08,2026-08-15 03:00:00,0,,True
TX-001592,ACC-00222,ACC-00538,158.14,2026-09-07 01:00:00,0,,True
TX-001593,ACC-00804,ACC-00039,391.12,2026-08-12 10:00:00,0,,True
TX-001594,ACC-00455,ACC-00519,22.22,2026-08-25 20:00:00,0,,True
TX-001595,ACC-00158,ACC-00195,176.66,2026-08-25 13:00:00,0,,True
TX-001596,ACC-00895,ACC-00537,162.08,2026-08-31 08:00:00,0,,True
TX-001597,ACC-00788,ACC-00893,58.14,2026-08-10 20:00:00,0,,True
TX-001598,ACC-00693,ACC-00136,110.54,2026-09-08 22:00:00,0,,True
TX-001599,ACC-00397,ACC-00731,433.76,2026-09-07 12:00:00,0,,True
TX-001600,ACC-00319,ACC-00955,31.57,2026-08-13 17:00:00,0,,True
TX-001601,ACC-00893,ACC-00090,173.31,2026-08-13 11:00:00,0,,True
TX-001602,ACC-00106,ACC-00534,385.43,2026-08-18 03:00:00,0,,True
TX-001603,ACC-00024,ACC-00592,381.66,2026-08-21 06:00:00,0,,True
TX-001604,ACC-00329,ACC-00206,104.35,2026-09-01 19:00:00,0,,True
TX-001605,ACC-00327,ACC-00792,226.15,2026-09-07 04:00:00,0,,True
TX-001606,ACC-00153,ACC-00162,144.08,2026-09-09 17:00:00,0,,True
TX-001607,ACC-00574,ACC-00527,60.16,2026-08-24 01:00:00,0,,True
TX-001608,ACC-00563,ACC-00327,142.82,2026-08-10 14:00:00,0,,True
TX-001609,ACC-00824,ACC-00291,291.3,2026-09-05 10:00:00,0,,True
TX-001610,ACC-00319,ACC-00628,447.2,2026-08-23 22:00:00,0,,True
TX-001611,ACC-00052,ACC-00134,24.21,2026-08-12 15:00:00,0,,True
TX-001612,ACC-00052,ACC-00109,197.96,2026-09-07 23:00:00,0,,True
TX-001613,ACC-00402,ACC-00184,355.29,2026-08-12 18:00:00,0,,True
TX-001614,ACC-00645,ACC-00857,348.16,2026-08-26 17:00:00,0,,True
TX-001615,ACC-00365,ACC-00320,172.84,2026-09-03 14:00:00,0,,True
TX-001616,ACC-00777,ACC-00687,406.56,2026-09-07 22:00:00,0,,True
TX-001617,ACC-00582,ACC-00135,55.53,2026-08-15 14:00:00,0,,True
TX-001618,ACC-00480,ACC-00100,233.24,2026-08-19 16:00:00,0,,True
TX-001619,ACC-00728,ACC-00785,238.04,2026-09-03 05:00:00,0,,True
TX-001620,ACC-00148,ACC-00882,448.89,2026-09-02 01:00:00,0,,True
TX-001621,ACC-00402,ACC-00188,352.81,2026-08-20 02:00:00,0,,True
TX-001622,ACC-00808,ACC-00882,442.38,2026-08-26 21:00:00,0,,True
TX-001623,ACC-00031,ACC-00067,242.91,2026-08-29 21:00:00,0,,True
TX-001624,ACC-00473,ACC-00867,93.69,2026-08-17 01:00:00,0,,True
TX-001625,ACC-00619,ACC-00589,72.42,2026-09-07 00:00:00,0,,True
TX-001626,ACC-00838,ACC-00732,400.41,2026-08-30 19:00:00,0,,True
TX-001627,ACC-00666,ACC-00073,398.29,2026-08-23 22:00:00,0,,True
TX-001628,ACC-00411,ACC-00605,212.59,2026-08-22 05:00:00,0,,True
TX-001629,ACC-00562,ACC-00163,487.21,2026-08-29 10:00:00,0,,True
TX-001630,ACC-00349,ACC-00214,408.82,2026-08-22 23:00:00,0,,True
TX-001631,ACC-00804,ACC-00446,287.93,2026-08-30 19:00:00,0,,True
TX-001632,ACC-00711,ACC-00242,94.81,2026-08-20 10:00:00,0,,True
TX-001633,ACC-00758,ACC-00954,358.84,2026-08-14 21:00:00,0,,True
TX-001634,ACC-00118,ACC-00607,302.08,2026-08-30 19:00:00,0,,True
TX-001635,ACC-00100,ACC-00842,228.16,2026-09-01 00:00:00,0,,True
TX-001636,ACC-00072,ACC-00613,63.28,2026-08-14 17:00:00,0,,True
TX-001637,ACC-00790,ACC-00840,195.67,2026-08-25 16:00:00,0,,True
TX-001638,ACC-00677,ACC-00063,54.36,2026-08-15 08:00:00,0,,True
TX-001639,ACC-00909,ACC-00595,452.6,2026-08-21 12:00:00,0,,True
TX-001640,ACC-00776,ACC-00151,333.83,2026-08-26 19:00:00,0,,True
TX-001641,ACC-00299,ACC-00400,311.63,2026-08-27 06:00:00,0,,True
TX-001642,ACC-00211,ACC-00698,439.94,2026-08-31 18:00:00,0,,True
TX-001643,ACC-00814,ACC-00936,342.98,2026-08-11 23:00:00,0,,True
TX-001644,ACC-00736,ACC-00938,178.69,2026-09-07 18:00:00,0,,True
TX-001645,ACC-00009,ACC-00627,493.35,2026-08-29 08:00:00,0,,True
TX-001646,ACC-00873,ACC-00302,40.58,2026-08-12 19:00:00,0,,True
TX-001647,ACC-00992,ACC-00055,10.41,2026-08-24 01:00:00,0,,True
TX-001648,ACC-00113,ACC-00882,148.28,2026-09-10 05:00:00,0,,True
TX-001649,ACC-00443,ACC-00720,299.18,2026-08-21 02:00:00,0,,True
TX-001650,ACC-00729,ACC-00392,208.96,2026-08-27 19:00:00,0,,True
TX-001651,ACC-00217,ACC-00679,94.97,2026-09-06 06:00:00,0,,True
TX-001652,ACC-00569,ACC-00394,423.23,2026-08-29 23:00:00,0,,True
TX-001653,ACC-00158,ACC-00296,498.75,2026-08-20 08:00:00,0,,True
TX-001654,ACC-00138,ACC-00012,45.16,2026-09-10 08:00:00,0,,True
TX-001655,ACC-00739,ACC-00907,248.48,2026-08-28 08:00:00,0,,True
TX-001656,ACC-00087,ACC-00141,324.7,2026-08-27 22:00:00,0,,True
TX-001657,ACC-00916,ACC-00808,350.74,2026-08-11 23:00:00,0,,True
TX-001658,ACC-00639,ACC-00185,232.65,2026-08-27 19:00:00,0,,True
TX-001659,ACC-00840,ACC-00461,198.51,2026-09-03 07:00:00,0,,True
TX-001660,ACC-00435,ACC-00620,13.64,2026-08-25 13:00:00,0,,True
TX-001661,ACC-00243,ACC-00730,255.85,2026-08-27 19:00:00,0,,True
TX-001662,ACC-00591,ACC-00376,26.4,2026-09-08 18:00:00,0,,True
TX-001663,ACC-00495,ACC-00722,190.6,2026-08-22 21:00:00,0,,True
TX-001664,ACC-00985,ACC-00708,49.23,2026-08-17 13:00:00,0,,True
TX-001665,ACC-00540,ACC-00880,492.0,2026-08-17 04:00:00,0,,True
TX-001666,ACC-00477,ACC-00530,48.33,2026-08-12 17:00:00,0,,True
TX-001667,ACC-00091,ACC-00252,241.5,2026-08-17 15:00:00,0,,True
TX-001668,ACC-00984,ACC-00685,48.26,2026-08-20 19:00:00,0,,True
TX-001669,ACC-00818,ACC-00594,163.12,2026-09-09 02:00:00,0,,True
TX-001670,ACC-00548,ACC-00798,15.28,2026-08-26 20:00:00,0,,True
TX-001671,ACC-00928,ACC-00481,291.24,2026-08-30 23:00:00,0,,True
TX-001672,ACC-00362,ACC-00984,489.1,2026-09-01 03:00:00,0,,True
TX-001673,ACC-00172,ACC-00037,350.58,2026-08-21 13:00:00,0,,True
TX-001674,ACC-00312,ACC-00745,394.66,2026-09-02 11:00:00,0,,True
TX-001675,ACC-00645,ACC-00485,293.29,2026-08-23 11:00:00,0,,True
TX-001676,ACC-00673,ACC-00299,406.36,2026-08-22 12:00:00,0,,True
TX-001677,ACC-00294,ACC-00497,50.43,2026-08-25 10:00:00,0,,True
TX-001678,ACC-00872,ACC-00803,146.15,2026-09-05 17:00:00,0,,True
TX-001679,ACC-00288,ACC-00282,430.35,2026-09-09 13:00:00,0,,True
TX-001680,ACC-00115,ACC-00619,95.56,2026-08-22 13:00:00,0,,True
TX-001681,ACC-00155,ACC-00675,228.86,2026-08-16 07:00:00,0,,True
TX-001682,ACC-00268,ACC-00802,353.38,2026-08-26 07:00:00,0,,True
TX-001683,ACC-00819,ACC-00541,432.39,2026-08-31 10:00:00,0,,True
TX-001684,ACC-00991,ACC-00149,301.82,2026-08-15 08:00:00,0,,True
TX-001685,ACC-00858,ACC-00508,378.85,2026-08-28 00:00:00,0,,True
TX-001686,ACC-00244,ACC-00677,225.69,2026-08-21 07:00:00,0,,True
TX-001687,ACC-00216,ACC-00592,369.84,2026-08-30 11:00:00,0,,True
TX-001688,ACC-00658,ACC-00271,380.19,2026-09-07 11:00:00,0,,True
TX-001689,ACC-00172,ACC-00476,205.38,2026-08-31 21:00:00,0,,True
TX-001690,ACC-00765,ACC-00972,378.69,2026-08-24 05:00:00,0,,True
TX-001691,ACC-00389,ACC-00700,355.75,2026-08-26 04:00:00,0,,True
TX-001692,ACC-00149,ACC-00544,436.44,2026-09-10 03:00:00,0,,True
TX-001693,ACC-00950,ACC-00817,229.92,2026-08-20 02:00:00,0,,True
TX-001694,ACC-00985,ACC-00543,344.61,2026-09-09 09:00:00,0,,True
TX-001695,ACC-00940,ACC-00545,322.34,2026-08-10 23:00:00,0,,True
TX-001696,ACC-00626,ACC-00941,329.51,2026-09-02 02:00:00,0,,True
TX-001697,ACC-00277,ACC-00274,403.14,2026-09-01 16:00:00,0,,True
TX-001698,ACC-00599,ACC-00401,235.94,2026-08-19 13:00:00,0,,True
TX-001699,ACC-00248,ACC-00752,339.23,2026-08-17 06:00:00,0,,True
TX-001700,ACC-00533,ACC-00346,342.08,2026-09-05 02:00:00,0,,True
TX-001701,ACC-00561,ACC-00011,339.67,2026-08-15 10:00:00,0,,True
TX-001702,ACC-00013,ACC-00422,57.87,2026-09-06 15:00:00,0,,True
TX-001703,ACC-00457,ACC-00360,117.51,2026-09-01 04:00:00,0,,True
TX-001704,ACC-00198,ACC-00035,21.61,2026-09-08 11:00:00,0,,True
TX-001705,ACC-00962,ACC-00609,331.74,2026-08-15 06:00:00,0,,True
TX-001706,ACC-00974,ACC-00614,322.66,2026-08-19 09:00:00,0,,True
TX-001707,ACC-00089,ACC-00877,306.3,2026-08-28 15:00:00,0,,True
TX-001708,ACC-00783,ACC-00922,327.47,2026-08-16 07:00:00,0,,True
TX-001709,ACC-00918,ACC-00114,350.87,2026-09-02 03:00:00,0,,True
TX-001710,ACC-00479,ACC-00677,468.73,2026-08-20 22:00:00,0,,True
TX-001711,ACC-00945,ACC-00284,386.99,2026-08-18 15:00:00,0,,True
TX-001712,ACC-00332,ACC-00264,89.36,2026-09-08 04:00:00,0,,True
TX-001713,ACC-00796,ACC-00064,197.57,2026-08-31 11:00:00,0,,True
TX-001714,ACC-00265,ACC-00979,408.27,2026-09-04 22:00:00,0,,True
TX-001715,ACC-00072,ACC-00504,489.92,2026-09-03 17:00:00,0,,True
TX-001716,ACC-00403,ACC-00183,326.29,2026-09-07 08:00:00,0,,True
TX-001717,ACC-00554,ACC-00788,221.31,2026-08-21 16:00:00,0,,True
TX-001718,ACC-00109,ACC-00935,226.38,2026-09-02 09:00:00,0,,True
TX-001719,ACC-00036,ACC-00075,44.5,2026-08-18 04:00:00,0,,True
TX-001720,ACC-00796,ACC-00457,19.19,2026-08-26 08:00:00,0,,True
TX-001721,ACC-00669,ACC-00656,10.43,2026-09-08 15:00:00,0,,True
TX-001722,ACC-00400,ACC-00273,84.29,2026-08-31 00:00:00,0,,True
TX-001723,ACC-00589,ACC-00004,262.54,2026-08-10 21:00:00,0,,True
TX-001724,ACC-00490,ACC-00447,207.92,2026-08-18 10:00:00,0,,True
TX-001725,ACC-00554,ACC-00232,11.62,2026-08-10 14:00:00,0,,True
TX-001726,ACC-00838,ACC-00799,246.21,2026-08-22 19:00:00,0,,True
TX-001727,ACC-00958,ACC-00368,173.39,2026-09-01 00:00:00,0,,True
TX-001728,ACC-00057,ACC-00648,498.54,2026-08-21 10:00:00,0,,True
TX-001729,ACC-00375,ACC-00548,428.14,2026-08-31 10:00:00,0,,True
TX-001730,ACC-00862,ACC-00471,382.62,2026-08-31 16:00:00,0,,True
TX-001731,ACC-00208,ACC-00181,281.69,2026-08-11 00:00:00,0,,True
TX-001732,ACC-00677,ACC-00196,156.45,2026-08-29 09:00:00,0,,True
TX-001733,ACC-00646,ACC-00706,186.04,2026-09-07 16:00:00,0,,True
TX-001734,ACC-00449,ACC-00753,102.84,2026-09-09 06:00:00,0,,True
TX-001735,ACC-00026,ACC-00738,498.23,2026-09-02 21:00:00,0,,True
TX-001736,ACC-00399,ACC-00065,398.44,2026-08-21 03:00:00,0,,True
TX-001737,ACC-00512,ACC-00547,482.83,2026-08-15 22:00:00,0,,True
TX-001738,ACC-00990,ACC-00017,28.15,2026-09-09 02:00:00,0,,True
TX-001739,ACC-00807,ACC-00739,30.98,2026-09-07 06:00:00,0,,True
TX-001740,ACC-00827,ACC-00670,336.99,2026-08-26 15:00:00,0,,True
TX-001741,ACC-00892,ACC-00896,272.92,2026-08-17 18:00:00,0,,True
TX-001742,ACC-00239,ACC-00948,45.3,2026-08-18 08:00:00,0,,True
TX-001743,ACC-00501,ACC-00670,19.34,2026-08-11 17:00:00,0,,True
TX-001744,ACC-00047,ACC-00249,353.64,2026-09-06 12:00:00,0,,True
TX-001745,ACC-00177,ACC-00648,34.48,2026-09-01 09:00:00,0,,True
TX-001746,ACC-00468,ACC-00626,93.64,2026-08-23 10:00:00,0,,True
TX-001747,ACC-00109,ACC-00117,253.6,2026-08-15 17:00:00,0,,True
TX-001748,ACC-00226,ACC-00065,404.18,2026-08-28 02:00:00,0,,True
TX-001749,ACC-00831,ACC-00856,491.27,2026-08-20 00:00:00,0,,True
TX-001750,ACC-00333,ACC-00124,488.17,2026-08-22 19:00:00,0,,True
TX-001751,ACC-00141,ACC-00330,419.85,2026-08-16 06:00:00,0,,True
TX-001752,ACC-00783,ACC-00047,300.61,2026-08-31 10:00:00,0,,True
TX-001753,ACC-00124,ACC-00281,79.21,2026-08-28 07:00:00,0,,True
TX-001754,ACC-00714,ACC-00379,281.17,2026-08-27 05:00:00,0,,True
TX-001755,ACC-00948,ACC-00596,29.94,2026-09-06 16:00:00,0,,True
TX-001756,ACC-00628,ACC-00386,391.05,2026-09-09 21:00:00,0,,True
TX-001757,ACC-00083,ACC-00007,13.54,2026-08-12 10:00:00,0,,True
TX-001758,ACC-00724,ACC-00668,300.93,2026-08-31 23:00:00,0,,True
TX-001759,ACC-00711,ACC-00827,398.2,2026-08-25 14:00:00,0,,True
TX-001760,ACC-00130,ACC-00212,80.11,2026-09-01 20:00:00,0,,True
TX-001761,ACC-00462,ACC-00422,127.23,2026-09-04 17:00:00,0,,True
TX-001762,ACC-00709,ACC-00039,302.17,2026-08-18 21:00:00,0,,True
TX-001763,ACC-00627,ACC-00974,53.13,2026-08-15 03:00:00,0,,True
TX-001764,ACC-00357,ACC-00429,12.24,2026-09-03 06:00:00,0,,True
TX-001765,ACC-00121,ACC-00543,488.63,2026-08-22 01:00:00,0,,True
TX-001766,ACC-00884,ACC-00780,493.52,2026-08-25 05:00:00,0,,True
TX-001767,ACC-00476,ACC-00789,316.97,2026-09-04 04:00:00,0,,True
TX-001768,ACC-00055,ACC-00199,65.21,2026-09-05 15:00:00,0,,True
TX-001769,ACC-00865,ACC-00992,456.63,2026-08-26 07:00:00,0,,True
TX-001770,ACC-00164,ACC-00687,462.11,2026-09-08 16:00:00,0,,True
TX-001771,ACC-00373,ACC-00292,112.7,2026-09-02 02:00:00,0,,True
TX-001772,ACC-00632,ACC-00825,446.14,2026-08-27 11:00:00,0,,True
TX-001773,ACC-00107,ACC-00759,35.7,2026-08-24 07:00:00,0,,True
TX-001774,ACC-00162,ACC-00805,24.24,2026-08-25 09:00:00,0,,True
TX-001775,ACC-00073,ACC-00917,125.3,2026-08-26 18:00:00,0,,True
TX-001776,ACC-00594,ACC-00334,215.34,2026-08-17 15:00:00,0,,True
TX-001777,ACC-00920,ACC-00334,122.73,2026-09-07 02:00:00,0,,True
TX-001778,ACC-00234,ACC-00101,126.19,2026-08-28 06:00:00,0,,True
TX-001779,ACC-00385,ACC-00913,118.12,2026-08-25 18:00:00,0,,True
TX-001780,ACC-00497,ACC-00056,446.34,2026-09-06 06:00:00,0,,True
TX-001781,ACC-00951,ACC-00625,232.95,2026-08-29 01:00:00,0,,True
TX-001782,ACC-00140,ACC-00469,362.71,2026-08-21 01:00:00,0,,True
TX-001783,ACC-00999,ACC-00277,109.08,2026-09-06 11:00:00,0,,True
TX-001784,ACC-00709,ACC-00583,39.23,2026-09-06 09:00:00,0,,True
TX-001785,ACC-00873,ACC-00477,234.7,2026-09-05 02:00:00,0,,True
TX-001786,ACC-00226,ACC-00908,154.63,2026-09-04 16:00:00,0,,True
TX-001787,ACC-00976,ACC-00627,453.73,2026-08-22 19:00:00,0,,True
TX-001788,ACC-00876,ACC-00236,52.37,2026-08-13 20:00:00,0,,True
TX-001789,ACC-00501,ACC-00883,497.88,2026-08-22 21:00:00,0,,True
TX-001790,ACC-00858,ACC-00474,146.79,2026-08-17 23:00:00,0,,True
TX-001791,ACC-00754,ACC-00894,130.86,2026-08-30 23:00:00,0,,True
TX-001792,ACC-00594,ACC-00228,446.99,2026-08-23 08:00:00,0,,True
TX-001793,ACC-00936,ACC-00588,450.14,2026-08-28 11:00:00,0,,True
TX-001794,ACC-00042,ACC-00482,369.4,2026-08-25 11:00:00,0,,True
TX-001795,ACC-00436,ACC-00544,203.22,2026-08-15 14:00:00,0,,True
TX-001796,ACC-00842,ACC-00101,231.7,2026-09-03 10:00:00,0,,True
TX-001797,ACC-00572,ACC-00772,16.09,2026-08-17 23:00:00,0,,True
TX-001798,ACC-00973,ACC-00224,75.03,2026-09-01 05:00:00,0,,True
TX-001799,ACC-00664,ACC-00093,17.81,2026-08-20 03:00:00,0,,True
TX-001800,ACC-00166,ACC-00721,235.05,2026-08-22 13:00:00,0,,True
TX-001801,ACC-00598,ACC-00025,488.45,2026-08-27 08:00:00,0,,True
TX-001802,ACC-00896,ACC-00721,208.63,2026-08-16 01:00:00,0,,True
TX-001803,ACC-00642,ACC-00476,354.91,2026-09-09 16:00:00,0,,True
TX-001804,ACC-00073,ACC-00395,447.78,2026-08-30 20:00:00,0,,True
TX-001805,ACC-00034,ACC-00304,218.69,2026-09-01 14:00:00,0,,True
TX-001806,ACC-00969,ACC-00628,275.79,2026-08-16 06:00:00,0,,True
TX-001807,ACC-00807,ACC-00702,49.67,2026-08-13 02:00:00,0,,True
TX-001808,ACC-00754,ACC-00955,36.86,2026-08-10 15:00:00,0,,True
TX-001809,ACC-00373,ACC-00910,35.27,2026-08-29 01:00:00,0,,True
TX-001810,ACC-00477,ACC-00634,30.03,2026-08-30 07:00:00,0,,True
TX-001811,ACC-00664,ACC-00573,355.39,2026-08-23 14:00:00,0,,True
TX-001812,ACC-00793,ACC-00210,77.82,2026-08-31 05:00:00,0,,True
TX-001813,ACC-00553,ACC-00117,328.03,2026-08-17 18:00:00,0,,True
TX-001814,ACC-00893,ACC-00983,354.39,2026-08-16 13:00:00,0,,True
TX-001815,ACC-00780,ACC-00231,167.03,2026-08-13 04:00:00,0,,True
TX-001816,ACC-00516,ACC-00697,217.24,2026-09-09 10:00:00,0,,True
TX-001817,ACC-00382,ACC-00354,231.68,2026-08-24 20:00:00,0,,True
TX-001818,ACC-00850,ACC-00126,240.38,2026-08-23 15:00:00,0,,True
TX-001819,ACC-00846,ACC-00546,450.73,2026-08-26 17:00:00,0,,True
TX-001820,ACC-00377,ACC-00820,339.92,2026-08-19 10:00:00,0,,True
TX-001821,ACC-00193,ACC-00914,443.15,2026-09-08 10:00:00,0,,True
TX-001822,ACC-00401,ACC-00920,97.62,2026-08-11 10:00:00,0,,True
TX-001823,ACC-00112,ACC-00169,145.21,2026-08-19 08:00:00,0,,True
TX-001824,ACC-00509,ACC-00155,438.75,2026-08-24 16:00:00,0,,True
TX-001825,ACC-00024,ACC-00301,214.1,2026-08-19 19:00:00,0,,True
TX-001826,ACC-00955,ACC-00136,242.21,2026-08-27 22:00:00,0,,True
TX-001827,ACC-00756,ACC-00661,20.53,2026-09-04 10:00:00,0,,True
TX-001828,ACC-00023,ACC-00893,402.97,2026-08-14 20:00:00,0,,True
TX-001829,ACC-00661,ACC-00344,211.73,2026-08-30 16:00:00,0,,True
TX-001830,ACC-00662,ACC-00806,169.89,2026-08-22 15:00:00,0,,True
TX-001831,ACC-00714,ACC-00543,422.53,2026-08-26 22:00:00,0,,True
TX-001832,ACC-00312,ACC-00581,74.66,2026-08-16 03:00:00,0,,True
TX-001833,ACC-00176,ACC-00809,137.4,2026-08-26 01:00:00,0,,True
TX-001834,ACC-00995,ACC-00296,387.18,2026-09-09 08:00:00,0,,True
TX-001835,ACC-00362,ACC-00292,233.4,2026-09-04 17:00:00,0,,True
TX-001836,ACC-00947,ACC-00165,358.79,2026-09-01 07:00:00,0,,True
TX-001837,ACC-00997,ACC-00180,421.27,2026-08-18 15:00:00,0,,True
TX-001838,ACC-00814,ACC-00158,89.01,2026-09-07 11:00:00,0,,True
TX-001839,ACC-00325,ACC-00589,71.97,2026-09-02 01:00:00,0,,True
TX-001840,ACC-00189,ACC-00211,285.62,2026-09-08 15:00:00,0,,True
TX-001841,ACC-00325,ACC-00353,82.49,2026-08-26 19:00:00,0,,True
TX-001842,ACC-00999,ACC-00167,271.49,2026-09-07 12:00:00,0,,True
TX-001843,ACC-00415,ACC-00954,254.71,2026-09-05 22:00:00,0,,True
TX-001844,ACC-00951,ACC-00328,86.47,2026-08-17 19:00:00,0,,True
TX-001845,ACC-00520,ACC-00340,327.15,2026-08-31 21:00:00,0,,True
TX-001846,ACC-00918,ACC-00297,485.11,2026-08-16 18:00:00,0,,True
TX-001847,ACC-00683,ACC-00151,401.79,2026-08-17 22:00:00,0,,True
TX-001848,ACC-00347,ACC-00706,65.03,2026-08-26 11:00:00,0,,True
TX-001849,ACC-00143,ACC-00695,279.97,2026-09-01 12:00:00,0,,True
TX-001850,ACC-00412,ACC-00633,422.03,2026-08-27 01:00:00,0,,True
TX-001851,ACC-00095,ACC-00335,36.97,2026-08-21 06:00:00,0,,True
TX-001852,ACC-00598,ACC-00540,118.85,2026-08-12 04:00:00,0,,True
TX-001853,ACC-00201,ACC-00024,50.96,2026-08-13 22:00:00,0,,True
TX-001854,ACC-00694,ACC-00688,479.24,2026-08-25 00:00:00,0,,True
TX-001855,ACC-00200,ACC-00503,165.7,2026-08-21 20:00:00,0,,True
TX-001856,ACC-00967,ACC-00058,455.14,2026-08-30 00:00:00,0,,True
TX-001857,ACC-00152,ACC-00734,428.36,2026-08-30 00:00:00,0,,True
TX-001858,ACC-00382,ACC-00013,149.48,2026-08-30 03:00:00,0,,True
TX-001859,ACC-00457,ACC-00896,284.91,2026-09-03 13:00:00,0,,True
TX-001860,ACC-00910,ACC-00455,373.35,2026-08-27 22:00:00,0,,True
TX-001861,ACC-00296,ACC-00168,404.78,2026-08-12 23:00:00,0,,True
TX-001862,ACC-00747,ACC-00918,212.95,2026-08-14 18:00:00,0,,True
TX-001863,ACC-00613,ACC-00089,80.38,2026-08-31 21:00:00,0,,True
TX-001864,ACC-00889,ACC-00538,493.45,2026-09-07 18:00:00,0,,True
TX-001865,ACC-00775,ACC-00385,53.34,2026-08-27 16:00:00,0,,True
TX-001866,ACC-00937,ACC-00280,213.11,2026-08-23 22:00:00,0,,True
TX-001867,ACC-00728,ACC-00582,380.07,2026-09-06 06:00:00,0,,True
TX-001868,ACC-00191,ACC-00853,197.07,2026-08-23 21:00:00,0,,True
TX-001869,ACC-00044,ACC-00843,414.86,2026-08-14 18:00:00,0,,True
TX-001870,ACC-00312,ACC-00506,284.05,2026-08-27 05:00:00,0,,True
TX-001871,ACC-00028,ACC-00811,11.2,2026-09-02 03:00:00,0,,True
TX-001872,ACC-00979,ACC-00656,418.78,2026-08-26 09:00:00,0,,True
TX-001873,ACC-00670,ACC-00682,447.42,2026-08-28 07:00:00,0,,True
TX-001874,ACC-00504,ACC-00929,347.04,2026-09-03 12:00:00,0,,True
TX-001875,ACC-00123,ACC-00784,145.84,2026-09-07 17:00:00,0,,True
TX-001876,ACC-00764,ACC-00371,294.72,2026-08-22 23:00:00,0,,True
TX-001877,ACC-00890,ACC-00265,317.72,2026-08-25 14:00:00,0,,True
TX-001878,ACC-00838,ACC-00123,192.87,2026-08-17 18:00:00,0,,True
TX-001879,ACC-00018,ACC-00866,137.17,2026-08-23 11:00:00,0,,True
TX-001880,ACC-00150,ACC-00328,235.91,2026-08-19 08:00:00,0,,True
TX-001881,ACC-00366,ACC-00168,35.92,2026-08-29 23:00:00,0,,True
TX-001882,ACC-00652,ACC-00934,478.03,2026-09-09 03:00:00,0,,True
TX-001883,ACC-00299,ACC-00543,323.08,2026-09-07 20:00:00,0,,True
TX-001884,ACC-00199,ACC-00785,317.73,2026-08-17 09:00:00,0,,True
TX-001885,ACC-00614,ACC-00771,91.9,2026-08-31 02:00:00,0,,True
TX-001886,ACC-00847,ACC-00866,345.63,2026-09-01 04:00:00,0,,True
TX-001887,ACC-00702,ACC-00715,347.29,2026-09-06 19:00:00,0,,True
TX-001888,ACC-00594,ACC-00361,413.42,2026-09-10 08:00:00,0,,True
TX-001889,ACC-00531,ACC-00289,192.78,2026-08-25 23:00:00,0,,True
TX-001890,ACC-00349,ACC-00944,456.29,2026-09-07 06:00:00,0,,True
TX-001891,ACC-00159,ACC-00516,118.35,2026-09-03 19:00:00,0,,True
TX-001892,ACC-00629,ACC-00707,417.39,2026-08-24 19:00:00,0,,True
TX-001893,ACC-00730,ACC-00565,354.11,2026-08-16 09:00:00,0,,True
TX-001894,ACC-00428,ACC-00472,458.86,2026-09-07 08:00:00,0,,True
TX-001895,ACC-00946,ACC-00018,244.96,2026-08-31 14:00:00,0,,True
TX-001896,ACC-00372,ACC-00143,410.35,2026-08-12 17:00:00,0,,True
TX-001897,ACC-00536,ACC-00782,485.35,2026-09-04 14:00:00,0,,True
TX-001898,ACC-00312,ACC-00030,374.79,2026-09-07 05:00:00,0,,True
TX-001899,ACC-00132,ACC-00878,350.18,2026-08-19 05:00:00,0,,True
TX-001900,ACC-00315,ACC-00129,112.82,2026-09-07 23:00:00,0,,True
TX-001901,ACC-00708,ACC-00782,394.17,2026-09-08 12:00:00,0,,True
TX-001902,ACC-00794,ACC-00496,381.09,2026-09-09 06:00:00,0,,True
TX-001903,ACC-00111,ACC-00034,398.6,2026-08-24 18:00:00,0,,True
TX-001904,ACC-00061,ACC-00481,68.27,2026-09-02 11:00:00,0,,True
TX-001905,ACC-00068,ACC-00309,337.12,2026-08-17 09:00:00,0,,True
TX-001906,ACC-00802,ACC-00127,460.85,2026-09-03 18:00:00,0,,True
TX-001907,ACC-00923,ACC-00205,100.54,2026-08-30 12:00:00,0,,True
TX-001908,ACC-00093,ACC-00150,424.47,2026-08-11 04:00:00,0,,True
TX-001909,ACC-00972,ACC-00594,180.44,2026-09-04 20:00:00,0,,True
TX-001910,ACC-00800,ACC-00747,310.35,2026-08-24 18:00:00,0,,True
TX-001911,ACC-00070,ACC-00102,411.6,2026-08-17 12:00:00,0,,True
TX-001912,ACC-00542,ACC-00223,360.75,2026-08-11 03:00:00,0,,True
TX-001913,ACC-00176,ACC-00924,379.47,2026-09-09 13:00:00,0,,True
TX-001914,ACC-00102,ACC-00947,114.87,2026-08-24 14:00:00,0,,True
TX-001915,ACC-00487,ACC-00376,352.09,2026-09-04 22:00:00,0,,True
TX-001916,ACC-00690,ACC-00981,62.59,2026-08-15 01:00:00,0,,True
TX-001917,ACC-00389,ACC-00435,114.99,2026-09-02 23:00:00,0,,True
TX-001918,ACC-00116,ACC-00780,492.46,2026-09-06 22:00:00,0,,True
TX-001919,ACC-00113,ACC-00533,76.6,2026-08-17 01:00:00,0,,True
TX-001920,ACC-00722,ACC-00296,282.99,2026-09-09 10:00:00,0,,True
TX-001921,ACC-00336,ACC-00506,66.7,2026-08-31 22:00:00,0,,True
TX-001922,ACC-00615,ACC-00754,162.88,2026-08-14 22:00:00,0,,True
TX-001923,ACC-00232,ACC-00568,209.57,2026-08-13 23:00:00,0,,True
TX-001924,ACC-00194,ACC-00878,44.11,2026-08-14 21:00:00,0,,True
TX-001925,ACC-00962,ACC-00696,190.05,2026-09-09 15:00:00,0,,True
TX-001926,ACC-00504,ACC-00689,61.53,2026-08-26 20:00:00,0,,True
TX-001927,ACC-00675,ACC-00693,51.65,2026-09-06 00:00:00,0,,True
TX-001928,ACC-00411,ACC-00712,299.37,2026-09-06 13:00:00,0,,True
TX-001929,ACC-00948,ACC-00914,489.15,2026-09-08 01:00:00,0,,True
TX-001930,ACC-00999,ACC-00204,175.93,2026-08-22 00:00:00,0,,True
TX-001931,ACC-00126,ACC-00239,420.67,2026-08-17 21:00:00,0,,True
TX-001932,ACC-00286,ACC-00784,359.61,2026-08-22 18:00:00,0,,True
TX-001933,ACC-00280,ACC-00775,396.85,2026-08-21 00:00:00,0,,True
TX-001934,ACC-00365,ACC-00488,336.67,2026-08-11 00:00:00,0,,True
TX-001935,ACC-00497,ACC-00524,146.66,2026-08-16 22:00:00,0,,True
TX-001936,ACC-00111,ACC-00126,132.84,2026-08-26 05:00:00,0,,True
TX-001937,ACC-00644,ACC-00966,75.96,2026-09-06 13:00:00,0,,True
TX-001938,ACC-00055,ACC-00851,43.43,2026-08-20 12:00:00,0,,True
TX-001939,ACC-00996,ACC-00184,197.49,2026-08-20 02:00:00,0,,True
TX-001940,ACC-00157,ACC-00311,314.76,2026-09-07 10:00:00,0,,True
TX-001941,ACC-00677,ACC-00770,264.77,2026-08-25 22:00:00,0,,True
TX-001942,ACC-00207,ACC-00301,334.43,2026-08-25 20:00:00,0,,True
TX-001943,ACC-00268,ACC-00556,178.37,2026-08-13 19:00:00,0,,True
TX-001944,ACC-00560,ACC-00019,476.76,2026-09-08 23:00:00,0,,True
TX-001945,ACC-00902,ACC-00937,68.38,2026-08-27 02:00:00,0,,True
TX-001946,ACC-00874,ACC-00386,226.85,2026-09-09 11:00:00,0,,True
TX-001947,ACC-00182,ACC-00571,333.11,2026-08-17 03:00:00,0,,True
TX-001948,ACC-00906,ACC-00724,90.43,2026-08-28 08:00:00,0,,True
TX-001949,ACC-00320,ACC-00733,200.65,2026-08-17 09:00:00,0,,True
TX-001950,ACC-00583,ACC-00692,250.37,2026-08-23 15:00:00,0,,True
TX-001951,ACC-00553,ACC-00586,240.21,2026-08-24 07:00:00,0,,True
TX-001952,ACC-00519,ACC-00058,201.78,2026-08-25 18:00:00,0,,True
TX-001953,ACC-00995,ACC-00387,312.3,2026-08-30 03:00:00,0,,True
TX-001954,ACC-00329,ACC-00063,23.79,2026-09-09 08:00:00,0,,True
TX-001955,ACC-00858,ACC-00376,180.95,2026-08-17 18:00:00,0,,True
TX-001956,ACC-00028,ACC-00784,446.76,2026-08-31 00:00:00,0,,True
TX-001957,ACC-00100,ACC-00439,179.12,2026-08-29 23:00:00,0,,True
TX-001958,ACC-00360,ACC-00058,334.01,2026-09-03 05:00:00,0,,True
TX-001959,ACC-00664,ACC-00320,300.34,2026-08-11 14:00:00,0,,True
TX-001960,ACC-00068,ACC-00890,159.41,2026-08-31 07:00:00,0,,True
TX-001961,ACC-00021,ACC-00552,169.8,2026-08-26 15:00:00,0,,True
TX-001962,ACC-00885,ACC-00433,288.34,2026-08-12 23:00:00,0,,True
TX-001963,ACC-00274,ACC-00021,351.02,2026-08-23 12:00:00,0,,True
TX-001964,ACC-00325,ACC-00387,289.47,2026-08-30 18:00:00,0,,True
TX-001965,ACC-00101,ACC-00828,249.3,2026-08-18 15:00:00,0,,True
TX-001966,ACC-00211,ACC-00345,253.4,2026-08-15 15:00:00,0,,True
TX-001967,ACC-00348,ACC-00171,311.27,2026-08-29 23:00:00,0,,True
TX-001968,ACC-00207,ACC-00509,321.37,2026-08-16 10:00:00,0,,True
TX-001969,ACC-00861,ACC-00871,272.56,2026-09-01 04:00:00,0,,True
TX-001970,ACC-00049,ACC-00305,498.15,2026-08-29 05:00:00,0,,True
TX-001971,ACC-00640,ACC-00761,479.39,2026-08-18 18:00:00,0,,True
TX-001972,ACC-00098,ACC-00607,175.05,2026-09-07 18:00:00,0,,True
TX-001973,ACC-00821,ACC-00544,242.88,2026-09-04 01:00:00,0,,True
TX-001974,ACC-00815,ACC-00079,329.25,2026-08-31 20:00:00,0,,True
TX-001975,ACC-00824,ACC-00308,222.13,2026-08-24 02:00:00,0,,True
TX-001976,ACC-00205,ACC-00425,207.13,2026-08-21 20:00:00,0,,True
TX-001977,ACC-00465,ACC-00688,384.09,2026-09-05 12:00:00,0,,True
TX-001978,ACC-00643,ACC-00721,262.95,2026-09-04 18:00:00,0,,True
TX-001979,ACC-00512,ACC-00219,333.8,2026-08-14 13:00:00,0,,True
TX-001980,ACC-00961,ACC-00479,141.29,2026-08-20 19:00:00,0,,True
TX-001981,ACC-00829,ACC-00630,427.86,2026-08-11 23:00:00,0,,True
TX-001982,ACC-00958,ACC-00580,366.04,2026-09-08 20:00:00,0,,True
TX-001983,ACC-00206,ACC-00374,236.62,2026-09-03 08:00:00,0,,True
TX-001984,ACC-00765,ACC-00702,385.11,2026-08-13 23:00:00,0,,True
TX-001985,ACC-00421,ACC-00327,431.49,2026-08-12 10:00:00,0,,True
TX-001986,ACC-00650,ACC-00209,424.52,2026-09-02 03:00:00,0,,True
TX-001987,ACC-00662,ACC-00165,135.66,2026-08-22 05:00:00,0,,True
TX-001988,ACC-00416,ACC-00245,65.64,2026-09-04 12:00:00,0,,True
TX-001989,ACC-00252,ACC-00817,415.34,2026-08-26 21:00:00,0,,True
TX-001990,ACC-00574,ACC-00447,216.79,2026-08-13 11:00:00,0,,True
TX-001991,ACC-00207,ACC-00164,143.63,2026-09-10 04:00:00,0,,True
TX-001992,ACC-00809,ACC-00823,146.11,2026-08-24 07:00:00,0,,True
TX-001993,ACC-00660,ACC-00873,30.69,2026-08-17 21:00:00,0,,True
TX-001994,ACC-00802,ACC-00021,37.11,2026-08-13 10:00:00,0,,True
TX-001995,ACC-00322,ACC-00617,156.01,2026-09-07 23:00:00,0,,True
TX-001996,ACC-00919,ACC-00373,339.12,2026-08-13 10:00:00,0,,True
TX-001997,ACC-00407,ACC-00966,421.51,2026-08-15 08:00:00,0,,True
TX-001998,ACC-00242,ACC-00115,289.78,2026-08-25 09:00:00,0,,True
TX-001999,ACC-00535,ACC-00681,416.2,2026-08-10 20:00:00,0,,True
TX-002000,ACC-00258,ACC-00509,443.44,2026-09-02 17:00:00,0,,True
TX-002001,ACC-00126,ACC-00792,405.28,2026-08-30 18:00:00,0,,True
TX-002002,ACC-00755,ACC-00400,404.86,2026-08-18 05:00:00,0,,True
TX-002003,ACC-00958,ACC-00434,116.82,2026-09-07 07:00:00,0,,True
TX-002004,ACC-00220,ACC-00994,144.53,2026-08-28 04:00:00,0,,True
TX-002005,ACC-00884,ACC-00604,37.4,2026-08-24 01:00:00,0,,True
TX-002006,ACC-00717,ACC-00972,65.35,2026-08-23 23:00:00,0,,True
TX-002007,ACC-00487,ACC-00700,130.71,2026-09-02 08:00:00,0,,True
TX-002008,ACC-00372,ACC-00487,360.68,2026-08-15 03:00:00,0,,True
TX-002009,ACC-00022,ACC-00661,483.73,2026-08-22 11:00:00,0,,True
TX-002010,ACC-00862,ACC-00758,334.49,2026-08-11 11:00:00,0,,True
TX-002011,ACC-00708,ACC-00940,396.51,2026-09-03 04:00:00,0,,True
TX-002012,ACC-00566,ACC-00394,161.54,2026-08-10 14:00:00,0,,True
TX-002013,ACC-00372,ACC-00925,408.0,2026-09-06 19:00:00,0,,True
TX-002014,ACC-00888,ACC-00243,430.25,2026-08-29 12:00:00,0,,True
TX-002015,ACC-00932,ACC-00984,202.56,2026-08-12 04:00:00,0,,True
TX-002016,ACC-00309,ACC-00093,468.8,2026-08-17 05:00:00,0,,True
TX-002017,ACC-00305,ACC-00216,431.11,2026-09-04 22:00:00,0,,True
TX-002018,ACC-00647,ACC-00325,440.94,2026-08-16 16:00:00,0,,True
TX-002019,ACC-00417,ACC-00809,26.6,2026-08-14 10:00:00,0,,True
TX-002020,ACC-00843,ACC-00799,470.84,2026-08-25 13:00:00,0,,True
TX-002021,ACC-00423,ACC-00949,422.17,2026-08-18 23:00:00,0,,True
TX-002022,ACC-00898,ACC-00941,411.92,2026-08-15 07:00:00,0,,True
TX-002023,ACC-00716,ACC-00268,258.1,2026-08-29 23:00:00,0,,True
TX-002024,ACC-00617,ACC-00747,408.58,2026-08-18 02:00:00,0,,True
TX-002025,ACC-00465,ACC-00712,23.4,2026-09-08 16:00:00,0,,True
TX-002026,ACC-00657,ACC-00189,318.78,2026-08-15 16:00:00,0,,True
TX-002027,ACC-00140,ACC-00004,206.32,2026-08-21 03:00:00,0,,True
TX-002028,ACC-00322,ACC-00590,50.29,2026-09-05 05:00:00,0,,True
TX-002029,ACC-00529,ACC-00731,485.14,2026-08-14 16:00:00,0,,True
TX-002030,ACC-00782,ACC-00134,425.01,2026-08-19 23:00:00,0,,True
TX-002031,ACC-00812,ACC-00962,166.51,2026-08-25 13:00:00,0,,True
TX-002032,ACC-00137,ACC-00267,95.0,2026-08-23 02:00:00,0,,True
TX-002033,ACC-00819,ACC-00289,107.35,2026-08-28 01:00:00,0,,True
TX-002034,ACC-00187,ACC-00403,439.43,2026-08-10 18:00:00,0,,True
TX-002035,ACC-00230,ACC-00022,474.57,2026-08-11 19:00:00,0,,True
TX-002036,ACC-00663,ACC-00627,317.05,2026-08-12 10:00:00,0,,True
TX-002037,ACC-00998,ACC-00474,107.15,2026-08-19 07:00:00,0,,True
TX-002038,ACC-00051,ACC-00411,312.82,2026-08-22 04:00:00,0,,True
TX-002039,ACC-00153,ACC-00092,479.44,2026-09-04 18:00:00,0,,True
TX-002040,ACC-00121,ACC-00015,362.11,2026-08-27 22:00:00,0,,True
TX-002041,ACC-00848,ACC-00690,252.13,2026-09-02 14:00:00,0,,True
TX-002042,ACC-00209,ACC-00196,473.57,2026-08-15 04:00:00,0,,True
TX-002043,ACC-00295,ACC-00765,252.14,2026-09-05 23:00:00,0,,True
TX-002044,ACC-00877,ACC-00212,304.04,2026-08-15 03:00:00,0,,True
TX-002045,ACC-00745,ACC-00694,102.79,2026-09-04 23:00:00,0,,True
TX-002046,ACC-00812,ACC-00150,24.1,2026-09-02 05:00:00,0,,True
TX-002047,ACC-00633,ACC-00462,454.59,2026-08-29 18:00:00,0,,True
TX-002048,ACC-00701,ACC-00663,234.5,2026-09-09 21:00:00,0,,True
TX-002049,ACC-00137,ACC-00893,168.39,2026-08-19 00:00:00,0,,True
TX-002050,ACC-00704,ACC-00218,359.53,2026-08-18 23:00:00,0,,True
TX-002051,ACC-00754,ACC-00612,135.55,2026-09-06 19:00:00,0,,True
TX-002052,ACC-00061,ACC-00054,173.1,2026-09-02 21:00:00,0,,True
TX-002053,ACC-00931,ACC-00363,498.4,2026-08-10 15:00:00,0,,True
TX-002054,ACC-00991,ACC-00822,303.13,2026-08-18 11:00:00,0,,True
TX-002055,ACC-00006,ACC-00260,257.23,2026-08-29 03:00:00,0,,True
TX-002056,ACC-00405,ACC-00688,191.74,2026-08-10 19:00:00,0,,True
TX-002057,ACC-00043,ACC-00595,97.89,2026-09-04 20:00:00,0,,True
TX-002058,ACC-00505,ACC-00953,176.2,2026-08-27 08:00:00,0,,True
TX-002059,ACC-00092,ACC-00325,358.03,2026-08-28 08:00:00,0,,True
TX-002060,ACC-00267,ACC-00120,163.5,2026-09-05 21:00:00,0,,True
TX-002061,ACC-00893,ACC-00997,419.05,2026-08-18 01:00:00,0,,True
TX-002062,ACC-00949,ACC-00441,148.63,2026-08-13 04:00:00,0,,True
TX-002063,ACC-00628,ACC-00850,383.17,2026-09-01 20:00:00,0,,True
TX-002064,ACC-00321,ACC-00447,447.41,2026-08-30 13:00:00,0,,True
TX-002065,ACC-00504,ACC-00783,475.52,2026-08-23 15:00:00,0,,True
TX-002066,ACC-00652,ACC-00818,225.59,2026-09-04 08:00:00,0,,True
TX-002067,ACC-00056,ACC-00236,99.74,2026-08-26 04:00:00,0,,True
TX-002068,ACC-00168,ACC-00723,238.9,2026-09-06 21:00:00,0,,True
TX-002069,ACC-00042,ACC-00453,184.69,2026-08-18 19:00:00,0,,True
TX-002070,ACC-00497,ACC-00469,251.56,2026-08-13 13:00:00,0,,True
TX-002071,ACC-00888,ACC-00152,70.59,2026-09-08 06:00:00,0,,True
TX-002072,ACC-00890,ACC-00291,98.52,2026-09-04 13:00:00,0,,True
TX-002073,ACC-00521,ACC-00843,143.67,2026-08-12 15:00:00,0,,True
TX-002074,ACC-00600,ACC-00218,295.94,2026-09-09 20:00:00,0,,True
TX-002075,ACC-00786,ACC-00585,98.48,2026-08-12 10:00:00,0,,True
TX-002076,ACC-00253,ACC-00787,254.07,2026-09-07 02:00:00,0,,True
TX-002077,ACC-00027,ACC-00292,343.84,2026-08-20 09:00:00,0,,True
TX-002078,ACC-00404,ACC-00383,299.27,2026-08-11 09:00:00,0,,True
TX-002079,ACC-00858,ACC-00332,85.35,2026-09-07 22:00:00,0,,True
TX-002080,ACC-00851,ACC-00725,333.17,2026-08-26 16:00:00,0,,True
TX-002081,ACC-00979,ACC-00276,301.16,2026-09-10 02:00:00,0,,True
TX-002082,ACC-00994,ACC-00045,331.52,2026-08-10 22:00:00,0,,True
TX-002083,ACC-00333,ACC-00971,368.46,2026-08-17 18:00:00,0,,True
TX-002084,ACC-00133,ACC-00217,433.01,2026-08-15 16:00:00,0,,True
TX-002085,ACC-00290,ACC-00331,401.09,2026-08-18 10:00:00,0,,True
TX-002086,ACC-00561,ACC-00975,305.12,2026-09-08 00:00:00,0,,True
TX-002087,ACC-00262,ACC-00183,127.64,2026-08-17 00:00:00,0,,True
TX-002088,ACC-00092,ACC-00022,427.65,2026-09-05 00:00:00,0,,True
TX-002089,ACC-00799,ACC-00413,149.62,2026-08-16 16:00:00,0,,True
TX-002090,ACC-00158,ACC-00124,156.29,2026-08-15 23:00:00,0,,True
TX-002091,ACC-00754,ACC-00826,461.63,2026-08-12 15:00:00,0,,True
TX-002092,ACC-00618,ACC-00135,185.93,2026-09-07 01:00:00,0,,True
TX-002093,ACC-00525,ACC-00205,249.92,2026-08-13 00:00:00,0,,True
TX-002094,ACC-00488,ACC-00275,285.9,2026-08-28 10:00:00,0,,True
TX-002095,ACC-00775,ACC-00433,407.39,2026-08-22 07:00:00,0,,True
TX-002096,ACC-00445,ACC-00646,218.75,2026-09-08 20:00:00,0,,True
TX-002097,ACC-00350,ACC-00997,237.13,2026-09-02 16:00:00,0,,True
TX-002098,ACC-00703,ACC-00731,85.98,2026-08-25 20:00:00,0,,True
TX-002099,ACC-00645,ACC-00663,267.09,2026-08-31 22:00:00,0,,True
TX-002100,ACC-00448,ACC-00082,454.53,2026-08-26 03:00:00,0,,True
TX-002101,ACC-00153,ACC-00131,345.31,2026-09-01 05:00:00,0,,True
TX-002102,ACC-00536,ACC-00438,154.79,2026-09-08 19:00:00,0,,True
TX-002103,ACC-00079,ACC-00940,32.1,2026-09-06 20:00:00,0,,True
TX-002104,ACC-00436,ACC-00423,56.3,2026-08-19 13:00:00,0,,True
TX-002105,ACC-00583,ACC-00833,134.16,2026-09-01 18:00:00,0,,True
TX-002106,ACC-00084,ACC-00788,256.69,2026-09-06 13:00:00,0,,True
TX-002107,ACC-00678,ACC-00474,97.98,2026-09-05 00:00:00,0,,True
TX-002108,ACC-00047,ACC-00086,213.96,2026-08-19 03:00:00,0,,True
TX-002109,ACC-00322,ACC-00602,364.81,2026-08-16 15:00:00,0,,True
TX-002110,ACC-00461,ACC-00639,405.84,2026-08-31 07:00:00,0,,True
TX-002111,ACC-00217,ACC-00190,48.33,2026-08-22 04:00:00,0,,True
TX-002112,ACC-00893,ACC-00690,62.1,2026-08-24 12:00:00,0,,True
TX-002113,ACC-00006,ACC-00405,67.17,2026-09-04 16:00:00,0,,True
TX-002114,ACC-00489,ACC-00472,348.99,2026-08-13 15:00:00,0,,True
TX-002115,ACC-00989,ACC-00763,304.92,2026-08-26 03:00:00,0,,True
TX-002116,ACC-00634,ACC-00833,487.22,2026-08-29 14:00:00,0,,True
TX-002117,ACC-00690,ACC-00987,348.24,2026-08-29 03:00:00,0,,True
TX-002118,ACC-00090,ACC-00129,76.21,2026-09-04 09:00:00,0,,True
TX-002119,ACC-00836,ACC-00017,351.06,2026-09-04 12:00:00,0,,True
TX-002120,ACC-00215,ACC-00493,327.83,2026-08-21 05:00:00,0,,True
TX-002121,ACC-00447,ACC-00863,316.77,2026-08-15 19:00:00,0,,True
TX-002122,ACC-00196,ACC-00089,157.45,2026-08-27 08:00:00,0,,True
TX-002123,ACC-00486,ACC-00433,20.69,2026-09-05 08:00:00,0,,True
TX-002124,ACC-00757,ACC-00720,228.18,2026-08-25 21:00:00,0,,True
TX-002125,ACC-00021,ACC-00881,230.26,2026-09-03 06:00:00,0,,True
TX-002126,ACC-00302,ACC-00584,416.43,2026-08-29 11:00:00,0,,True
TX-002127,ACC-00342,ACC-00009,60.31,2026-08-13 14:00:00,0,,True
TX-002128,ACC-00443,ACC-00426,425.82,2026-08-17 18:00:00,0,,True
TX-002129,ACC-00611,ACC-00749,281.61,2026-09-01 11:00:00,0,,True
TX-002130,ACC-00500,ACC-00410,248.19,2026-08-22 13:00:00,0,,True
TX-002131,ACC-00627,ACC-00958,342.55,2026-08-14 21:00:00,0,,True
TX-002132,ACC-00238,ACC-00732,39.75,2026-09-09 23:00:00,0,,True
TX-002133,ACC-00591,ACC-00324,281.1,2026-09-01 16:00:00,0,,True
TX-002134,ACC-00428,ACC-00911,241.94,2026-08-25 17:00:00,0,,True
TX-002135,ACC-00962,ACC-00662,179.91,2026-08-18 23:00:00,0,,True
TX-002136,ACC-00022,ACC-00166,151.13,2026-09-03 21:00:00,0,,True
TX-002137,ACC-00353,ACC-00449,123.73,2026-09-02 18:00:00,0,,True
TX-002138,ACC-00931,ACC-00702,176.18,2026-08-21 14:00:00,0,,True
TX-002139,ACC-00673,ACC-00480,74.27,2026-08-31 13:00:00,0,,True
TX-002140,ACC-00729,ACC-00400,480.3,2026-08-14 15:00:00,0,,True
TX-002141,ACC-00669,ACC-00753,186.53,2026-08-26 07:00:00,0,,True
TX-002142,ACC-00637,ACC-00213,148.4,2026-08-18 10:00:00,0,,True
TX-002143,ACC-00684,ACC-00495,73.26,2026-09-04 07:00:00,0,,True
TX-002144,ACC-00621,ACC-00504,59.44,2026-08-27 21:00:00,0,,True
TX-002145,ACC-00311,ACC-00241,112.62,2026-09-09 12:00:00,0,,True
TX-002146,ACC-00368,ACC-00903,137.8,2026-08-20 07:00:00,0,,True
TX-002147,ACC-00179,ACC-00848,431.14,2026-08-25 11:00:00,0,,True
TX-002148,ACC-00827,ACC-00066,175.49,2026-09-06 17:00:00,0,,True
TX-002149,ACC-00233,ACC-00124,285.37,2026-08-26 04:00:00,0,,True
TX-002150,ACC-00349,ACC-00804,184.07,2026-09-08 19:00:00,0,,True
TX-002151,ACC-00274,ACC-00918,84.08,2026-08-18 20:00:00,0,,True
TX-002152,ACC-00619,ACC-00686,61.03,2026-09-08 22:00:00,0,,True
TX-002153,ACC-00819,ACC-00469,481.7,2026-08-17 09:00:00,0,,True
TX-002154,ACC-00999,ACC-00109,393.01,2026-08-22 09:00:00,0,,True
TX-002155,ACC-00844,ACC-00576,30.57,2026-09-07 07:00:00,0,,True
TX-002156,ACC-00646,ACC-00121,436.73,2026-08-12 01:00:00,0,,True
TX-002157,ACC-00161,ACC-00746,153.14,2026-08-26 20:00:00,0,,True
TX-002158,ACC-00511,ACC-00751,436.54,2026-09-05 16:00:00,0,,True
TX-002159,ACC-00373,ACC-00343,411.39,2026-09-07 06:00:00,0,,True
TX-002160,ACC-00450,ACC-00993,213.72,2026-08-17 12:00:00,0,,True
TX-002161,ACC-00252,ACC-00855,406.48,2026-08-31 03:00:00,0,,True
TX-002162,ACC-00518,ACC-00176,51.76,2026-08-29 14:00:00,0,,True
TX-002163,ACC-00773,ACC-00425,186.72,2026-08-20 05:00:00,0,,True
TX-002164,ACC-00156,ACC-00772,379.22,2026-08-28 05:00:00,0,,True
TX-002165,ACC-00142,ACC-00822,220.12,2026-08-11 23:00:00,0,,True
TX-002166,ACC-00920,ACC-00470,476.4,2026-08-24 15:00:00,0,,True
TX-002167,ACC-00371,ACC-00967,24.58,2026-09-06 12:00:00,0,,True
TX-002168,ACC-00735,ACC-00826,263.5,2026-09-08 10:00:00,0,,True
TX-002169,ACC-00347,ACC-00323,206.81,2026-08-17 07:00:00,0,,True
TX-002170,ACC-00445,ACC-00063,202.7,2026-09-08 15:00:00,0,,True
TX-002171,ACC-00945,ACC-00657,83.97,2026-08-23 11:00:00,0,,True
TX-002172,ACC-00647,ACC-00731,401.54,2026-08-12 20:00:00,0,,True
TX-002173,ACC-00997,ACC-00303,215.46,2026-08-12 15:00:00,0,,True
TX-002174,ACC-00718,ACC-00567,438.04,2026-08-17 13:00:00,0,,True
TX-002175,ACC-00322,ACC-00932,178.64,2026-08-15 04:00:00,0,,True
TX-002176,ACC-00922,ACC-00541,309.1,2026-09-05 14:00:00,0,,True
TX-002177,ACC-00414,ACC-00457,325.5,2026-08-12 19:00:00,0,,True
TX-002178,ACC-00640,ACC-00808,312.91,2026-08-26 14:00:00,0,,True
TX-002179,ACC-00354,ACC-00909,407.8,2026-08-21 00:00:00,0,,True
TX-002180,ACC-00795,ACC-00203,441.68,2026-09-08 11:00:00,0,,True
TX-002181,ACC-00551,ACC-00343,201.1,2026-08-17 13:00:00,0,,True
TX-002182,ACC-00901,ACC-00130,265.03,2026-08-24 03:00:00,0,,True
TX-002183,ACC-00219,ACC-00096,260.72,2026-08-31 20:00:00,0,,True
TX-002184,ACC-00349,ACC-00776,321.49,2026-09-10 12:00:00,0,,True
TX-002185,ACC-00912,ACC-00816,274.57,2026-09-02 05:00:00,0,,True
TX-002186,ACC-00853,ACC-00793,158.93,2026-08-27 20:00:00,0,,True
TX-002187,ACC-00114,ACC-00750,39.37,2026-08-30 04:00:00,0,,True
TX-002188,ACC-00643,ACC-00520,183.69,2026-09-08 16:00:00,0,,True
TX-002189,ACC-00964,ACC-00128,229.88,2026-08-22 13:00:00,0,,True
TX-002190,ACC-00006,ACC-00465,176.1,2026-09-02 13:00:00,0,,True
TX-002191,ACC-00596,ACC-00580,360.18,2026-08-10 16:00:00,0,,True
TX-002192,ACC-00682,ACC-00547,423.8,2026-09-03 01:00:00,0,,True
TX-002193,ACC-00307,ACC-00292,336.79,2026-08-14 14:00:00,0,,True
TX-002194,ACC-00587,ACC-00689,78.59,2026-08-28 20:00:00,0,,True
TX-002195,ACC-00756,ACC-00254,61.56,2026-08-24 18:00:00,0,,True
TX-002196,ACC-00198,ACC-00843,391.49,2026-08-27 09:00:00,0,,True
TX-002197,ACC-00151,ACC-00729,218.59,2026-08-28 10:00:00,0,,True
TX-002198,ACC-00095,ACC-00064,218.19,2026-09-05 21:00:00,0,,True
TX-002199,ACC-00220,ACC-00457,48.26,2026-08-19 20:00:00,0,,True
TX-002200,ACC-00413,ACC-00603,283.89,2026-08-17 00:00:00,0,,True
TX-002201,ACC-00893,ACC-00271,296.31,2026-08-20 23:00:00,0,,True
TX-002202,ACC-00451,ACC-00706,466.21,2026-08-25 13:00:00,0,,True
TX-002203,ACC-00997,ACC-00427,413.67,2026-09-05 20:00:00,0,,True
TX-002204,ACC-00131,ACC-00497,358.46,2026-09-05 14:00:00,0,,True
TX-002205,ACC-00526,ACC-00884,269.28,2026-08-19 06:00:00,0,,True
TX-002206,ACC-00467,ACC-00485,25.98,2026-09-04 19:00:00,0,,True
TX-002207,ACC-00379,ACC-00944,476.39,2026-08-21 23:00:00,0,,True
TX-002208,ACC-00113,ACC-00124,191.1,2026-09-01 11:00:00,0,,True
TX-002209,ACC-00536,ACC-00157,67.69,2026-09-01 01:00:00,0,,True
TX-002210,ACC-00311,ACC-00302,248.1,2026-08-16 08:00:00,0,,True
TX-002211,ACC-00146,ACC-00803,298.92,2026-09-09 03:00:00,0,,True
TX-002212,ACC-00911,ACC-00291,115.63,2026-08-14 13:00:00,0,,True
TX-002213,ACC-00501,ACC-00003,69.94,2026-08-30 10:00:00,0,,True
TX-002214,ACC-00892,ACC-00046,214.61,2026-08-23 03:00:00,0,,True
TX-002215,ACC-00580,ACC-00464,451.14,2026-08-16 00:00:00,0,,True
TX-002216,ACC-00487,ACC-00855,362.82,2026-08-22 08:00:00,0,,True
TX-002217,ACC-00781,ACC-00142,257.33,2026-08-26 22:00:00,0,,True
TX-002218,ACC-00684,ACC-00460,83.0,2026-08-18 02:00:00,0,,True
TX-002219,ACC-00092,ACC-00820,316.14,2026-08-21 23:00:00,0,,True
TX-002220,ACC-00397,ACC-00239,451.12,2026-08-30 19:00:00,0,,True
TX-002221,ACC-00047,ACC-00982,338.52,2026-08-26 13:00:00,0,,True
TX-002222,ACC-00285,ACC-00662,53.38,2026-09-04 14:00:00,0,,True
TX-002223,ACC-00026,ACC-00586,318.75,2026-08-16 14:00:00,0,,True
TX-002224,ACC-00317,ACC-00575,326.13,2026-08-20 19:00:00,0,,True
TX-002225,ACC-00088,ACC-00198,478.03,2026-08-23 18:00:00,0,,True
TX-002226,ACC-00776,ACC-00055,479.07,2026-08-25 06:00:00,0,,True
TX-002227,ACC-00769,ACC-00488,256.29,2026-09-10 09:00:00,0,,True
TX-002228,ACC-00675,ACC-00959,270.61,2026-08-11 12:00:00,0,,True
TX-002229,ACC-00282,ACC-00806,110.84,2026-08-14 14:00:00,0,,True
TX-002230,ACC-00860,ACC-00909,293.98,2026-09-07 19:00:00,0,,True
TX-002231,ACC-00622,ACC-00329,206.88,2026-09-08 21:00:00,0,,True
TX-002232,ACC-00883,ACC-00957,21.4,2026-08-28 07:00:00,0,,True
TX-002233,ACC-00425,ACC-00025,431.23,2026-08-31 00:00:00,0,,True
TX-002234,ACC-00264,ACC-00094,66.18,2026-09-06 19:00:00,0,,True
TX-002235,ACC-00173,ACC-00293,80.58,2026-09-02 10:00:00,0,,True
TX-002236,ACC-00158,ACC-00315,476.56,2026-08-20 07:00:00,0,,True
TX-002237,ACC-00061,ACC-00630,480.95,2026-09-05 12:00:00,0,,True
TX-002238,ACC-00731,ACC-00060,156.03,2026-09-07 02:00:00,0,,True
TX-002239,ACC-00146,ACC-00423,447.58,2026-09-02 00:00:00,0,,True
TX-002240,ACC-00965,ACC-00848,450.76,2026-09-09 06:00:00,0,,True
TX-002241,ACC-00246,ACC-00771,302.53,2026-09-02 21:00:00,0,,True
TX-002242,ACC-00521,ACC-00771,257.17,2026-08-11 09:00:00,0,,True
TX-002243,ACC-00276,ACC-00063,165.98,2026-08-23 23:00:00,0,,True
TX-002244,ACC-00068,ACC-00496,24.16,2026-08-21 05:00:00,0,,True
TX-002245,ACC-00936,ACC-00908,19.13,2026-08-23 18:00:00,0,,True
TX-002246,ACC-00692,ACC-00104,130.69,2026-08-23 16:00:00,0,,True
TX-002247,ACC-00805,ACC-00129,159.26,2026-08-27 22:00:00,0,,True
TX-002248,ACC-00086,ACC-00867,321.54,2026-09-04 08:00:00,0,,True
TX-002249,ACC-00383,ACC-00554,492.8,2026-08-16 05:00:00,0,,True
TX-002250,ACC-00551,ACC-00976,217.64,2026-08-11 19:00:00,0,,True
TX-002251,ACC-00463,ACC-00043,10.49,2026-08-26 17:00:00,0,,True
TX-002252,ACC-00297,ACC-00669,486.32,2026-09-10 11:00:00,0,,True
TX-002253,ACC-00956,ACC-00944,246.27,2026-08-22 04:00:00,0,,True
TX-002254,ACC-00860,ACC-00697,196.28,2026-08-29 16:00:00,0,,True
TX-002255,ACC-00218,ACC-00600,421.94,2026-09-01 11:00:00,0,,True
TX-002256,ACC-00166,ACC-00757,271.7,2026-09-08 03:00:00,0,,True
TX-002257,ACC-00092,ACC-00405,352.23,2026-08-15 08:00:00,0,,True
TX-002258,ACC-00743,ACC-00570,499.42,2026-08-12 23:00:00,0,,True
TX-002259,ACC-00216,ACC-00626,257.36,2026-08-16 02:00:00,0,,True
TX-002260,ACC-00906,ACC-00699,473.25,2026-08-21 04:00:00,0,,True
TX-002261,ACC-00771,ACC-00725,231.83,2026-09-02 15:00:00,0,,True
TX-002262,ACC-00330,ACC-00350,113.21,2026-08-10 17:00:00,0,,True
TX-002263,ACC-00337,ACC-00017,457.87,2026-09-05 16:00:00,0,,True
TX-002264,ACC-00945,ACC-00003,308.31,2026-09-10 12:00:00,0,,True
TX-002265,ACC-00689,ACC-00178,212.45,2026-08-12 14:00:00,0,,True
TX-002266,ACC-00721,ACC-00501,383.61,2026-08-24 10:00:00,0,,True
TX-002267,ACC-00807,ACC-00898,328.06,2026-09-07 19:00:00,0,,True
TX-002268,ACC-00032,ACC-00914,417.72,2026-08-19 22:00:00,0,,True
TX-002269,ACC-00689,ACC-00127,182.97,2026-08-15 00:00:00,0,,True
TX-002270,ACC-00848,ACC-00616,185.4,2026-09-04 14:00:00,0,,True
TX-002271,ACC-00009,ACC-00128,236.72,2026-08-12 06:00:00,0,,True
TX-002272,ACC-00456,ACC-00010,118.55,2026-09-10 04:00:00,0,,True
TX-002273,ACC-00697,ACC-00944,357.51,2026-09-04 10:00:00,0,,True
TX-002274,ACC-00836,ACC-00629,316.37,2026-08-15 14:00:00,0,,True
TX-002275,ACC-00227,ACC-00240,490.26,2026-08-11 01:00:00,0,,True
TX-002276,ACC-00038,ACC-00288,251.49,2026-08-18 14:00:00,0,,True
TX-002277,ACC-00621,ACC-00215,13.5,2026-08-14 16:00:00,0,,True
TX-002278,ACC-00406,ACC-00114,436.26,2026-08-22 20:00:00,0,,True
TX-002279,ACC-00506,ACC-00175,280.37,2026-08-19 13:00:00,0,,True
TX-002280,ACC-00580,ACC-00689,344.37,2026-08-23 07:00:00,0,,True
TX-002281,ACC-00067,ACC-00603,72.84,2026-09-08 08:00:00,0,,True
TX-002282,ACC-00266,ACC-00956,289.25,2026-09-02 20:00:00,0,,True
TX-002283,ACC-00747,ACC-00802,144.42,2026-08-13 15:00:00,0,,True
TX-002284,ACC-00024,ACC-00994,349.56,2026-08-23 17:00:00,0,,True
TX-002285,ACC-00259,ACC-00698,284.46,2026-08-27 12:00:00,0,,True
TX-002286,ACC-00961,ACC-00438,324.07,2026-08-10 16:00:00,0,,True
TX-002287,ACC-00054,ACC-00875,469.99,2026-08-27 23:00:00,0,,True
TX-002288,ACC-00281,ACC-00125,343.29,2026-08-26 21:00:00,0,,True
TX-002289,ACC-00371,ACC-00530,381.92,2026-08-12 13:00:00,0,,True
TX-002290,ACC-00230,ACC-00049,146.19,2026-08-27 19:00:00,0,,True
TX-002291,ACC-00460,ACC-00324,12.53,2026-09-04 02:00:00,0,,True
TX-002292,ACC-00084,ACC-00902,290.19,2026-09-09 13:00:00,0,,True
TX-002293,ACC-00232,ACC-00707,217.67,2026-09-08 05:00:00,0,,True
TX-002294,ACC-00202,ACC-00169,171.32,2026-09-07 16:00:00,0,,True
TX-002295,ACC-00641,ACC-00100,23.66,2026-08-28 12:00:00,0,,True
TX-002296,ACC-00607,ACC-00817,316.89,2026-08-31 04:00:00,0,,True
TX-002297,ACC-00254,ACC-00111,242.05,2026-08-11 02:00:00,0,,True
TX-002298,ACC-00853,ACC-00056,412.6,2026-08-25 05:00:00,0,,True
TX-002299,ACC-00967,ACC-00075,390.12,2026-08-21 22:00:00,0,,True
TX-002300,ACC-00783,ACC-00098,316.42,2026-08-23 09:00:00,0,,True
TX-002301,ACC-00088,ACC-00998,39.74,2026-09-09 00:00:00,0,,True
TX-002302,ACC-00321,ACC-00912,425.37,2026-09-08 08:00:00,0,,True
TX-002303,ACC-00064,ACC-00942,403.17,2026-09-09 03:00:00,0,,True
TX-002304,ACC-00626,ACC-00642,221.6,2026-09-06 15:00:00,0,,True
TX-002305,ACC-00058,ACC-00573,35.58,2026-08-14 00:00:00,0,,True
TX-002306,ACC-00412,ACC-00099,312.48,2026-08-28 05:00:00,0,,True
TX-002307,ACC-00886,ACC-00614,395.86,2026-08-22 12:00:00,0,,True
TX-002308,ACC-00465,ACC-00394,237.46,2026-08-27 17:00:00,0,,True
TX-002309,ACC-00635,ACC-00104,176.41,2026-08-10 15:00:00,0,,True
TX-002310,ACC-00802,ACC-00027,232.5,2026-08-30 18:00:00,0,,True
TX-002311,ACC-00198,ACC-00111,60.32,2026-08-21 14:00:00,0,,True
TX-002312,ACC-00070,ACC-00608,396.81,2026-09-03 18:00:00,0,,True
TX-002313,ACC-00130,ACC-00653,259.36,2026-08-29 23:00:00,0,,True
TX-002314,ACC-00493,ACC-00743,314.22,2026-09-05 05:00:00,0,,True
TX-002315,ACC-00141,ACC-00817,31.59,2026-09-06 03:00:00,0,,True
TX-002316,ACC-00599,ACC-00447,261.43,2026-08-21 01:00:00,0,,True
TX-002317,ACC-00319,ACC-00598,443.76,2026-08-17 08:00:00,0,,True
TX-002318,ACC-00151,ACC-00481,161.25,2026-08-31 03:00:00,0,,True
TX-002319,ACC-00378,ACC-00994,13.96,2026-08-22 15:00:00,0,,True
TX-002320,ACC-00695,ACC-00149,38.09,2026-08-24 19:00:00,0,,True
TX-002321,ACC-00880,ACC-00056,216.81,2026-09-04 06:00:00,0,,True
TX-002322,ACC-00656,ACC-00931,108.62,2026-09-08 02:00:00,0,,True
TX-002323,ACC-00194,ACC-00684,243.11,2026-08-18 22:00:00,0,,True
TX-002324,ACC-00615,ACC-00710,172.26,2026-08-22 18:00:00,0,,True
TX-002325,ACC-00987,ACC-00344,311.89,2026-08-28 02:00:00,0,,True
TX-002326,ACC-00167,ACC-00108,232.61,2026-08-16 11:00:00,0,,True
TX-002327,ACC-00508,ACC-00225,460.78,2026-08-21 05:00:00,0,,True
TX-002328,ACC-00710,ACC-00236,238.6,2026-09-04 05:00:00,0,,True
TX-002329,ACC-00493,ACC-00753,386.49,2026-08-15 02:00:00,0,,True
TX-002330,ACC-00827,ACC-00758,194.2,2026-08-29 07:00:00,0,,True
TX-002331,ACC-00846,ACC-00007,187.78,2026-09-08 01:00:00,0,,True
TX-002332,ACC-00031,ACC-00569,66.44,2026-08-31 22:00:00,0,,True
TX-002333,ACC-00200,ACC-00647,296.99,2026-08-17 01:00:00,0,,True
TX-002334,ACC-00045,ACC-00999,24.55,2026-09-04 03:00:00,0,,True
TX-002335,ACC-00179,ACC-00225,443.84,2026-08-18 07:00:00,0,,True
TX-002336,ACC-00348,ACC-00868,281.71,2026-09-05 06:00:00,0,,True
TX-002337,ACC-00023,ACC-00181,423.01,2026-08-12 09:00:00,0,,True
TX-002338,ACC-00022,ACC-00852,341.95,2026-08-28 16:00:00,0,,True
TX-002339,ACC-00807,ACC-00907,64.37,2026-08-12 06:00:00,0,,True
TX-002340,ACC-00313,ACC-00468,127.67,2026-08-16 01:00:00,0,,True
TX-002341,ACC-00677,ACC-00176,471.17,2026-08-15 17:00:00,0,,True
TX-002342,ACC-00903,ACC-00445,440.41,2026-09-08 09:00:00,0,,True
TX-002343,ACC-00148,ACC-00904,462.84,2026-08-16 06:00:00,0,,True
TX-002344,ACC-00197,ACC-00546,195.32,2026-08-30 02:00:00,0,,True
TX-002345,ACC-00614,ACC-00440,488.72,2026-09-03 11:00:00,0,,True
TX-002346,ACC-00782,ACC-00631,297.79,2026-08-13 19:00:00,0,,True
TX-002347,ACC-00302,ACC-00809,82.8,2026-09-03 11:00:00,0,,True
TX-002348,ACC-00645,ACC-00815,147.24,2026-09-05 20:00:00,0,,True
TX-002349,ACC-00992,ACC-00599,444.06,2026-09-03 13:00:00,0,,True
TX-002350,ACC-00084,ACC-00804,240.63,2026-08-19 17:00:00,0,,True
TX-002351,ACC-00067,ACC-00172,259.22,2026-08-16 16:00:00,0,,True
TX-002352,ACC-00770,ACC-00522,193.39,2026-08-24 22:00:00,0,,True
TX-002353,ACC-00184,ACC-00330,359.12,2026-08-24 14:00:00,0,,True
TX-002354,ACC-00495,ACC-00733,478.32,2026-08-26 04:00:00,0,,True
TX-002355,ACC-00596,ACC-00411,322.67,2026-08-15 18:00:00,0,,True
TX-002356,ACC-00666,ACC-00038,111.53,2026-08-13 06:00:00,0,,True
TX-002357,ACC-00463,ACC-00884,124.85,2026-09-04 03:00:00,0,,True
TX-002358,ACC-00436,ACC-00911,194.77,2026-09-05 01:00:00,0,,True
TX-002359,ACC-00261,ACC-00564,51.53,2026-08-17 10:00:00,0,,True
TX-002360,ACC-00303,ACC-00456,264.22,2026-09-02 18:00:00,0,,True
TX-002361,ACC-00043,ACC-00477,261.01,2026-08-30 23:00:00,0,,True
TX-002362,ACC-00462,ACC-00479,221.93,2026-08-29 21:00:00,0,,True
TX-002363,ACC-00325,ACC-00280,197.36,2026-09-04 22:00:00,0,,True
TX-002364,ACC-00240,ACC-00272,326.22,2026-08-30 10:00:00,0,,True
TX-002365,ACC-00302,ACC-00863,255.86,2026-08-23 16:00:00,0,,True
TX-002366,ACC-00081,ACC-00805,145.45,2026-09-03 09:00:00,0,,True
TX-002367,ACC-00122,ACC-00074,186.52,2026-08-24 06:00:00,0,,True
TX-002368,ACC-00342,ACC-00202,340.8,2026-09-02 03:00:00,0,,True
TX-002369,ACC-00764,ACC-00836,386.56,2026-08-14 04:00:00,0,,True
TX-002370,ACC-00196,ACC-00723,305.98,2026-09-05 14:00:00,0,,True
TX-002371,ACC-00758,ACC-00557,457.07,2026-09-10 03:00:00,0,,True
TX-002372,ACC-00289,ACC-00843,179.85,2026-08-29 00:00:00,0,,True
TX-002373,ACC-00842,ACC-00594,381.32,2026-09-09 21:00:00,0,,True
TX-002374,ACC-00670,ACC-00525,494.74,2026-08-11 08:00:00,0,,True
TX-002375,ACC-00887,ACC-00408,121.51,2026-08-17 13:00:00,0,,True
TX-002376,ACC-00215,ACC-00486,124.52,2026-08-22 19:00:00,0,,True
TX-002377,ACC-00776,ACC-00480,364.03,2026-08-27 02:00:00,0,,True
TX-002378,ACC-00811,ACC-00088,163.41,2026-09-03 23:00:00,0,,True
TX-002379,ACC-00789,ACC-00965,351.99,2026-09-03 22:00:00,0,,True
TX-002380,ACC-00461,ACC-00874,283.64,2026-08-30 08:00:00,0,,True
TX-002381,ACC-00592,ACC-00895,72.89,2026-08-10 13:00:00,0,,True
TX-002382,ACC-00010,ACC-00512,407.1,2026-08-15 01:00:00,0,,True
TX-002383,ACC-00348,ACC-00231,215.38,2026-08-20 00:00:00,0,,True
TX-002384,ACC-00782,ACC-00798,348.35,2026-09-01 02:00:00,0,,True
TX-002385,ACC-00602,ACC-00024,288.11,2026-09-09 08:00:00,0,,True
TX-002386,ACC-00158,ACC-00976,497.19,2026-08-22 16:00:00,0,,True
TX-002387,ACC-00819,ACC-00618,457.74,2026-08-23 00:00:00,0,,True
TX-002388,ACC-00391,ACC-00210,474.86,2026-09-07 19:00:00,0,,True
TX-002389,ACC-00396,ACC-00193,242.64,2026-08-30 18:00:00,0,,True
TX-002390,ACC-00986,ACC-00463,323.11,2026-09-01 10:00:00,0,,True
TX-002391,ACC-00176,ACC-00107,340.69,2026-09-05 11:00:00,0,,True
TX-002392,ACC-00847,ACC-00706,305.65,2026-09-10 07:00:00,0,,True
TX-002393,ACC-00204,ACC-00072,456.56,2026-08-29 03:00:00,0,,True
TX-002394,ACC-00211,ACC-00239,152.64,2026-08-25 10:00:00,0,,True
TX-002395,ACC-00466,ACC-00059,190.64,2026-09-10 07:00:00,0,,True
TX-002396,ACC-00335,ACC-00881,455.81,2026-08-29 07:00:00,0,,True
TX-002397,ACC-00114,ACC-00133,272.86,2026-08-25 13:00:00,0,,True
TX-002398,ACC-00071,ACC-00399,478.0,2026-08-14 06:00:00,0,,True
TX-002399,ACC-00134,ACC-00892,110.78,2026-08-27 14:00:00,0,,True
TX-002400,ACC-00681,ACC-00487,87.8,2026-08-23 03:00:00,0,,True
TX-002401,ACC-00602,ACC-00208,256.21,2026-08-19 22:00:00,0,,True
TX-002402,ACC-00283,ACC-00207,13.65,2026-09-05 22:00:00,0,,True
TX-002403,ACC-00066,ACC-00845,205.63,2026-08-16 05:00:00,0,,True
TX-002404,ACC-00539,ACC-00337,456.05,2026-08-12 21:00:00,0,,True
TX-002405,ACC-00472,ACC-00474,292.31,2026-08-18 10:00:00,0,,True
TX-002406,ACC-00295,ACC-00662,441.69,2026-08-27 01:00:00,0,,True
TX-002407,ACC-00718,ACC-00863,358.71,2026-09-01 00:00:00,0,,True
TX-002408,ACC-00628,ACC-00844,406.89,2026-09-04 23:00:00,0,,True
TX-002409,ACC-00256,ACC-00184,450.98,2026-08-17 23:00:00,0,,True
TX-002410,ACC-00469,ACC-00394,456.31,2026-09-04 14:00:00,0,,True
TX-002411,ACC-00583,ACC-00098,202.84,2026-08-11 11:00:00,0,,True
TX-002412,ACC-00246,ACC-00907,436.56,2026-09-01 16:00:00,0,,True
TX-002413,ACC-00551,ACC-00299,336.66,2026-09-07 14:00:00,0,,True
TX-002414,ACC-00744,ACC-00740,452.1,2026-08-11 21:00:00,0,,True
TX-002415,ACC-00422,ACC-00781,280.88,2026-08-30 10:00:00,0,,True
TX-002416,ACC-00774,ACC-00108,257.15,2026-08-17 02:00:00,0,,True
TX-002417,ACC-00420,ACC-00462,90.77,2026-09-03 20:00:00,0,,True
TX-002418,ACC-00046,ACC-00474,23.09,2026-08-20 14:00:00,0,,True
TX-002419,ACC-00692,ACC-00768,236.33,2026-08-30 13:00:00,0,,True
TX-002420,ACC-00409,ACC-00877,105.26,2026-09-09 12:00:00,0,,True
TX-002421,ACC-00257,ACC-00118,357.46,2026-09-06 02:00:00,0,,True
TX-002422,ACC-00687,ACC-00767,237.48,2026-08-27 10:00:00,0,,True
TX-002423,ACC-00085,ACC-00562,331.94,2026-08-18 22:00:00,0,,True
TX-002424,ACC-00144,ACC-00483,412.01,2026-08-15 07:00:00,0,,True
TX-002425,ACC-00175,ACC-00859,18.85,2026-09-07 07:00:00,0,,True
TX-002426,ACC-00302,ACC-00128,271.98,2026-08-29 07:00:00,0,,True
TX-002427,ACC-00080,ACC-00688,384.16,2026-08-20 04:00:00,0,,True
TX-002428,ACC-00158,ACC-00452,185.46,2026-09-03 14:00:00,0,,True
TX-002429,ACC-00036,ACC-00915,340.77,2026-09-03 22:00:00,0,,True
TX-002430,ACC-00714,ACC-00049,419.89,2026-08-15 20:00:00,0,,True
TX-002431,ACC-00657,ACC-00679,361.04,2026-08-13 09:00:00,0,,True
TX-002432,ACC-00400,ACC-00707,161.08,2026-09-08 17:00:00,0,,True
TX-002433,ACC-00005,ACC-00050,388.48,2026-08-17 06:00:00,0,,True
TX-002434,ACC-00952,ACC-00256,193.58,2026-09-03 06:00:00,0,,True
TX-002435,ACC-00094,ACC-00017,216.62,2026-09-10 02:00:00,0,,True
TX-002436,ACC-00841,ACC-00197,343.18,2026-09-08 05:00:00,0,,True
TX-002437,ACC-00982,ACC-00904,57.34,2026-08-14 15:00:00,0,,True
TX-002438,ACC-00172,ACC-00742,91.85,2026-08-27 20:00:00,0,,True
TX-002439,ACC-00111,ACC-00836,170.3,2026-08-23 16:00:00,0,,True
TX-002440,ACC-00195,ACC-00640,111.49,2026-08-24 00:00:00,0,,True
TX-002441,ACC-00962,ACC-00439,69.19,2026-09-04 09:00:00,0,,True
TX-002442,ACC-00366,ACC-00332,95.07,2026-08-28 16:00:00,0,,True
TX-002443,ACC-00324,ACC-00013,200.7,2026-08-27 05:00:00,0,,True
TX-002444,ACC-00068,ACC-00674,409.39,2026-08-20 17:00:00,0,,True
TX-002445,ACC-00378,ACC-00045,42.99,2026-09-03 23:00:00,0,,True
TX-002446,ACC-00309,ACC-00786,303.45,2026-09-06 14:00:00,0,,True
TX-002447,ACC-00550,ACC-00811,495.36,2026-08-13 18:00:00,0,,True
TX-002448,ACC-00176,ACC-00258,479.93,2026-08-22 02:00:00,0,,True
TX-002449,ACC-00647,ACC-00714,200.4,2026-08-11 14:00:00,0,,True
TX-002450,ACC-00137,ACC-00341,95.91,2026-08-16 14:00:00,0,,True
TX-002451,ACC-00326,ACC-00872,336.52,2026-09-08 02:00:00,0,,True
TX-002452,ACC-00019,ACC-00624,456.93,2026-08-27 00:00:00,0,,True
TX-002453,ACC-00524,ACC-00656,373.49,2026-08-24 18:00:00,0,,True
TX-002454,ACC-00722,ACC-00014,123.98,2026-08-22 09:00:00,0,,True
TX-002455,ACC-00317,ACC-00243,371.58,2026-08-17 05:00:00,0,,True
TX-002456,ACC-00635,ACC-00082,39.36,2026-08-29 21:00:00,0,,True
TX-002457,ACC-00304,ACC-00207,84.32,2026-09-03 16:00:00,0,,True
TX-002458,ACC-00039,ACC-00244,462.47,2026-08-21 22:00:00,0,,True
TX-002459,ACC-00757,ACC-00899,171.06,2026-09-02 02:00:00,0,,True
TX-002460,ACC-00660,ACC-00806,382.64,2026-08-24 23:00:00,0,,True
TX-002461,ACC-00664,ACC-00833,151.34,2026-09-10 05:00:00,0,,True
TX-002462,ACC-00868,ACC-00751,172.32,2026-09-03 06:00:00,0,,True
TX-002463,ACC-00553,ACC-00056,454.25,2026-08-20 05:00:00,0,,True
TX-002464,ACC-00821,ACC-00704,351.18,2026-09-02 17:00:00,0,,True
TX-002465,ACC-00894,ACC-00391,265.52,2026-09-04 22:00:00,0,,True
TX-002466,ACC-00645,ACC-00007,41.66,2026-08-26 10:00:00,0,,True
TX-002467,ACC-00977,ACC-00198,35.53,2026-09-06 06:00:00,0,,True
TX-002468,ACC-00129,ACC-00094,95.1,2026-08-24 06:00:00,0,,True
TX-002469,ACC-00242,ACC-00520,48.3,2026-08-17 22:00:00,0,,True
TX-002470,ACC-00319,ACC-00169,363.62,2026-09-02 23:00:00,0,,True
TX-002471,ACC-00181,ACC-00621,132.0,2026-08-31 18:00:00,0,,True
TX-002472,ACC-00460,ACC-00991,321.45,2026-09-01 21:00:00,0,,True
TX-002473,ACC-00082,ACC-00974,486.55,2026-08-29 00:00:00,0,,True
TX-002474,ACC-00172,ACC-00483,226.27,2026-08-24 17:00:00,0,,True
TX-002475,ACC-00753,ACC-00444,382.56,2026-08-14 21:00:00,0,,True
TX-002476,ACC-00021,ACC-00781,196.9,2026-08-14 10:00:00,0,,True
TX-002477,ACC-00778,ACC-00929,461.55,2026-08-21 19:00:00,0,,True
TX-002478,ACC-00157,ACC-00567,366.06,2026-09-02 00:00:00,0,,True
TX-002479,ACC-00475,ACC-00314,232.27,2026-08-28 19:00:00,0,,True
TX-002480,ACC-00621,ACC-00493,45.25,2026-09-05 14:00:00,0,,True
TX-002481,ACC-00481,ACC-00201,85.81,2026-09-04 12:00:00,0,,True
TX-002482,ACC-00014,ACC-00883,255.34,2026-08-18 01:00:00,0,,True
TX-002483,ACC-00504,ACC-00415,463.59,2026-08-11 00:00:00,0,,True
TX-002484,ACC-00994,ACC-00761,192.84,2026-08-26 03:00:00,0,,True
TX-002485,ACC-00657,ACC-00603,44.9,2026-08-13 11:00:00,0,,True
TX-002486,ACC-00944,ACC-00128,198.56,2026-08-23 07:00:00,0,,True
TX-002487,ACC-00199,ACC-00782,223.79,2026-09-01 13:00:00,0,,True
TX-002488,ACC-00357,ACC-00522,357.47,2026-08-20 14:00:00,0,,True
TX-002489,ACC-00378,ACC-00714,38.28,2026-08-28 23:00:00,0,,True
TX-002490,ACC-00754,ACC-00253,128.75,2026-09-09 01:00:00,0,,True
TX-002491,ACC-00647,ACC-00724,341.45,2026-08-18 15:00:00,0,,True
TX-002492,ACC-00661,ACC-00152,138.05,2026-08-26 15:00:00,0,,True
TX-002493,ACC-00151,ACC-00261,131.23,2026-08-22 15:00:00,0,,True
TX-002494,ACC-00862,ACC-00166,16.05,2026-08-17 10:00:00,0,,True
TX-002495,ACC-00660,ACC-00729,459.27,2026-08-28 14:00:00,0,,True
TX-002496,ACC-00601,ACC-00998,451.49,2026-08-25 06:00:00,0,,True
TX-002497,ACC-00898,ACC-00434,91.25,2026-08-28 04:00:00,0,,True
TX-002498,ACC-00709,ACC-00310,255.32,2026-08-23 15:00:00,0,,True
TX-002499,ACC-00908,ACC-00392,297.18,2026-08-17 23:00:00,0,,True
TX-002500,ACC-00771,ACC-00898,462.92,2026-08-14 10:00:00,0,,True
TX-002501,ACC-00112,ACC-00652,290.58,2026-08-16 01:00:00,0,,True
TX-002502,ACC-00834,ACC-00147,141.82,2026-09-03 13:00:00,0,,True
TX-002503,ACC-00408,ACC-00716,160.97,2026-09-04 21:00:00,0,,True
TX-002504,ACC-00002,ACC-00100,44.22,2026-08-18 23:00:00,0,,True
TX-002505,ACC-00538,ACC-00427,330.72,2026-08-17 23:00:00,0,,True
TX-002506,ACC-00175,ACC-00181,193.58,2026-08-19 08:00:00,0,,True
TX-002507,ACC-00203,ACC-00499,99.17,2026-08-11 09:00:00,0,,True
TX-002508,ACC-00462,ACC-00581,409.04,2026-09-05 06:00:00,0,,True
TX-002509,ACC-00061,ACC-00768,99.54,2026-08-17 06:00:00,0,,True
TX-002510,ACC-00266,ACC-00924,437.09,2026-08-26 16:00:00,0,,True
TX-002511,ACC-00935,ACC-00640,63.51,2026-08-21 07:00:00,0,,True
TX-002512,ACC-00082,ACC-00301,52.0,2026-09-07 04:00:00,0,,True
TX-002513,ACC-00066,ACC-00351,24.54,2026-09-02 21:00:00,0,,True
TX-002514,ACC-00497,ACC-00689,382.66,2026-09-10 11:00:00,0,,True
TX-002515,ACC-00273,ACC-00770,478.05,2026-08-19 18:00:00,0,,True
TX-002516,ACC-00809,ACC-00043,57.45,2026-08-25 12:00:00,0,,True
TX-002517,ACC-00385,ACC-00618,264.84,2026-08-11 04:00:00,0,,True
TX-002518,ACC-00955,ACC-00498,241.88,2026-08-30 17:00:00,0,,True
TX-002519,ACC-00440,ACC-00345,191.68,2026-08-13 02:00:00,0,,True
TX-002520,ACC-00323,ACC-00837,127.4,2026-08-29 15:00:00,0,,True
TX-002521,ACC-00409,ACC-00388,309.3,2026-08-30 02:00:00,0,,True
TX-002522,ACC-00826,ACC-00103,11.51,2026-08-13 14:00:00,0,,True
TX-002523,ACC-00412,ACC-00743,419.36,2026-08-12 08:00:00,0,,True
TX-002524,ACC-00027,ACC-00617,70.22,2026-08-25 04:00:00,0,,True
TX-002525,ACC-00974,ACC-00717,378.21,2026-09-03 01:00:00,0,,True
TX-002526,ACC-00463,ACC-00634,346.23,2026-08-13 21:00:00,0,,True
TX-002527,ACC-00528,ACC-00424,333.51,2026-09-09 16:00:00,0,,True
TX-002528,ACC-00981,ACC-00965,408.18,2026-09-09 16:00:00,0,,True
TX-002529,ACC-00369,ACC-00895,32.42,2026-08-15 13:00:00,0,,True
TX-002530,ACC-00334,ACC-00695,227.71,2026-08-21 21:00:00,0,,True
TX-002531,ACC-00410,ACC-00757,310.17,2026-09-08 01:00:00,0,,True
TX-002532,ACC-00439,ACC-00962,466.43,2026-08-11 21:00:00,0,,True
TX-002533,ACC-00675,ACC-00878,352.75,2026-09-06 13:00:00,0,,True
TX-002534,ACC-00395,ACC-00301,307.52,2026-08-19 08:00:00,0,,True
TX-002535,ACC-00891,ACC-00533,439.35,2026-08-15 14:00:00,0,,True
TX-002536,ACC-00517,ACC-00033,72.65,2026-08-16 10:00:00,0,,True
TX-002537,ACC-00309,ACC-00853,339.8,2026-08-23 22:00:00,0,,True
TX-002538,ACC-00173,ACC-00918,228.68,2026-09-06 21:00:00,0,,True
TX-002539,ACC-00679,ACC-00554,128.04,2026-09-04 07:00:00,0,,True
TX-002540,ACC-00772,ACC-00967,333.28,2026-09-08 09:00:00,0,,True
TX-002541,ACC-00446,ACC-00733,24.32,2026-08-12 02:00:00,0,,True
TX-002542,ACC-00925,ACC-00393,385.49,2026-09-02 13:00:00,0,,True
TX-002543,ACC-00264,ACC-00682,243.39,2026-08-12 15:00:00,0,,True
TX-002544,ACC-00127,ACC-00682,76.52,2026-08-23 16:00:00,0,,True
TX-002545,ACC-00743,ACC-00504,54.32,2026-08-19 02:00:00,0,,True
TX-002546,ACC-00893,ACC-00230,466.57,2026-08-16 17:00:00,0,,True
TX-002547,ACC-00067,ACC-00660,178.18,2026-08-11 14:00:00,0,,True
TX-002548,ACC-00761,ACC-00754,365.26,2026-08-20 16:00:00,0,,True
TX-002549,ACC-00804,ACC-00576,483.46,2026-08-28 05:00:00,0,,True
TX-002550,ACC-00229,ACC-00266,66.69,2026-09-08 09:00:00,0,,True
TX-002551,ACC-00092,ACC-00349,372.88,2026-08-12 06:00:00,0,,True
TX-002552,ACC-00763,ACC-00965,66.89,2026-08-30 08:00:00,0,,True
TX-002553,ACC-00874,ACC-00321,477.49,2026-08-22 13:00:00,0,,True
TX-002554,ACC-00002,ACC-00319,40.32,2026-08-24 06:00:00,0,,True
TX-002555,ACC-00868,ACC-00398,490.13,2026-08-31 01:00:00,0,,True
TX-002556,ACC-00817,ACC-00696,467.62,2026-09-05 20:00:00,0,,True
TX-002557,ACC-00680,ACC-00617,299.48,2026-09-07 00:00:00,0,,True
TX-002558,ACC-00010,ACC-00552,427.66,2026-08-31 08:00:00,0,,True
TX-002559,ACC-00836,ACC-00966,155.44,2026-09-02 21:00:00,0,,True
TX-002560,ACC-00697,ACC-00467,82.24,2026-09-01 08:00:00,0,,True
TX-002561,ACC-00765,ACC-00682,426.07,2026-08-14 14:00:00,0,,True
TX-002562,ACC-00036,ACC-00614,166.87,2026-08-24 14:00:00,0,,True
TX-002563,ACC-00127,ACC-00281,498.46,2026-08-18 18:00:00,0,,True
TX-002564,ACC-00490,ACC-00647,416.06,2026-08-26 03:00:00,0,,True
TX-002565,ACC-00722,ACC-00990,194.59,2026-08-16 02:00:00,0,,True
TX-002566,ACC-00157,ACC-00848,361.22,2026-08-13 13:00:00,0,,True
TX-002567,ACC-00957,ACC-00830,120.29,2026-08-18 11:00:00,0,,True
TX-002568,ACC-00946,ACC-00887,390.26,2026-08-13 21:00:00,0,,True
TX-002569,ACC-00745,ACC-00402,156.56,2026-08-14 15:00:00,0,,True
TX-002570,ACC-00935,ACC-00869,88.0,2026-09-09 19:00:00,0,,True
TX-002571,ACC-00402,ACC-00346,216.99,2026-08-26 01:00:00,0,,True
TX-002572,ACC-00776,ACC-00401,201.62,2026-08-24 13:00:00,0,,True
TX-002573,ACC-00714,ACC-00946,105.6,2026-08-13 19:00:00,0,,True
TX-002574,ACC-00404,ACC-00100,74.14,2026-08-16 18:00:00,0,,True
TX-002575,ACC-00887,ACC-00825,36.52,2026-08-11 14:00:00,0,,True
TX-002576,ACC-00312,ACC-00469,330.77,2026-08-23 08:00:00,0,,True
TX-002577,ACC-00453,ACC-00713,246.4,2026-08-13 08:00:00,0,,True
TX-002578,ACC-00215,ACC-00224,404.14,2026-09-03 13:00:00,0,,True
TX-002579,ACC-00667,ACC-00010,187.49,2026-08-13 18:00:00,0,,True
TX-002580,ACC-00105,ACC-00695,394.89,2026-08-14 08:00:00,0,,True
TX-002581,ACC-00386,ACC-00974,491.52,2026-08-20 07:00:00,0,,True
TX-002582,ACC-00949,ACC-00058,57.06,2026-08-26 07:00:00,0,,True
TX-002583,ACC-00968,ACC-00054,67.5,2026-08-24 16:00:00,0,,True
TX-002584,ACC-00347,ACC-00608,222.57,2026-09-05 16:00:00,0,,True
TX-002585,ACC-00740,ACC-00414,130.05,2026-09-07 05:00:00,0,,True
TX-002586,ACC-00407,ACC-00501,158.32,2026-08-22 07:00:00,0,,True
TX-002587,ACC-00669,ACC-00764,193.93,2026-08-18 15:00:00,0,,True
TX-002588,ACC-00675,ACC-00092,391.09,2026-08-13 16:00:00,0,,True
TX-002589,ACC-00392,ACC-00282,319.84,2026-08-27 01:00:00,0,,True
TX-002590,ACC-00012,ACC-00123,67.15,2026-09-06 21:00:00,0,,True
TX-002591,ACC-00657,ACC-00685,455.15,2026-09-03 12:00:00,0,,True
TX-002592,ACC-00601,ACC-00587,493.8,2026-08-26 04:00:00,0,,True
TX-002593,ACC-00711,ACC-00764,56.33,2026-08-23 07:00:00,0,,True
TX-002594,ACC-00394,ACC-00496,499.98,2026-08-18 23:00:00,0,,True
TX-002595,ACC-00306,ACC-00586,71.37,2026-08-31 10:00:00,0,,True
TX-002596,ACC-00731,ACC-00931,432.48,2026-08-24 07:00:00,0,,True
TX-002597,ACC-00416,ACC-00833,353.36,2026-08-28 19:00:00,0,,True
TX-002598,ACC-00838,ACC-00550,393.9,2026-08-24 21:00:00,0,,True
TX-002599,ACC-00066,ACC-00532,420.2,2026-08-23 14:00:00,0,,True
TX-002600,ACC-00839,ACC-00810,329.33,2026-08-17 06:00:00,0,,True
TX-002601,ACC-00989,ACC-00675,449.83,2026-09-04 17:00:00,0,,True
TX-002602,ACC-00712,ACC-00185,12.61,2026-08-27 02:00:00,0,,True
TX-002603,ACC-00126,ACC-00041,73.12,2026-09-03 16:00:00,0,,True
TX-002604,ACC-00166,ACC-00090,285.62,2026-08-14 11:00:00,0,,True
TX-002605,ACC-00087,ACC-00128,258.01,2026-08-29 19:00:00,0,,True
TX-002606,ACC-00176,ACC-00434,488.78,2026-08-20 12:00:00,0,,True
TX-002607,ACC-00255,ACC-00308,32.62,2026-08-10 20:00:00,0,,True
TX-002608,ACC-00927,ACC-00802,153.76,2026-08-23 22:00:00,0,,True
TX-002609,ACC-00144,ACC-00591,250.32,2026-08-30 20:00:00,0,,True
TX-002610,ACC-00933,ACC-00361,307.02,2026-08-25 06:00:00,0,,True
TX-002611,ACC-00705,ACC-00102,334.68,2026-09-09 05:00:00,0,,True
TX-002612,ACC-00038,ACC-00193,79.42,2026-08-14 06:00:00,0,,True
TX-002613,ACC-00981,ACC-00138,305.05,2026-09-03 18:00:00,0,,True
TX-002614,ACC-00368,ACC-00285,72.96,2026-08-21 23:00:00,0,,True
TX-002615,ACC-00077,ACC-00564,134.93,2026-08-28 16:00:00,0,,True
TX-002616,ACC-00926,ACC-00168,206.03,2026-09-08 04:00:00,0,,True
TX-002617,ACC-00693,ACC-00436,470.7,2026-09-05 19:00:00,0,,True
TX-002618,ACC-00209,ACC-00073,318.49,2026-09-01 16:00:00,0,,True
TX-002619,ACC-00714,ACC-00662,104.39,2026-08-29 18:00:00,0,,True
TX-002620,ACC-00674,ACC-00664,412.05,2026-08-22 07:00:00,0,,True
TX-002621,ACC-00430,ACC-00842,85.21,2026-08-15 23:00:00,0,,True
TX-002622,ACC-00389,ACC-00027,482.37,2026-09-03 10:00:00,0,,True
TX-002623,ACC-00277,ACC-00128,270.42,2026-08-19 19:00:00,0,,True
TX-002624,ACC-00417,ACC-00068,171.39,2026-09-08 01:00:00,0,,True
TX-002625,ACC-00932,ACC-00342,391.25,2026-09-06 05:00:00,0,,True
TX-002626,ACC-00281,ACC-00011,57.99,2026-09-03 00:00:00,0,,True
TX-002627,ACC-00975,ACC-00108,393.54,2026-09-07 07:00:00,0,,True
TX-002628,ACC-00540,ACC-00746,439.0,2026-08-22 21:00:00,0,,True
TX-002629,ACC-00098,ACC-00542,180.96,2026-08-23 03:00:00,0,,True
TX-002630,ACC-00565,ACC-00278,307.66,2026-08-13 11:00:00,0,,True
TX-002631,ACC-00175,ACC-00326,473.79,2026-08-29 07:00:00,0,,True
TX-002632,ACC-00354,ACC-00826,373.24,2026-08-10 19:00:00,0,,True
TX-002633,ACC-00565,ACC-00609,442.19,2026-08-28 21:00:00,0,,True
TX-002634,ACC-00607,ACC-00131,136.94,2026-08-19 20:00:00,0,,True
TX-002635,ACC-00731,ACC-00160,332.21,2026-09-06 00:00:00,0,,True
TX-002636,ACC-00582,ACC-00754,141.01,2026-08-11 13:00:00,0,,True
TX-002637,ACC-00655,ACC-00998,191.37,2026-08-17 05:00:00,0,,True
TX-002638,ACC-00695,ACC-00624,214.94,2026-08-27 07:00:00,0,,True
TX-002639,ACC-00450,ACC-00363,401.25,2026-08-25 03:00:00,0,,True
TX-002640,ACC-00283,ACC-00976,219.6,2026-08-10 14:00:00,0,,True
TX-002641,ACC-00903,ACC-00946,408.87,2026-08-31 16:00:00,0,,True
TX-002642,ACC-00879,ACC-00090,474.25,2026-08-28 02:00:00,0,,True
TX-002643,ACC-00866,ACC-00093,320.99,2026-09-07 13:00:00,0,,True
TX-002644,ACC-00246,ACC-00968,55.88,2026-08-23 11:00:00,0,,True
TX-002645,ACC-00087,ACC-00762,150.07,2026-08-11 21:00:00,0,,True
TX-002646,ACC-00828,ACC-00896,15.24,2026-08-10 23:00:00,0,,True
TX-002647,ACC-00694,ACC-00521,466.9,2026-09-05 21:00:00,0,,True
TX-002648,ACC-00510,ACC-00528,345.71,2026-08-19 19:00:00,0,,True
TX-002649,ACC-00715,ACC-00128,208.68,2026-08-22 06:00:00,0,,True
TX-002650,ACC-00933,ACC-00852,375.5,2026-08-18 23:00:00,0,,True
TX-002651,ACC-00720,ACC-00548,377.34,2026-09-02 13:00:00,0,,True
TX-002652,ACC-00678,ACC-00974,461.02,2026-08-12 20:00:00,0,,True
TX-002653,ACC-00701,ACC-00624,30.75,2026-08-27 07:00:00,0,,True
TX-002654,ACC-00691,ACC-00953,442.15,2026-08-25 05:00:00,0,,True
TX-002655,ACC-00180,ACC-00077,189.85,2026-09-05 20:00:00,0,,True
TX-002656,ACC-00362,ACC-00976,34.94,2026-08-26 00:00:00,0,,True
TX-002657,ACC-00175,ACC-00383,485.17,2026-08-30 15:00:00,0,,True
TX-002658,ACC-00256,ACC-00852,274.17,2026-08-17 09:00:00,0,,True
TX-002659,ACC-00298,ACC-00307,246.73,2026-09-02 06:00:00,0,,True
TX-002660,ACC-00003,ACC-00756,319.28,2026-08-29 06:00:00,0,,True
TX-002661,ACC-00946,ACC-00313,465.26,2026-08-10 16:00:00,0,,True
TX-002662,ACC-00528,ACC-00846,447.77,2026-08-11 22:00:00,0,,True
TX-002663,ACC-00914,ACC-00633,425.69,2026-09-09 01:00:00,0,,True
TX-002664,ACC-00007,ACC-00631,235.57,2026-09-01 01:00:00,0,,True
TX-002665,ACC-00110,ACC-00006,181.36,2026-08-18 07:00:00,0,,True
TX-002666,ACC-00412,ACC-00364,14.34,2026-08-27 21:00:00,0,,True
TX-002667,ACC-00203,ACC-00087,269.26,2026-08-13 08:00:00,0,,True
TX-002668,ACC-00421,ACC-00127,457.42,2026-09-10 08:00:00,0,,True
TX-002669,ACC-00788,ACC-00673,132.57,2026-08-26 00:00:00,0,,True
TX-002670,ACC-00384,ACC-00307,188.6,2026-08-13 07:00:00,0,,True
TX-002671,ACC-00550,ACC-00832,142.05,2026-08-26 15:00:00,0,,True
TX-002672,ACC-00860,ACC-00450,89.3,2026-08-29 13:00:00,0,,True
TX-002673,ACC-00445,ACC-00006,186.03,2026-08-13 14:00:00,0,,True
TX-002674,ACC-00204,ACC-00114,102.89,2026-09-09 08:00:00,0,,True
TX-002675,ACC-00405,ACC-00432,374.52,2026-08-13 11:00:00,0,,True
TX-002676,ACC-00165,ACC-00683,107.51,2026-08-25 15:00:00,0,,True
TX-002677,ACC-00273,ACC-00122,216.34,2026-08-23 21:00:00,0,,True
TX-002678,ACC-00820,ACC-00699,360.02,2026-08-31 00:00:00,0,,True
TX-002679,ACC-00514,ACC-00744,462.55,2026-08-15 00:00:00,0,,True
TX-002680,ACC-00135,ACC-00113,479.26,2026-08-16 12:00:00,0,,True
TX-002681,ACC-00130,ACC-00160,178.62,2026-09-09 15:00:00,0,,True
TX-002682,ACC-00243,ACC-00054,342.37,2026-08-30 23:00:00,0,,True
TX-002683,ACC-00612,ACC-00756,13.93,2026-08-26 03:00:00,0,,True
TX-002684,ACC-00289,ACC-00498,50.48,2026-08-28 05:00:00,0,,True
TX-002685,ACC-00633,ACC-00157,367.33,2026-09-05 05:00:00,0,,True
TX-002686,ACC-00288,ACC-00786,66.36,2026-09-01 14:00:00,0,,True
TX-002687,ACC-00254,ACC-00683,412.1,2026-09-03 21:00:00,0,,True
TX-002688,ACC-00724,ACC-00802,406.88,2026-08-18 13:00:00,0,,True
TX-002689,ACC-00515,ACC-00626,98.78,2026-08-13 18:00:00,0,,True
TX-002690,ACC-00645,ACC-00650,82.88,2026-09-07 08:00:00,0,,True
TX-002691,ACC-00411,ACC-00040,144.19,2026-09-04 08:00:00,0,,True
TX-002692,ACC-00437,ACC-00019,312.07,2026-09-08 11:00:00,0,,True
TX-002693,ACC-00390,ACC-00418,267.24,2026-08-18 16:00:00,0,,True
TX-002694,ACC-00237,ACC-00228,174.73,2026-08-26 11:00:00,0,,True
TX-002695,ACC-00523,ACC-00438,325.5,2026-09-01 09:00:00,0,,True
TX-002696,ACC-00276,ACC-00373,147.47,2026-08-29 14:00:00,0,,True
TX-002697,ACC-00429,ACC-00253,166.72,2026-09-09 07:00:00,0,,True
TX-002698,ACC-00042,ACC-00001,35.54,2026-08-18 02:00:00,0,,True
TX-002699,ACC-00218,ACC-00293,241.31,2026-08-11 17:00:00,0,,True
TX-002700,ACC-00104,ACC-00442,100.57,2026-08-10 21:00:00,0,,True
TX-002701,ACC-00373,ACC-00343,159.13,2026-09-06 15:00:00,0,,True
TX-002702,ACC-00014,ACC-00700,280.37,2026-08-14 08:00:00,0,,True
TX-002703,ACC-00340,ACC-00370,373.23,2026-08-29 13:00:00,0,,True
TX-002704,ACC-00798,ACC-00604,269.14,2026-08-30 05:00:00,0,,True
TX-002705,ACC-00666,ACC-00283,112.92,2026-08-29 10:00:00,0,,True
TX-002706,ACC-00909,ACC-00109,73.94,2026-08-17 17:00:00,0,,True
TX-002707,ACC-00124,ACC-00043,297.42,2026-08-11 16:00:00,0,,True
TX-002708,ACC-00838,ACC-00196,104.53,2026-08-27 09:00:00,0,,True
TX-002709,ACC-00077,ACC-00965,277.82,2026-08-31 03:00:00,0,,True
TX-002710,ACC-00743,ACC-00486,494.93,2026-09-03 19:00:00,0,,True
TX-002711,ACC-00739,ACC-00158,31.47,2026-09-03 23:00:00,0,,True
TX-002712,ACC-00564,ACC-00729,133.74,2026-08-12 19:00:00,0,,True
TX-002713,ACC-00999,ACC-00356,448.51,2026-08-26 16:00:00,0,,True
TX-002714,ACC-00735,ACC-00121,456.32,2026-09-07 21:00:00,0,,True
TX-002715,ACC-00430,ACC-00537,466.35,2026-08-25 12:00:00,0,,True
TX-002716,ACC-00171,ACC-00614,144.33,2026-08-11 08:00:00,0,,True
TX-002717,ACC-00297,ACC-00047,478.34,2026-09-08 14:00:00,0,,True
TX-002718,ACC-00195,ACC-00759,409.12,2026-08-25 15:00:00,0,,True
TX-002719,ACC-00546,ACC-00892,261.61,2026-09-08 07:00:00,0,,True
TX-002720,ACC-00449,ACC-00769,259.55,2026-08-24 00:00:00,0,,True
TX-002721,ACC-00411,ACC-00622,143.03,2026-09-05 12:00:00,0,,True
TX-002722,ACC-00164,ACC-00586,116.73,2026-08-19 12:00:00,0,,True
TX-002723,ACC-00901,ACC-00951,397.42,2026-08-26 20:00:00,0,,True
TX-002724,ACC-00725,ACC-00738,267.29,2026-09-01 05:00:00,0,,True
TX-002725,ACC-00304,ACC-00726,141.57,2026-09-07 07:00:00,0,,True
TX-002726,ACC-00230,ACC-00047,271.45,2026-09-01 11:00:00,0,,True
TX-002727,ACC-00655,ACC-00152,471.6,2026-09-02 08:00:00,0,,True
TX-002728,ACC-00277,ACC-00895,397.4,2026-08-21 05:00:00,0,,True
TX-002729,ACC-00844,ACC-00216,271.95,2026-09-09 16:00:00,0,,True
TX-002730,ACC-00356,ACC-00648,306.53,2026-08-30 02:00:00,0,,True
TX-002731,ACC-00086,ACC-00970,355.68,2026-08-24 04:00:00,0,,True
TX-002732,ACC-00740,ACC-00137,210.09,2026-08-22 03:00:00,0,,True
TX-002733,ACC-00333,ACC-00059,316.72,2026-09-10 01:00:00,0,,True
TX-002734,ACC-00225,ACC-00749,482.96,2026-09-05 04:00:00,0,,True
TX-002735,ACC-00995,ACC-00017,273.32,2026-08-13 18:00:00,0,,True
TX-002736,ACC-00109,ACC-00740,375.43,2026-08-28 16:00:00,0,,True
TX-002737,ACC-00264,ACC-00891,316.85,2026-08-21 19:00:00,0,,True
TX-002738,ACC-00212,ACC-00837,226.67,2026-08-31 04:00:00,0,,True
TX-002739,ACC-00209,ACC-00596,318.6,2026-08-14 00:00:00,0,,True
TX-002740,ACC-00160,ACC-00457,123.54,2026-08-17 23:00:00,0,,True
TX-002741,ACC-00378,ACC-00152,452.06,2026-09-07 21:00:00,0,,True
TX-002742,ACC-00186,ACC-00471,100.66,2026-08-14 07:00:00,0,,True
TX-002743,ACC-00194,ACC-00584,250.35,2026-08-18 07:00:00,0,,True
TX-002744,ACC-00664,ACC-00289,20.31,2026-09-05 07:00:00,0,,True
TX-002745,ACC-00838,ACC-00404,346.81,2026-09-04 10:00:00,0,,True
TX-002746,ACC-00147,ACC-00074,218.93,2026-08-26 16:00:00,0,,True
TX-002747,ACC-00994,ACC-00413,59.11,2026-08-25 08:00:00,0,,True
TX-002748,ACC-00745,ACC-00769,405.92,2026-08-22 09:00:00,0,,True
TX-002749,ACC-00387,ACC-00394,20.15,2026-08-15 12:00:00,0,,True
TX-002750,ACC-00782,ACC-00851,325.8,2026-09-09 08:00:00,0,,True
TX-002751,ACC-00255,ACC-00789,50.96,2026-09-05 16:00:00,0,,True
TX-002752,ACC-00615,ACC-00014,398.28,2026-09-10 09:00:00,0,,True
TX-002753,ACC-00556,ACC-00754,410.95,2026-08-13 14:00:00,0,,True
TX-002754,ACC-00088,ACC-00208,78.22,2026-08-16 18:00:00,0,,True
TX-002755,ACC-00914,ACC-00455,409.58,2026-09-01 02:00:00,0,,True
TX-002756,ACC-00491,ACC-00159,129.47,2026-08-23 14:00:00,0,,True
TX-002757,ACC-00274,ACC-00643,276.37,2026-09-10 11:00:00,0,,True
TX-002758,ACC-00106,ACC-00558,155.4,2026-08-24 23:00:00,0,,True
TX-002759,ACC-00146,ACC-00002,456.96,2026-09-10 05:00:00,0,,True
TX-002760,ACC-00438,ACC-00395,82.21,2026-08-21 03:00:00,0,,True
TX-002761,ACC-00232,ACC-00944,440.71,2026-08-28 15:00:00,0,,True
TX-002762,ACC-00906,ACC-00733,413.16,2026-09-06 21:00:00,0,,True
TX-002763,ACC-00174,ACC-00113,120.02,2026-08-11 03:00:00,0,,True
TX-002764,ACC-00366,ACC-00079,311.69,2026-09-07 01:00:00,0,,True
TX-002765,ACC-00946,ACC-00947,460.74,2026-08-13 11:00:00,0,,True
TX-002766,ACC-00620,ACC-00155,97.25,2026-08-25 02:00:00,0,,True
TX-002767,ACC-00615,ACC-00186,342.92,2026-09-05 15:00:00,0,,True
TX-002768,ACC-00704,ACC-00309,316.13,2026-09-01 01:00:00,0,,True
TX-002769,ACC-00897,ACC-00107,142.84,2026-08-25 15:00:00,0,,True
TX-002770,ACC-00378,ACC-00956,140.05,2026-08-11 14:00:00,0,,True
TX-002771,ACC-00818,ACC-00079,396.54,2026-08-14 08:00:00,0,,True
TX-002772,ACC-00797,ACC-00672,81.83,2026-09-06 00:00:00,0,,True
TX-002773,ACC-00458,ACC-00739,400.46,2026-08-26 10:00:00,0,,True
TX-002774,ACC-00116,ACC-00592,219.45,2026-08-18 04:00:00,0,,True
TX-002775,ACC-00149,ACC-00093,168.3,2026-09-06 07:00:00,0,,True
TX-002776,ACC-00786,ACC-00395,182.78,2026-08-25 23:00:00,0,,True
TX-002777,ACC-00493,ACC-00711,486.7,2026-08-21 16:00:00,0,,True
TX-002778,ACC-00342,ACC-00142,403.05,2026-08-21 05:00:00,0,,True
TX-002779,ACC-00393,ACC-00429,279.18,2026-08-23 19:00:00,0,,True
TX-002780,ACC-00505,ACC-00546,272.74,2026-09-03 00:00:00,0,,True
TX-002781,ACC-00086,ACC-00595,360.31,2026-08-24 18:00:00,0,,True
TX-002782,ACC-00796,ACC-00711,407.53,2026-09-02 14:00:00,0,,True
TX-002783,ACC-00090,ACC-00241,187.24,2026-09-04 12:00:00,0,,True
TX-002784,ACC-00372,ACC-00572,242.22,2026-09-06 09:00:00,0,,True
TX-002785,ACC-00062,ACC-00934,181.18,2026-08-14 08:00:00,0,,True
TX-002786,ACC-00302,ACC-00472,80.63,2026-08-13 19:00:00,0,,True
TX-002787,ACC-00996,ACC-00954,457.35,2026-09-03 06:00:00,0,,True
TX-002788,ACC-00848,ACC-00230,37.37,2026-09-06 09:00:00,0,,True
TX-002789,ACC-00986,ACC-00713,354.94,2026-08-28 13:00:00,0,,True
TX-002790,ACC-00027,ACC-00713,482.81,2026-08-30 11:00:00,0,,True
TX-002791,ACC-00719,ACC-00109,334.75,2026-09-07 21:00:00,0,,True
TX-002792,ACC-00858,ACC-00609,436.53,2026-09-10 08:00:00,0,,True
TX-002793,ACC-00375,ACC-00145,48.71,2026-09-08 12:00:00,0,,True
TX-002794,ACC-00583,ACC-00852,408.72,2026-09-06 07:00:00,0,,True
TX-002795,ACC-00482,ACC-00762,78.66,2026-08-24 14:00:00,0,,True
TX-002796,ACC-00972,ACC-00307,240.39,2026-08-18 02:00:00,0,,True
TX-002797,ACC-00455,ACC-00801,325.98,2026-09-10 03:00:00,0,,True
TX-002798,ACC-00114,ACC-00160,39.4,2026-08-21 11:00:00,0,,True
TX-002799,ACC-00619,ACC-00770,95.05,2026-09-05 12:00:00,0,,True
TX-002800,ACC-00406,ACC-00853,217.57,2026-08-10 22:00:00,0,,True
TX-002801,ACC-00568,ACC-00729,416.46,2026-08-11 18:00:00,0,,True
TX-002802,ACC-00514,ACC-00314,357.58,2026-08-28 07:00:00,0,,True
TX-002803,ACC-00279,ACC-00997,55.05,2026-08-29 08:00:00,0,,True
TX-002804,ACC-00761,ACC-00217,206.2,2026-09-09 05:00:00,0,,True
TX-002805,ACC-00402,ACC-00189,413.03,2026-08-23 17:00:00,0,,True
TX-002806,ACC-00862,ACC-00080,410.11,2026-08-26 21:00:00,0,,True
TX-002807,ACC-00321,ACC-00669,324.53,2026-08-15 00:00:00,0,,True
TX-002808,ACC-00169,ACC-00056,403.64,2026-08-20 23:00:00,0,,True
TX-002809,ACC-00200,ACC-00277,63.12,2026-09-08 01:00:00,0,,True
TX-002810,ACC-00618,ACC-00798,424.84,2026-09-10 05:00:00,0,,True
TX-002811,ACC-00289,ACC-00167,275.37,2026-09-08 06:00:00,0,,True
TX-002812,ACC-00612,ACC-00012,380.7,2026-09-01 06:00:00,0,,True
TX-002813,ACC-00565,ACC-00207,322.81,2026-09-09 05:00:00,0,,True
TX-002814,ACC-00276,ACC-00088,488.56,2026-08-23 11:00:00,0,,True
TX-002815,ACC-00578,ACC-00810,247.07,2026-09-09 02:00:00,0,,True
TX-002816,ACC-00096,ACC-00967,161.22,2026-08-30 03:00:00,0,,True
TX-002817,ACC-00982,ACC-00408,255.11,2026-08-31 00:00:00,0,,True
TX-002818,ACC-00744,ACC-00365,487.19,2026-08-18 15:00:00,0,,True
TX-002819,ACC-00100,ACC-00340,209.57,2026-08-17 20:00:00,0,,True
TX-002820,ACC-00104,ACC-00515,405.67,2026-09-06 12:00:00,0,,True
TX-002821,ACC-00602,ACC-00816,197.23,2026-08-23 11:00:00,0,,True
TX-002822,ACC-00298,ACC-00166,84.25,2026-08-27 10:00:00,0,,True
TX-002823,ACC-00907,ACC-00641,55.71,2026-08-19 05:00:00,0,,True
TX-002824,ACC-00906,ACC-00221,405.66,2026-08-21 08:00:00,0,,True
TX-002825,ACC-00788,ACC-00736,88.91,2026-08-10 20:00:00,0,,True
TX-002826,ACC-00529,ACC-00747,308.28,2026-08-25 02:00:00,0,,True
TX-002827,ACC-00459,ACC-00805,74.29,2026-09-01 01:00:00,0,,True
TX-002828,ACC-00639,ACC-00877,470.67,2026-09-08 14:00:00,0,,True
TX-002829,ACC-00793,ACC-00700,199.94,2026-09-03 17:00:00,0,,True
TX-002830,ACC-00622,ACC-00077,479.43,2026-08-22 16:00:00,0,,True
TX-002831,ACC-00510,ACC-00100,404.32,2026-09-06 03:00:00,0,,True
TX-002832,ACC-00561,ACC-00889,484.78,2026-08-16 10:00:00,0,,True
TX-002833,ACC-00511,ACC-00097,232.86,2026-09-05 03:00:00,0,,True
TX-002834,ACC-00166,ACC-00070,147.26,2026-08-30 01:00:00,0,,True
TX-002835,ACC-00092,ACC-00073,97.8,2026-08-16 22:00:00,0,,True
TX-002836,ACC-00265,ACC-00485,489.46,2026-08-16 22:00:00,0,,True
TX-002837,ACC-00666,ACC-00947,78.82,2026-09-06 18:00:00,0,,True
TX-002838,ACC-00500,ACC-00041,188.1,2026-09-01 00:00:00,0,,True
TX-002839,ACC-00419,ACC-00878,313.64,2026-08-20 08:00:00,0,,True
TX-002840,ACC-00452,ACC-00376,261.11,2026-08-22 02:00:00,0,,True
TX-002841,ACC-00383,ACC-00086,344.28,2026-08-24 22:00:00,0,,True
TX-002842,ACC-00270,ACC-00899,439.01,2026-08-20 11:00:00,0,,True
TX-002843,ACC-00636,ACC-00660,37.96,2026-08-16 05:00:00,0,,True
TX-002844,ACC-00717,ACC-00841,284.79,2026-09-06 09:00:00,0,,True
TX-002845,ACC-00298,ACC-00385,87.52,2026-08-29 10:00:00,0,,True
TX-002846,ACC-00229,ACC-00398,438.34,2026-08-20 10:00:00,0,,True
TX-002847,ACC-00358,ACC-00478,239.56,2026-08-23 22:00:00,0,,True
TX-002848,ACC-00112,ACC-00088,98.33,2026-09-07 00:00:00,0,,True
TX-002849,ACC-00787,ACC-00444,107.74,2026-08-31 10:00:00,0,,True
TX-002850,ACC-00325,ACC-00351,498.25,2026-08-26 06:00:00,0,,True
TX-002851,ACC-00720,ACC-00760,243.35,2026-09-01 22:00:00,0,,True
TX-002852,ACC-00040,ACC-00559,86.31,2026-08-26 08:00:00,0,,True
TX-002853,ACC-00656,ACC-00219,166.89,2026-09-08 17:00:00,0,,True
TX-002854,ACC-00793,ACC-00390,40.58,2026-08-16 01:00:00,0,,True
TX-002855,ACC-00809,ACC-00441,489.49,2026-09-04 11:00:00,0,,True
TX-002856,ACC-00217,ACC-00889,21.24,2026-08-16 15:00:00,0,,True
TX-002857,ACC-00434,ACC-00277,133.51,2026-09-05 10:00:00,0,,True
TX-002858,ACC-00146,ACC-00071,144.21,2026-09-08 03:00:00,0,,True
TX-002859,ACC-00895,ACC-00730,231.2,2026-08-27 20:00:00,0,,True
TX-002860,ACC-00220,ACC-00686,447.61,2026-09-05 11:00:00,0,,True
TX-002861,ACC-00095,ACC-00917,451.8,2026-08-31 03:00:00,0,,True
TX-002862,ACC-00169,ACC-00204,181.15,2026-08-27 21:00:00,0,,True
TX-002863,ACC-00487,ACC-00549,347.53,2026-09-04 14:00:00,0,,True
TX-002864,ACC-00448,ACC-00364,457.17,2026-08-23 00:00:00,0,,True
TX-002865,ACC-00843,ACC-00011,284.85,2026-08-12 17:00:00,0,,True
TX-002866,ACC-00204,ACC-00080,364.13,2026-08-22 17:00:00,0,,True
TX-002867,ACC-00149,ACC-00332,335.39,2026-08-14 13:00:00,0,,True
TX-002868,ACC-00761,ACC-00846,370.99,2026-08-31 12:00:00,0,,True
TX-002869,ACC-00155,ACC-00919,234.74,2026-09-05 21:00:00,0,,True
TX-002870,ACC-00886,ACC-00325,65.67,2026-08-19 23:00:00,0,,True
TX-002871,ACC-00270,ACC-00534,363.92,2026-08-27 08:00:00,0,,True
TX-002872,ACC-00650,ACC-00461,323.07,2026-08-23 09:00:00,0,,True
TX-002873,ACC-00038,ACC-00224,375.4,2026-09-03 23:00:00,0,,True
TX-002874,ACC-00714,ACC-00560,389.45,2026-08-22 00:00:00,0,,True
TX-002875,ACC-00222,ACC-00357,112.78,2026-09-03 15:00:00,0,,True
TX-002876,ACC-00591,ACC-00979,17.04,2026-08-15 01:00:00,0,,True
TX-002877,ACC-00017,ACC-00310,449.36,2026-08-25 09:00:00,0,,True
TX-002878,ACC-00717,ACC-00512,327.97,2026-08-26 23:00:00,0,,True
TX-002879,ACC-00421,ACC-00361,182.58,2026-08-23 23:00:00,0,,True
TX-002880,ACC-00536,ACC-00998,384.89,2026-09-07 07:00:00,0,,True
TX-002881,ACC-00470,ACC-00439,192.83,2026-08-23 17:00:00,0,,True
TX-002882,ACC-00167,ACC-00556,223.58,2026-08-31 15:00:00,0,,True
TX-002883,ACC-00706,ACC-00697,224.37,2026-08-31 14:00:00,0,,True
TX-002884,ACC-00636,ACC-00961,463.32,2026-08-14 09:00:00,0,,True
TX-002885,ACC-00090,ACC-00826,420.24,2026-09-07 16:00:00,0,,True
TX-002886,ACC-00017,ACC-00632,466.92,2026-09-06 21:00:00,0,,True
TX-002887,ACC-00768,ACC-00770,315.67,2026-08-24 09:00:00,0,,True
TX-002888,ACC-00649,ACC-00455,256.65,2026-08-16 11:00:00,0,,True
TX-002889,ACC-00684,ACC-00297,427.34,2026-09-04 05:00:00,0,,True
TX-002890,ACC-00796,ACC-00466,280.28,2026-09-07 06:00:00,0,,True
TX-002891,ACC-00877,ACC-00481,475.77,2026-08-29 22:00:00,0,,True
TX-002892,ACC-00423,ACC-00930,412.0,2026-08-18 13:00:00,0,,True
TX-002893,ACC-00406,ACC-00008,470.41,2026-08-16 05:00:00,0,,True
TX-002894,ACC-00520,ACC-00291,141.13,2026-08-20 04:00:00,0,,True
TX-002895,ACC-00315,ACC-00859,452.31,2026-08-11 23:00:00,0,,True
TX-002896,ACC-00690,ACC-00248,12.04,2026-08-11 23:00:00,0,,True
TX-002897,ACC-00034,ACC-00016,22.86,2026-08-16 01:00:00,0,,True
TX-002898,ACC-00861,ACC-00837,264.29,2026-08-17 17:00:00,0,,True
TX-002899,ACC-00326,ACC-00344,93.5,2026-08-22 23:00:00,0,,True
TX-002900,ACC-00248,ACC-00570,487.01,2026-09-03 17:00:00,0,,True
TX-002901,ACC-00660,ACC-00403,415.99,2026-08-15 18:00:00,0,,True
TX-002902,ACC-00440,ACC-00132,470.3,2026-08-28 13:00:00,0,,True
TX-002903,ACC-00178,ACC-00413,453.04,2026-08-25 07:00:00,0,,True
TX-002904,ACC-00448,ACC-00237,58.79,2026-08-16 08:00:00,0,,True
TX-002905,ACC-00517,ACC-00122,319.41,2026-08-16 00:00:00,0,,True
TX-002906,ACC-00864,ACC-00781,317.39,2026-09-01 19:00:00,0,,True
TX-002907,ACC-00163,ACC-00972,167.98,2026-09-08 10:00:00,0,,True
TX-002908,ACC-00027,ACC-00448,15.65,2026-08-16 18:00:00,0,,True
TX-002909,ACC-00157,ACC-00029,312.87,2026-08-24 10:00:00,0,,True
TX-002910,ACC-00586,ACC-00392,22.39,2026-08-18 08:00:00,0,,True
TX-002911,ACC-00465,ACC-00650,319.44,2026-08-30 07:00:00,0,,True
TX-002912,ACC-00246,ACC-00669,449.98,2026-09-01 06:00:00,0,,True
TX-002913,ACC-00549,ACC-00861,130.17,2026-08-17 00:00:00,0,,True
TX-002914,ACC-00789,ACC-00267,333.04,2026-09-02 10:00:00,0,,True
TX-002915,ACC-00958,ACC-00148,317.44,2026-08-20 18:00:00,0,,True
TX-002916,ACC-00888,ACC-00106,64.36,2026-08-11 17:00:00,0,,True
TX-002917,ACC-00126,ACC-00110,79.5,2026-09-02 07:00:00,0,,True
TX-002918,ACC-00096,ACC-00080,252.18,2026-08-30 06:00:00,0,,True
TX-002919,ACC-00401,ACC-00104,250.61,2026-09-09 23:00:00,0,,True
TX-002920,ACC-00076,ACC-00499,480.02,2026-09-08 06:00:00,0,,True
TX-002921,ACC-00704,ACC-00430,193.87,2026-08-30 16:00:00,0,,True
TX-002922,ACC-00931,ACC-00462,406.19,2026-09-05 03:00:00,0,,True
TX-002923,ACC-00011,ACC-00926,97.55,2026-08-22 16:00:00,0,,True
TX-002924,ACC-00622,ACC-00876,25.41,2026-08-31 01:00:00,0,,True
TX-002925,ACC-00496,ACC-00629,304.0,2026-09-10 07:00:00,0,,True
TX-002926,ACC-00535,ACC-00760,134.71,2026-09-07 06:00:00,0,,True
TX-002927,ACC-00621,ACC-00031,272.62,2026-08-24 20:00:00,0,,True
TX-002928,ACC-00780,ACC-00157,115.99,2026-08-30 09:00:00,0,,True
TX-002929,ACC-00921,ACC-00223,24.45,2026-09-06 05:00:00,0,,True
TX-002930,ACC-00086,ACC-00746,348.88,2026-09-06 04:00:00,0,,True
TX-002931,ACC-00281,ACC-00494,107.63,2026-09-08 01:00:00,0,,True
TX-002932,ACC-00726,ACC-00565,329.44,2026-08-26 13:00:00,0,,True
TX-002933,ACC-00829,ACC-00508,223.67,2026-08-11 00:00:00,0,,True
TX-002934,ACC-00945,ACC-00198,132.55,2026-09-03 15:00:00,0,,True
TX-002935,ACC-00867,ACC-00909,361.52,2026-08-11 00:00:00,0,,True
TX-002936,ACC-00106,ACC-00598,398.65,2026-08-23 03:00:00,0,,True
TX-002937,ACC-00170,ACC-00814,110.86,2026-08-17 21:00:00,0,,True
TX-002938,ACC-00444,ACC-00905,228.62,2026-08-21 13:00:00,0,,True
TX-002939,ACC-00279,ACC-00836,166.19,2026-09-06 17:00:00,0,,True
TX-002940,ACC-00393,ACC-00440,107.86,2026-08-30 01:00:00,0,,True
TX-002941,ACC-00920,ACC-00648,411.48,2026-08-27 07:00:00,0,,True
TX-002942,ACC-00911,ACC-00035,479.47,2026-09-01 18:00:00,0,,True
TX-002943,ACC-00420,ACC-00301,305.9,2026-08-12 16:00:00,0,,True
TX-002944,ACC-00974,ACC-00989,269.94,2026-08-29 12:00:00,0,,True
TX-002945,ACC-00118,ACC-00185,406.43,2026-08-28 07:00:00,0,,True
TX-002946,ACC-00367,ACC-00252,45.59,2026-08-20 01:00:00,0,,True
TX-002947,ACC-00381,ACC-00149,391.96,2026-09-07 12:00:00,0,,True
TX-002948,ACC-00327,ACC-00705,15.34,2026-08-31 06:00:00,0,,True
TX-002949,ACC-00477,ACC-00582,399.67,2026-08-13 05:00:00,0,,True
TX-002950,ACC-00576,ACC-00068,198.94,2026-08-22 06:00:00,0,,True
TX-002951,ACC-00540,ACC-00223,60.43,2026-09-01 14:00:00,0,,True
TX-002952,ACC-00623,ACC-00969,442.85,2026-08-13 15:00:00,0,,True
TX-002953,ACC-00077,ACC-00588,447.41,2026-08-27 15:00:00,0,,True
TX-002954,ACC-00775,ACC-00446,165.71,2026-08-31 06:00:00,0,,True
TX-002955,ACC-00202,ACC-00051,403.34,2026-08-26 11:00:00,0,,True
TX-002956,ACC-00282,ACC-00432,68.44,2026-08-27 07:00:00,0,,True
TX-002957,ACC-00616,ACC-00335,299.67,2026-09-02 18:00:00,0,,True
TX-002958,ACC-00022,ACC-00292,18.74,2026-08-15 18:00:00,0,,True
TX-002959,ACC-00005,ACC-00934,236.27,2026-09-06 00:00:00,0,,True
TX-002960,ACC-00038,ACC-00918,271.4,2026-08-25 11:00:00,0,,True
TX-002961,ACC-00346,ACC-00661,17.97,2026-08-26 09:00:00,0,,True
TX-002962,ACC-00850,ACC-00822,213.39,2026-09-01 04:00:00,0,,True
TX-002963,ACC-00325,ACC-00772,179.45,2026-09-07 19:00:00,0,,True
TX-002964,ACC-00794,ACC-00321,251.97,2026-09-09 00:00:00,0,,True
TX-002965,ACC-00306,ACC-00714,492.14,2026-08-25 16:00:00,0,,True
TX-002966,ACC-00991,ACC-00933,69.49,2026-08-29 17:00:00,0,,True
TX-002967,ACC-00106,ACC-00030,119.77,2026-08-15 12:00:00,0,,True
TX-002968,ACC-00143,ACC-00108,496.83,2026-08-13 14:00:00,0,,True
TX-002969,ACC-00742,ACC-00447,120.91,2026-09-08 06:00:00,0,,True
TX-002970,ACC-00742,ACC-00924,408.02,2026-08-14 19:00:00,0,,True
TX-002971,ACC-00006,ACC-00957,347.24,2026-09-09 04:00:00,0,,True
TX-002972,ACC-00905,ACC-00804,31.11,2026-09-09 03:00:00,0,,True
TX-002973,ACC-00077,ACC-00271,171.37,2026-08-22 00:00:00,0,,True
TX-002974,ACC-00277,ACC-00716,93.47,2026-09-05 18:00:00,0,,True
TX-002975,ACC-00472,ACC-00123,71.88,2026-08-14 08:00:00,0,,True
TX-002976,ACC-00772,ACC-00599,445.02,2026-08-10 23:00:00,0,,True
TX-002977,ACC-00653,ACC-00458,337.44,2026-08-24 20:00:00,0,,True
TX-002978,ACC-00247,ACC-00592,244.18,2026-08-26 04:00:00,0,,True
TX-002979,ACC-00330,ACC-00792,368.12,2026-09-03 10:00:00,0,,True
TX-002980,ACC-00271,ACC-00785,155.15,2026-09-08 01:00:00,0,,True
TX-002981,ACC-00572,ACC-00856,437.71,2026-08-19 16:00:00,0,,True
TX-002982,ACC-00753,ACC-00877,110.89,2026-09-08 10:00:00,0,,True
TX-002983,ACC-00996,ACC-00507,39.53,2026-09-09 15:00:00,0,,True
TX-002984,ACC-00222,ACC-00480,411.07,2026-09-03 21:00:00,0,,True
TX-002985,ACC-00108,ACC-00349,112.24,2026-08-22 20:00:00,0,,True
TX-002986,ACC-00527,ACC-00880,163.55,2026-08-11 03:00:00,0,,True
TX-002987,ACC-00726,ACC-00465,331.09,2026-08-13 20:00:00,0,,True
TX-002988,ACC-00109,ACC-00937,73.73,2026-08-12 01:00:00,0,,True
TX-002989,ACC-00395,ACC-00999,231.69,2026-08-21 20:00:00,0,,True
TX-002990,ACC-00208,ACC-00799,206.1,2026-09-08 04:00:00,0,,True
TX-002991,ACC-00434,ACC-00169,346.27,2026-08-10 18:00:00,0,,True
TX-002992,ACC-00664,ACC-00105,82.17,2026-08-13 09:00:00,0,,True
TX-002993,ACC-00763,ACC-00113,127.88,2026-08-12 22:00:00,0,,True
TX-002994,ACC-00192,ACC-00274,24.01,2026-08-19 20:00:00,0,,True
TX-002995,ACC-00464,ACC-00361,140.13,2026-08-11 19:00:00,0,,True
TX-002996,ACC-00087,ACC-00363,221.42,2026-09-06 00:00:00,0,,True
TX-002997,ACC-00515,ACC-00442,258.88,2026-09-08 22:00:00,0,,True
TX-002998,ACC-00280,ACC-00379,57.93,2026-08-21 00:00:00,0,,True
TX-002999,ACC-00750,ACC-00951,217.07,2026-09-01 06:00:00,0,,True
TX-003000,ACC-00413,ACC-00181,301.08,2026-08-24 17:00:00,0,,True
TX-003001,ACC-00506,ACC-00532,222.45,2026-08-20 11:00:00,0,,True
TX-003002,ACC-00662,ACC-00255,479.9,2026-09-03 09:00:00,0,,True
TX-003003,ACC-00055,ACC-00917,27.49,2026-09-02 05:00:00,0,,True
TX-003004,ACC-00068,ACC-00545,59.51,2026-09-02 17:00:00,0,,True
TX-003005,ACC-00717,ACC-00734,208.23,2026-08-29 09:00:00,0,,True
TX-003006,ACC-00226,ACC-00752,413.79,2026-08-19 04:00:00,0,,True
TX-003007,ACC-00508,ACC-00211,93.8,2026-09-04 01:00:00,0,,True
TX-003008,ACC-00653,ACC-00295,355.87,2026-08-31 13:00:00,0,,True
TX-003009,ACC-00004,ACC-00097,100.69,2026-08-11 14:00:00,0,,True
TX-003010,ACC-00638,ACC-00489,372.15,2026-08-13 14:00:00,0,,True
TX-003011,ACC-00245,ACC-00175,164.41,2026-09-08 07:00:00,0,,True
TX-003012,ACC-00192,ACC-00341,450.94,2026-09-06 12:00:00,0,,True
TX-003013,ACC-00683,ACC-00486,219.68,2026-09-10 07:00:00,0,,True
TX-003014,ACC-00998,ACC-00271,441.82,2026-09-04 15:00:00,0,,True
TX-003015,ACC-00779,ACC-00874,14.77,2026-08-29 21:00:00,0,,True
TX-003016,ACC-00598,ACC-00002,249.27,2026-09-02 21:00:00,0,,True
TX-003017,ACC-00113,ACC-00047,411.27,2026-08-22 15:00:00,0,,True
TX-003018,ACC-00298,ACC-00856,121.86,2026-08-25 07:00:00,0,,True
TX-003019,ACC-00774,ACC-00151,389.88,2026-09-07 03:00:00,0,,True
TX-003020,ACC-00824,ACC-00754,174.48,2026-08-25 13:00:00,0,,True
TX-003021,ACC-00360,ACC-00559,136.1,2026-08-26 04:00:00,0,,True
TX-003022,ACC-00374,ACC-00470,16.64,2026-08-30 03:00:00,0,,True
TX-003023,ACC-00728,ACC-00342,446.77,2026-08-16 15:00:00,0,,True
TX-003024,ACC-00878,ACC-00886,452.06,2026-08-21 21:00:00,0,,True
TX-003025,ACC-00116,ACC-00277,346.03,2026-08-17 16:00:00,0,,True
TX-003026,ACC-00022,ACC-00152,489.53,2026-08-14 05:00:00,0,,True
TX-003027,ACC-00676,ACC-00146,185.03,2026-09-10 05:00:00,0,,True
TX-003028,ACC-00592,ACC-00759,350.94,2026-08-28 01:00:00,0,,True
TX-003029,ACC-00212,ACC-00763,53.74,2026-08-12 00:00:00,0,,True
TX-003030,ACC-00655,ACC-00111,483.07,2026-08-12 16:00:00,0,,True
TX-003031,ACC-00696,ACC-00558,450.62,2026-08-26 20:00:00,0,,True
TX-003032,ACC-00180,ACC-00272,456.06,2026-08-30 02:00:00,0,,True
TX-003033,ACC-00401,ACC-00604,214.47,2026-09-02 03:00:00,0,,True
TX-003034,ACC-00196,ACC-00043,293.96,2026-08-19 02:00:00,0,,True
TX-003035,ACC-00855,ACC-00628,70.25,2026-08-15 22:00:00,0,,True
TX-003036,ACC-00581,ACC-00992,398.34,2026-08-30 03:00:00,0,,True
TX-003037,ACC-00113,ACC-00993,14.08,2026-08-11 15:00:00,0,,True
TX-003038,ACC-00151,ACC-00478,343.65,2026-08-25 03:00:00,0,,True
TX-003039,ACC-00639,ACC-00572,335.52,2026-08-31 21:00:00,0,,True
TX-003040,ACC-00296,ACC-00067,401.89,2026-09-09 22:00:00,0,,True
TX-003041,ACC-00042,ACC-00223,148.68,2026-08-23 09:00:00,0,,True
TX-003042,ACC-00055,ACC-00501,159.85,2026-08-28 01:00:00,0,,True
TX-003043,ACC-00677,ACC-00855,10.31,2026-09-02 08:00:00,0,,True
TX-003044,ACC-00359,ACC-00900,148.8,2026-08-13 20:00:00,0,,True
TX-003045,ACC-00682,ACC-00982,386.75,2026-09-06 10:00:00,0,,True
TX-003046,ACC-00731,ACC-00278,79.9,2026-08-18 06:00:00,0,,True
TX-003047,ACC-00443,ACC-00600,459.95,2026-09-01 05:00:00,0,,True
TX-003048,ACC-00033,ACC-00485,467.14,2026-09-02 15:00:00,0,,True
TX-003049,ACC-00653,ACC-00396,217.06,2026-08-11 09:00:00,0,,True
TX-003050,ACC-00915,ACC-00268,460.9,2026-08-22 03:00:00,0,,True
TX-003051,ACC-00178,ACC-00578,223.55,2026-08-13 02:00:00,0,,True
TX-003052,ACC-00824,ACC-00593,78.2,2026-08-17 06:00:00,0,,True
TX-003053,ACC-00257,ACC-00139,213.99,2026-09-04 03:00:00,0,,True
TX-003054,ACC-00313,ACC-00088,155.69,2026-08-11 16:00:00,0,,True
TX-003055,ACC-00473,ACC-00559,99.85,2026-08-15 23:00:00,0,,True
TX-003056,ACC-00099,ACC-00142,268.02,2026-08-19 02:00:00,0,,True
TX-003057,ACC-00516,ACC-00958,345.73,2026-08-29 22:00:00,0,,True
TX-003058,ACC-00363,ACC-00438,238.61,2026-08-10 23:00:00,0,,True
TX-003059,ACC-00473,ACC-00029,457.15,2026-09-09 23:00:00,0,,True
TX-003060,ACC-00091,ACC-00774,78.89,2026-08-12 03:00:00,0,,True
TX-003061,ACC-00806,ACC-00249,294.36,2026-08-30 08:00:00,0,,True
TX-003062,ACC-00636,ACC-00557,450.96,2026-08-13 03:00:00,0,,True
TX-003063,ACC-00055,ACC-00774,424.1,2026-09-06 00:00:00,0,,True
TX-003064,ACC-00687,ACC-00007,236.78,2026-08-16 20:00:00,0,,True
TX-003065,ACC-00472,ACC-00860,36.63,2026-09-09 04:00:00,0,,True
TX-003066,ACC-00850,ACC-00666,62.45,2026-08-22 09:00:00,0,,True
TX-003067,ACC-00842,ACC-00298,287.07,2026-08-19 02:00:00,0,,True
TX-003068,ACC-00886,ACC-00063,69.51,2026-08-22 15:00:00,0,,True
TX-003069,ACC-00524,ACC-00758,361.31,2026-08-19 06:00:00,0,,True
TX-003070,ACC-00529,ACC-00148,285.4,2026-08-10 21:00:00,0,,True
TX-003071,ACC-00140,ACC-00229,448.58,2026-08-21 08:00:00,0,,True
TX-003072,ACC-00309,ACC-00644,162.34,2026-08-12 12:00:00,0,,True
TX-003073,ACC-00825,ACC-00497,315.6,2026-09-04 09:00:00,0,,True
TX-003074,ACC-00069,ACC-00001,84.98,2026-08-13 09:00:00,0,,True
TX-003075,ACC-00533,ACC-00100,131.13,2026-09-06 21:00:00,0,,True
TX-003076,ACC-00026,ACC-00853,257.84,2026-08-29 11:00:00,0,,True
TX-003077,ACC-00949,ACC-00125,156.96,2026-08-26 07:00:00,0,,True
TX-003078,ACC-00840,ACC-00241,422.44,2026-08-24 04:00:00,0,,True
TX-003079,ACC-00842,ACC-00628,343.85,2026-08-13 15:00:00,0,,True
TX-003080,ACC-00632,ACC-00127,221.85,2026-08-21 12:00:00,0,,True
TX-003081,ACC-00190,ACC-00146,411.09,2026-08-20 05:00:00,0,,True
TX-003082,ACC-00175,ACC-00524,373.42,2026-08-24 06:00:00,0,,True
TX-003083,ACC-00488,ACC-00492,152.12,2026-08-20 09:00:00,0,,True
TX-003084,ACC-00983,ACC-00603,251.55,2026-08-20 04:00:00,0,,True
TX-003085,ACC-00401,ACC-00396,351.85,2026-09-06 22:00:00,0,,True
TX-003086,ACC-00427,ACC-00834,218.17,2026-09-10 03:00:00,0,,True
TX-003087,ACC-00469,ACC-00124,286.46,2026-09-09 18:00:00,0,,True
TX-003088,ACC-00311,ACC-00035,326.1,2026-08-12 15:00:00,0,,True
TX-003089,ACC-00635,ACC-00456,30.89,2026-08-12 01:00:00,0,,True
TX-003090,ACC-00986,ACC-00143,239.27,2026-08-17 22:00:00,0,,True
TX-003091,ACC-00284,ACC-00010,491.06,2026-08-29 20:00:00,0,,True
TX-003092,ACC-00877,ACC-00882,256.57,2026-08-29 14:00:00,0,,True
TX-003093,ACC-00538,ACC-00400,261.39,2026-09-04 16:00:00,0,,True
TX-003094,ACC-00156,ACC-00361,331.41,2026-08-23 02:00:00,0,,True
TX-003095,ACC-00471,ACC-00733,430.75,2026-09-06 04:00:00,0,,True
TX-003096,ACC-00804,ACC-00781,332.64,2026-08-12 00:00:00,0,,True
TX-003097,ACC-00070,ACC-00939,421.27,2026-08-26 00:00:00,0,,True
TX-003098,ACC-00986,ACC-00484,306.86,2026-09-04 18:00:00,0,,True
TX-003099,ACC-00726,ACC-00950,258.42,2026-08-19 20:00:00,0,,True
TX-003100,ACC-00266,ACC-00133,351.91,2026-08-22 18:00:00,0,,True
TX-003101,ACC-00357,ACC-00599,312.56,2026-08-29 10:00:00,0,,True
TX-003102,ACC-00047,ACC-00031,427.5,2026-09-05 05:00:00,0,,True
TX-003103,ACC-00099,ACC-00682,62.05,2026-08-11 15:00:00,0,,True
TX-003104,ACC-00488,ACC-00332,382.36,2026-08-16 13:00:00,0,,True
TX-003105,ACC-00815,ACC-00243,61.66,2026-08-13 07:00:00,0,,True
TX-003106,ACC-00746,ACC-00914,198.2,2026-08-28 10:00:00,0,,True
TX-003107,ACC-00064,ACC-00627,132.74,2026-09-08 13:00:00,0,,True
TX-003108,ACC-00075,ACC-00453,384.04,2026-08-21 16:00:00,0,,True
TX-003109,ACC-00861,ACC-00031,462.54,2026-08-31 09:00:00,0,,True
TX-003110,ACC-00716,ACC-00461,195.04,2026-08-20 18:00:00,0,,True
TX-003111,ACC-00570,ACC-00205,105.9,2026-08-25 22:00:00,0,,True
TX-003112,ACC-00696,ACC-00293,120.49,2026-08-18 07:00:00,0,,True
TX-003113,ACC-00445,ACC-00834,268.98,2026-08-16 06:00:00,0,,True
TX-003114,ACC-00089,ACC-00597,21.88,2026-08-10 15:00:00,0,,True
TX-003115,ACC-00099,ACC-00209,26.29,2026-09-06 12:00:00,0,,True
TX-003116,ACC-00369,ACC-00793,209.93,2026-08-24 10:00:00,0,,True
TX-003117,ACC-00349,ACC-00190,344.36,2026-08-10 13:00:00,0,,True
TX-003118,ACC-00658,ACC-00541,253.13,2026-08-15 06:00:00,0,,True
TX-003119,ACC-00585,ACC-00848,242.13,2026-08-30 01:00:00,0,,True
TX-003120,ACC-00634,ACC-00922,283.76,2026-09-06 10:00:00,0,,True
TX-003121,ACC-00450,ACC-00438,316.48,2026-08-14 10:00:00,0,,True
TX-003122,ACC-00583,ACC-00081,72.32,2026-08-25 03:00:00,0,,True
TX-003123,ACC-00104,ACC-00121,254.37,2026-09-08 17:00:00,0,,True
TX-003124,ACC-00554,ACC-00339,21.05,2026-08-15 03:00:00,0,,True
TX-003125,ACC-00945,ACC-00849,133.18,2026-08-19 01:00:00,0,,True
TX-003126,ACC-00070,ACC-00894,437.02,2026-08-11 03:00:00,0,,True
TX-003127,ACC-00077,ACC-00548,291.92,2026-08-13 20:00:00,0,,True
TX-003128,ACC-00955,ACC-00626,255.02,2026-08-28 17:00:00,0,,True
TX-003129,ACC-00059,ACC-00560,351.78,2026-09-06 18:00:00,0,,True
TX-003130,ACC-00483,ACC-00960,459.52,2026-09-01 16:00:00,0,,True
TX-003131,ACC-00031,ACC-00034,175.64,2026-09-02 06:00:00,0,,True
TX-003132,ACC-00343,ACC-00910,384.72,2026-09-06 06:00:00,0,,True
TX-003133,ACC-00561,ACC-00837,369.6,2026-08-11 15:00:00,0,,True
TX-003134,ACC-00935,ACC-00900,40.54,2026-08-26 10:00:00,0,,True
TX-003135,ACC-00825,ACC-00971,286.29,2026-08-21 14:00:00,0,,True
TX-003136,ACC-00856,ACC-00784,405.67,2026-08-30 10:00:00,0,,True
TX-003137,ACC-00973,ACC-00427,303.09,2026-08-22 10:00:00,0,,True
TX-003138,ACC-00909,ACC-00565,244.6,2026-09-06 04:00:00,0,,True
TX-003139,ACC-00741,ACC-00043,60.99,2026-08-25 20:00:00,0,,True
TX-003140,ACC-00231,ACC-00666,181.63,2026-08-26 03:00:00,0,,True
TX-003141,ACC-00801,ACC-00871,439.46,2026-09-03 12:00:00,0,,True
TX-003142,ACC-00954,ACC-00057,22.91,2026-08-16 06:00:00,0,,True
TX-003143,ACC-00548,ACC-00623,431.54,2026-08-19 15:00:00,0,,True
TX-003144,ACC-00756,ACC-00019,280.72,2026-09-09 00:00:00,0,,True
TX-003145,ACC-00785,ACC-00387,350.77,2026-08-27 14:00:00,0,,True
TX-003146,ACC-00438,ACC-00563,77.51,2026-08-27 09:00:00,0,,True
TX-003147,ACC-00919,ACC-00631,491.44,2026-08-30 01:00:00,0,,True
TX-003148,ACC-00199,ACC-00352,223.9,2026-09-09 05:00:00,0,,True
TX-003149,ACC-00238,ACC-00095,298.42,2026-09-02 23:00:00,0,,True
TX-003150,ACC-00766,ACC-00771,445.28,2026-08-15 19:00:00,0,,True
TX-003151,ACC-00582,ACC-00047,495.56,2026-09-09 13:00:00,0,,True
TX-003152,ACC-00256,ACC-00833,37.87,2026-09-09 08:00:00,0,,True
TX-003153,ACC-00450,ACC-00185,148.47,2026-08-31 01:00:00,0,,True
TX-003154,ACC-00617,ACC-00671,446.31,2026-09-01 08:00:00,0,,True
TX-003155,ACC-00621,ACC-00408,244.56,2026-09-06 15:00:00,0,,True
TX-003156,ACC-00257,ACC-00961,276.39,2026-08-25 14:00:00,0,,True
TX-003157,ACC-00753,ACC-00833,184.91,2026-08-12 05:00:00,0,,True
TX-003158,ACC-00455,ACC-00731,158.33,2026-08-29 19:00:00,0,,True
TX-003159,ACC-00300,ACC-00890,330.29,2026-08-25 04:00:00,0,,True
TX-003160,ACC-00327,ACC-00715,275.3,2026-09-07 11:00:00,0,,True
TX-003161,ACC-00355,ACC-00923,211.31,2026-08-10 17:00:00,0,,True
TX-003162,ACC-00498,ACC-00287,48.44,2026-08-12 08:00:00,0,,True
TX-003163,ACC-00862,ACC-00534,122.96,2026-08-17 19:00:00,0,,True
TX-003164,ACC-00216,ACC-00126,192.47,2026-08-15 08:00:00,0,,True
TX-003165,ACC-00037,ACC-00241,352.19,2026-08-20 22:00:00,0,,True
TX-003166,ACC-00976,ACC-00117,20.43,2026-08-15 11:00:00,0,,True
TX-003167,ACC-00277,ACC-00285,298.24,2026-09-01 10:00:00,0,,True
TX-003168,ACC-00062,ACC-00286,428.74,2026-08-28 21:00:00,0,,True
TX-003169,ACC-00020,ACC-00884,197.47,2026-08-27 11:00:00,0,,True
TX-003170,ACC-00230,ACC-00211,195.87,2026-08-19 23:00:00,0,,True
TX-003171,ACC-00546,ACC-00054,333.6,2026-09-08 19:00:00,0,,True
TX-003172,ACC-00782,ACC-00357,469.24,2026-08-11 17:00:00,0,,True
TX-003173,ACC-00773,ACC-00915,174.75,2026-08-15 04:00:00,0,,True
TX-003174,ACC-00830,ACC-00772,299.57,2026-08-17 12:00:00,0,,True
TX-003175,ACC-00350,ACC-00744,416.33,2026-08-27 23:00:00,0,,True
TX-003176,ACC-00802,ACC-00747,465.0,2026-08-17 11:00:00,0,,True
TX-003177,ACC-00827,ACC-00112,281.11,2026-08-10 13:00:00,0,,True
TX-003178,ACC-00955,ACC-00695,150.84,2026-08-10 19:00:00,0,,True
TX-003179,ACC-00475,ACC-00435,290.58,2026-08-22 20:00:00,0,,True
TX-003180,ACC-00267,ACC-00167,480.55,2026-08-26 13:00:00,0,,True
TX-003181,ACC-00947,ACC-00244,74.62,2026-09-10 04:00:00,0,,True
TX-003182,ACC-00819,ACC-00699,475.97,2026-09-08 05:00:00,0,,True
TX-003183,ACC-00790,ACC-00556,154.95,2026-08-23 00:00:00,0,,True
TX-003184,ACC-00040,ACC-00631,144.39,2026-09-01 15:00:00,0,,True
TX-003185,ACC-00257,ACC-00802,329.99,2026-08-16 17:00:00,0,,True
TX-003186,ACC-00013,ACC-00128,160.38,2026-08-20 02:00:00,0,,True
TX-003187,ACC-00857,ACC-00271,425.32,2026-08-26 22:00:00,0,,True
TX-003188,ACC-00018,ACC-00451,14.35,2026-09-09 01:00:00,0,,True
TX-003189,ACC-00492,ACC-00654,423.72,2026-09-03 23:00:00,0,,True
TX-003190,ACC-00060,ACC-00594,470.03,2026-09-01 17:00:00,0,,True
TX-003191,ACC-00565,ACC-00322,477.11,2026-08-27 07:00:00,0,,True
TX-003192,ACC-00265,ACC-00785,395.5,2026-09-01 21:00:00,0,,True
TX-003193,ACC-00131,ACC-00233,318.87,2026-09-05 17:00:00,0,,True
TX-003194,ACC-00672,ACC-00051,124.01,2026-08-21 11:00:00,0,,True
TX-003195,ACC-00189,ACC-00701,258.29,2026-08-26 18:00:00,0,,True
TX-003196,ACC-00325,ACC-00043,281.17,2026-09-03 11:00:00,0,,True
TX-003197,ACC-00975,ACC-00732,496.07,2026-09-02 12:00:00,0,,True
TX-003198,ACC-00695,ACC-00866,430.17,2026-08-29 19:00:00,0,,True
TX-003199,ACC-00736,ACC-00046,304.28,2026-08-30 09:00:00,0,,True
TX-003200,ACC-00080,ACC-00520,227.47,2026-08-25 10:00:00,0,,True
TX-003201,ACC-00243,ACC-00209,169.64,2026-08-29 15:00:00,0,,True
TX-003202,ACC-00426,ACC-00074,324.52,2026-08-13 03:00:00,0,,True
TX-003203,ACC-00147,ACC-00026,170.0,2026-08-16 01:00:00,0,,True
TX-003204,ACC-00344,ACC-00999,209.99,2026-08-21 01:00:00,0,,True
TX-003205,ACC-00482,ACC-00966,487.02,2026-08-22 12:00:00,0,,True
TX-003206,ACC-00165,ACC-00378,31.86,2026-08-12 08:00:00,0,,True
TX-003207,ACC-00934,ACC-00606,22.51,2026-08-22 06:00:00,0,,True
TX-003208,ACC-00828,ACC-00321,260.29,2026-08-16 13:00:00,0,,True
TX-003209,ACC-00521,ACC-00803,294.93,2026-08-30 06:00:00,0,,True
TX-003210,ACC-00388,ACC-00851,295.52,2026-08-19 13:00:00,0,,True
TX-003211,ACC-00154,ACC-00391,383.68,2026-08-21 10:00:00,0,,True
TX-003212,ACC-00979,ACC-00080,479.73,2026-09-02 18:00:00,0,,True
TX-003213,ACC-00516,ACC-00589,318.86,2026-08-17 23:00:00,0,,True
TX-003214,ACC-00552,ACC-00751,69.41,2026-08-12 20:00:00,0,,True
TX-003215,ACC-00818,ACC-00053,307.48,2026-08-19 20:00:00,0,,True
TX-003216,ACC-00533,ACC-00452,165.3,2026-09-03 18:00:00,0,,True
TX-003217,ACC-00301,ACC-00933,129.57,2026-09-03 01:00:00,0,,True
TX-003218,ACC-00237,ACC-00467,164.26,2026-09-06 14:00:00,0,,True
TX-003219,ACC-00247,ACC-00456,369.07,2026-08-12 23:00:00,0,,True
TX-003220,ACC-00371,ACC-00082,182.47,2026-08-25 10:00:00,0,,True
TX-003221,ACC-00937,ACC-00371,330.13,2026-08-22 05:00:00,0,,True
TX-003222,ACC-00460,ACC-00806,215.24,2026-08-23 08:00:00,0,,True
TX-003223,ACC-00948,ACC-00551,130.02,2026-08-11 23:00:00,0,,True
TX-003224,ACC-00691,ACC-00599,336.29,2026-08-22 04:00:00,0,,True
TX-003225,ACC-00815,ACC-00294,177.37,2026-09-07 10:00:00,0,,True
TX-003226,ACC-00419,ACC-00432,257.46,2026-09-05 18:00:00,0,,True
TX-003227,ACC-00507,ACC-00648,441.91,2026-09-04 07:00:00,0,,True
TX-003228,ACC-00898,ACC-00465,17.6,2026-09-06 23:00:00,0,,True
TX-003229,ACC-00270,ACC-00784,281.74,2026-08-11 21:00:00,0,,True
TX-003230,ACC-00761,ACC-00104,71.93,2026-09-08 23:00:00,0,,True
TX-003231,ACC-00025,ACC-00707,91.8,2026-09-08 08:00:00,0,,True
TX-003232,ACC-00528,ACC-00888,269.36,2026-08-28 23:00:00,0,,True
TX-003233,ACC-00363,ACC-00131,207.14,2026-08-24 05:00:00,0,,True
TX-003234,ACC-00730,ACC-00301,68.32,2026-08-13 02:00:00,0,,True
TX-003235,ACC-00606,ACC-00624,312.15,2026-08-18 11:00:00,0,,True
TX-003236,ACC-00076,ACC-00757,461.15,2026-08-10 22:00:00,0,,True
TX-003237,ACC-00933,ACC-00419,319.11,2026-08-17 23:00:00,0,,True
TX-003238,ACC-00297,ACC-00776,243.78,2026-09-05 13:00:00,0,,True
TX-003239,ACC-00188,ACC-00742,385.32,2026-08-11 20:00:00,0,,True
TX-003240,ACC-00086,ACC-00156,448.84,2026-08-22 18:00:00,0,,True
TX-003241,ACC-00379,ACC-00691,328.21,2026-08-29 02:00:00,0,,True
TX-003242,ACC-00450,ACC-00181,259.25,2026-08-23 04:00:00,0,,True
TX-003243,ACC-00968,ACC-00792,57.48,2026-08-31 21:00:00,0,,True
TX-003244,ACC-00350,ACC-00050,286.42,2026-08-12 20:00:00,0,,True
TX-003245,ACC-00594,ACC-00521,423.59,2026-08-28 03:00:00,0,,True
TX-003246,ACC-00331,ACC-00394,166.1,2026-09-05 08:00:00,0,,True
TX-003247,ACC-00043,ACC-00834,473.08,2026-08-12 13:00:00,0,,True
TX-003248,ACC-00216,ACC-00441,264.38,2026-08-22 17:00:00,0,,True
TX-003249,ACC-00322,ACC-00102,180.2,2026-09-05 09:00:00,0,,True
TX-003250,ACC-00295,ACC-00281,248.45,2026-09-03 07:00:00,0,,True
TX-003251,ACC-00296,ACC-00962,459.67,2026-08-22 09:00:00,0,,True
TX-003252,ACC-00947,ACC-00238,336.55,2026-09-06 09:00:00,0,,True
TX-003253,ACC-00212,ACC-00566,421.01,2026-08-17 07:00:00,0,,True
TX-003254,ACC-00029,ACC-00613,452.25,2026-08-10 19:00:00,0,,True
TX-003255,ACC-00551,ACC-00819,105.62,2026-08-26 12:00:00,0,,True
TX-003256,ACC-00379,ACC-00209,148.1,2026-08-10 18:00:00,0,,True
TX-003257,ACC-00437,ACC-00750,227.96,2026-09-05 22:00:00,0,,True
TX-003258,ACC-00303,ACC-00941,63.71,2026-08-19 09:00:00,0,,True
TX-003259,ACC-00456,ACC-00911,221.81,2026-09-02 10:00:00,0,,True
TX-003260,ACC-00886,ACC-00141,496.61,2026-08-17 15:00:00,0,,True
TX-003261,ACC-00120,ACC-00992,183.32,2026-09-07 13:00:00,0,,True
TX-003262,ACC-00813,ACC-00228,366.41,2026-08-31 07:00:00,0,,True
TX-003263,ACC-00520,ACC-00344,145.29,2026-08-20 13:00:00,0,,True
TX-003264,ACC-00526,ACC-00689,390.75,2026-08-18 14:00:00,0,,True
TX-003265,ACC-00323,ACC-00914,463.12,2026-08-28 09:00:00,0,,True
TX-003266,ACC-00955,ACC-00723,399.16,2026-08-31 06:00:00,0,,True
TX-003267,ACC-00862,ACC-00572,333.95,2026-08-12 16:00:00,0,,True
TX-003268,ACC-00037,ACC-00972,320.9,2026-09-10 05:00:00,0,,True
TX-003269,ACC-00141,ACC-00601,194.34,2026-08-11 05:00:00,0,,True
TX-003270,ACC-00690,ACC-00201,139.99,2026-09-05 21:00:00,0,,True
TX-003271,ACC-00834,ACC-00192,369.44,2026-09-01 08:00:00,0,,True
TX-003272,ACC-00204,ACC-00651,439.17,2026-08-10 20:00:00,0,,True
TX-003273,ACC-00878,ACC-00741,377.23,2026-09-09 23:00:00,0,,True
TX-003274,ACC-00069,ACC-00503,283.29,2026-09-03 14:00:00,0,,True
TX-003275,ACC-00183,ACC-00040,214.9,2026-09-01 17:00:00,0,,True
TX-003276,ACC-00390,ACC-00647,296.11,2026-08-21 01:00:00,0,,True
TX-003277,ACC-00496,ACC-00544,331.9,2026-09-05 03:00:00,0,,True
TX-003278,ACC-00861,ACC-00238,438.77,2026-08-19 21:00:00,0,,True
TX-003279,ACC-00502,ACC-00816,318.71,2026-08-22 01:00:00,0,,True
TX-003280,ACC-00557,ACC-00493,154.75,2026-09-03 09:00:00,0,,True
TX-003281,ACC-00987,ACC-00903,449.44,2026-08-17 03:00:00,0,,True
TX-003282,ACC-00430,ACC-00993,229.11,2026-09-02 15:00:00,0,,True
TX-003283,ACC-00436,ACC-00119,96.34,2026-08-11 02:00:00,0,,True
TX-003284,ACC-00677,ACC-00117,180.31,2026-08-28 14:00:00,0,,True
TX-003285,ACC-00132,ACC-00793,442.26,2026-08-14 21:00:00,0,,True
TX-003286,ACC-00616,ACC-00422,346.74,2026-09-10 03:00:00,0,,True
TX-003287,ACC-00275,ACC-00520,115.4,2026-08-13 23:00:00,0,,True
TX-003288,ACC-00063,ACC-00576,388.18,2026-09-01 15:00:00,0,,True
TX-003289,ACC-00326,ACC-00422,201.78,2026-08-26 23:00:00,0,,True
TX-003290,ACC-00409,ACC-00267,457.06,2026-09-01 21:00:00,0,,True
TX-003291,ACC-00746,ACC-00225,176.52,2026-08-15 11:00:00,0,,True
TX-003292,ACC-00316,ACC-00459,210.81,2026-08-23 07:00:00,0,,True
TX-003293,ACC-00549,ACC-00212,391.98,2026-09-06 17:00:00,0,,True
TX-003294,ACC-00626,ACC-00338,73.32,2026-08-24 12:00:00,0,,True
TX-003295,ACC-00974,ACC-00740,20.35,2026-08-29 10:00:00,0,,True
TX-003296,ACC-00800,ACC-00722,173.31,2026-08-29 19:00:00,0,,True
TX-003297,ACC-00065,ACC-00671,34.12,2026-09-04 01:00:00,0,,True
TX-003298,ACC-00549,ACC-00204,492.76,2026-08-14 19:00:00,0,,True
TX-003299,ACC-00406,ACC-00881,361.73,2026-09-01 07:00:00,0,,True
TX-003300,ACC-00933,ACC-00383,172.44,2026-09-03 19:00:00,0,,True
TX-003301,ACC-00751,ACC-00255,470.61,2026-09-09 12:00:00,0,,True
TX-003302,ACC-00774,ACC-00963,268.01,2026-08-25 00:00:00,0,,True
TX-003303,ACC-00811,ACC-00497,30.72,2026-09-01 03:00:00,0,,True
TX-003304,ACC-00025,ACC-00236,319.46,2026-08-19 05:00:00,0,,True
TX-003305,ACC-00035,ACC-00279,377.46,2026-08-15 00:00:00,0,,True
TX-003306,ACC-00672,ACC-00411,74.28,2026-08-18 04:00:00,0,,True
TX-003307,ACC-00883,ACC-00087,47.5,2026-08-24 13:00:00,0,,True
TX-003308,ACC-00721,ACC-00781,368.99,2026-09-10 12:00:00,0,,True
TX-003309,ACC-00761,ACC-00851,275.43,2026-08-12 08:00:00,0,,True
TX-003310,ACC-00098,ACC-00754,298.22,2026-08-29 06:00:00,0,,True
TX-003311,ACC-00852,ACC-00621,431.06,2026-08-16 02:00:00,0,,True
TX-003312,ACC-00436,ACC-00525,374.31,2026-09-01 04:00:00,0,,True
TX-003313,ACC-00470,ACC-00208,58.84,2026-08-20 18:00:00,0,,True
TX-003314,ACC-00483,ACC-00386,152.71,2026-09-08 05:00:00,0,,True
TX-003315,ACC-00991,ACC-00417,284.89,2026-08-26 03:00:00,0,,True
TX-003316,ACC-00930,ACC-00720,271.27,2026-09-03 00:00:00,0,,True
TX-003317,ACC-00018,ACC-00509,366.5,2026-08-11 01:00:00,0,,True
TX-003318,ACC-00782,ACC-00560,360.14,2026-08-27 05:00:00,0,,True
TX-003319,ACC-00592,ACC-00999,22.2,2026-08-17 05:00:00,0,,True
TX-003320,ACC-00458,ACC-00379,243.64,2026-09-06 16:00:00,0,,True
TX-003321,ACC-00319,ACC-00341,80.45,2026-08-21 10:00:00,0,,True
TX-003322,ACC-00098,ACC-00575,92.94,2026-08-13 21:00:00,0,,True
TX-003323,ACC-00608,ACC-00256,51.11,2026-08-28 17:00:00,0,,True
TX-003324,ACC-00859,ACC-00485,266.47,2026-08-14 18:00:00,0,,True
TX-003325,ACC-00779,ACC-00239,38.88,2026-08-26 04:00:00,0,,True
TX-003326,ACC-00422,ACC-00319,372.85,2026-08-15 08:00:00,0,,True
TX-003327,ACC-00038,ACC-00330,347.61,2026-08-21 23:00:00,0,,True
TX-003328,ACC-00893,ACC-00006,141.39,2026-09-03 19:00:00,0,,True
TX-003329,ACC-00814,ACC-00501,277.34,2026-08-30 16:00:00,0,,True
TX-003330,ACC-00242,ACC-00330,236.07,2026-08-25 20:00:00,0,,True
TX-003331,ACC-00569,ACC-00880,372.45,2026-08-18 10:00:00,0,,True
TX-003332,ACC-00944,ACC-00108,218.59,2026-09-08 00:00:00,0,,True
TX-003333,ACC-00131,ACC-00776,16.68,2026-08-24 13:00:00,0,,True
TX-003334,ACC-00125,ACC-00171,106.71,2026-08-14 09:00:00,0,,True
TX-003335,ACC-00040,ACC-00907,217.85,2026-09-04 16:00:00,0,,True
TX-003336,ACC-00823,ACC-00538,248.72,2026-08-17 19:00:00,0,,True
TX-003337,ACC-00429,ACC-00409,14.54,2026-09-06 23:00:00,0,,True
TX-003338,ACC-00302,ACC-00738,461.77,2026-08-20 04:00:00,0,,True
TX-003339,ACC-00536,ACC-00331,311.4,2026-08-29 18:00:00,0,,True
TX-003340,ACC-00666,ACC-00170,79.34,2026-08-24 15:00:00,0,,True
TX-003341,ACC-00210,ACC-00823,310.86,2026-08-19 01:00:00,0,,True
TX-003342,ACC-00532,ACC-00620,133.11,2026-08-27 06:00:00,0,,True
TX-003343,ACC-00959,ACC-00339,464.27,2026-08-18 08:00:00,0,,True
TX-003344,ACC-00169,ACC-00537,360.39,2026-08-26 12:00:00,0,,True
TX-003345,ACC-00326,ACC-00427,97.82,2026-08-26 10:00:00,0,,True
TX-003346,ACC-00006,ACC-00320,353.72,2026-09-03 14:00:00,0,,True
TX-003347,ACC-00097,ACC-00551,234.71,2026-09-07 11:00:00,0,,True
TX-003348,ACC-00640,ACC-00480,301.28,2026-09-08 01:00:00,0,,True
TX-003349,ACC-00652,ACC-00573,442.84,2026-08-29 16:00:00,0,,True
TX-003350,ACC-00015,ACC-00951,104.39,2026-08-31 23:00:00,0,,True
TX-003351,ACC-00599,ACC-00747,159.82,2026-08-22 00:00:00,0,,True
TX-003352,ACC-00957,ACC-00261,284.95,2026-08-20 15:00:00,0,,True
TX-003353,ACC-00208,ACC-00080,300.39,2026-09-06 13:00:00,0,,True
TX-003354,ACC-00222,ACC-00287,97.38,2026-08-23 09:00:00,0,,True
TX-003355,ACC-00130,ACC-00817,265.94,2026-08-21 00:00:00,0,,True
TX-003356,ACC-00339,ACC-00590,388.27,2026-08-22 17:00:00,0,,True
TX-003357,ACC-00284,ACC-00990,405.58,2026-08-13 17:00:00,0,,True
TX-003358,ACC-00685,ACC-00932,241.97,2026-09-05 12:00:00,0,,True
TX-003359,ACC-00803,ACC-00238,494.65,2026-09-07 17:00:00,0,,True
TX-003360,ACC-00151,ACC-00147,90.76,2026-08-14 12:00:00,0,,True
TX-003361,ACC-00332,ACC-00080,449.02,2026-09-09 08:00:00,0,,True
TX-003362,ACC-00524,ACC-00827,225.45,2026-08-19 21:00:00,0,,True
TX-003363,ACC-00335,ACC-00310,255.18,2026-09-07 05:00:00,0,,True
TX-003364,ACC-00574,ACC-00403,194.88,2026-08-28 14:00:00,0,,True
TX-003365,ACC-00486,ACC-00364,162.76,2026-08-25 02:00:00,0,,True
TX-003366,ACC-00544,ACC-00081,442.81,2026-08-15 06:00:00,0,,True
TX-003367,ACC-00979,ACC-00171,473.29,2026-08-15 04:00:00,0,,True
TX-003368,ACC-00729,ACC-00147,421.54,2026-08-23 22:00:00,0,,True
TX-003369,ACC-00502,ACC-00712,396.59,2026-08-20 09:00:00,0,,True
TX-003370,ACC-00572,ACC-00922,223.35,2026-08-30 07:00:00,0,,True
TX-003371,ACC-00026,ACC-00887,189.19,2026-08-26 15:00:00,0,,True
TX-003372,ACC-00355,ACC-00746,217.8,2026-08-21 19:00:00,0,,True
TX-003373,ACC-00898,ACC-00943,470.31,2026-08-29 01:00:00,0,,True
TX-003374,ACC-00184,ACC-00956,376.34,2026-09-10 06:00:00,0,,True
TX-003375,ACC-00453,ACC-00370,267.74,2026-09-09 18:00:00,0,,True
TX-003376,ACC-00318,ACC-00337,56.11,2026-08-30 04:00:00,0,,True
TX-003377,ACC-00515,ACC-00944,16.37,2026-09-02 11:00:00,0,,True
TX-003378,ACC-00663,ACC-00282,324.42,2026-08-29 11:00:00,0,,True
TX-003379,ACC-00713,ACC-00722,133.99,2026-08-21 11:00:00,0,,True
TX-003380,ACC-00995,ACC-00586,413.43,2026-08-13 14:00:00,0,,True
TX-003381,ACC-00950,ACC-00483,498.64,2026-08-20 22:00:00,0,,True
TX-003382,ACC-00503,ACC-00178,241.99,2026-08-13 16:00:00,0,,True
TX-003383,ACC-00769,ACC-00559,405.64,2026-09-09 01:00:00,0,,True
TX-003384,ACC-00030,ACC-00628,448.19,2026-09-05 14:00:00,0,,True
TX-003385,ACC-00754,ACC-00182,436.75,2026-09-06 10:00:00,0,,True
TX-003386,ACC-00430,ACC-00855,424.44,2026-09-08 22:00:00,0,,True
TX-003387,ACC-00653,ACC-00728,40.54,2026-09-06 19:00:00,0,,True
TX-003388,ACC-00285,ACC-00874,105.15,2026-08-21 13:00:00,0,,True
TX-003389,ACC-00018,ACC-00341,420.26,2026-08-14 02:00:00,0,,True
TX-003390,ACC-00920,ACC-00727,92.91,2026-08-22 13:00:00,0,,True
TX-003391,ACC-00967,ACC-00376,263.01,2026-08-10 15:00:00,0,,True
TX-003392,ACC-00413,ACC-00427,420.48,2026-08-20 11:00:00,0,,True
TX-003393,ACC-00067,ACC-00198,414.27,2026-08-25 08:00:00,0,,True
TX-003394,ACC-00747,ACC-00274,51.14,2026-08-27 11:00:00,0,,True
TX-003395,ACC-00283,ACC-00624,107.35,2026-08-24 23:00:00,0,,True
TX-003396,ACC-00178,ACC-00651,375.95,2026-08-15 12:00:00,0,,True
TX-003397,ACC-00319,ACC-00281,284.67,2026-09-07 02:00:00,0,,True
TX-003398,ACC-00478,ACC-00582,419.69,2026-09-07 18:00:00,0,,True
TX-003399,ACC-00953,ACC-00475,53.2,2026-08-12 10:00:00,0,,True
TX-003400,ACC-00187,ACC-00748,52.34,2026-08-30 18:00:00,0,,True
TX-003401,ACC-00642,ACC-00989,19.85,2026-09-05 12:00:00,0,,True
TX-003402,ACC-00223,ACC-00654,193.52,2026-09-07 13:00:00,0,,True
TX-003403,ACC-00966,ACC-00253,160.81,2026-08-19 16:00:00,0,,True
TX-003404,ACC-00966,ACC-00924,433.65,2026-08-17 13:00:00,0,,True
TX-003405,ACC-00136,ACC-00318,36.13,2026-08-19 03:00:00,0,,True
TX-003406,ACC-00183,ACC-00286,78.81,2026-08-30 23:00:00,0,,True
TX-003407,ACC-00232,ACC-00856,102.24,2026-08-13 06:00:00,0,,True
TX-003408,ACC-00182,ACC-00303,137.08,2026-08-27 04:00:00,0,,True
TX-003409,ACC-00095,ACC-00502,184.03,2026-08-30 01:00:00,0,,True
TX-003410,ACC-00791,ACC-00658,266.29,2026-08-14 16:00:00,0,,True
TX-003411,ACC-00704,ACC-00852,93.53,2026-08-10 18:00:00,0,,True
TX-003412,ACC-00395,ACC-00160,273.59,2026-09-03 14:00:00,0,,True
TX-003413,ACC-00445,ACC-00356,326.54,2026-08-20 03:00:00,0,,True
TX-003414,ACC-00213,ACC-00351,352.83,2026-08-24 19:00:00,0,,True
TX-003415,ACC-00850,ACC-00761,399.2,2026-09-07 20:00:00,0,,True
TX-003416,ACC-00792,ACC-00216,136.52,2026-08-27 04:00:00,0,,True
TX-003417,ACC-00033,ACC-00945,66.5,2026-08-19 16:00:00,0,,True
TX-003418,ACC-00191,ACC-00487,78.51,2026-08-23 02:00:00,0,,True
TX-003419,ACC-00382,ACC-00578,195.18,2026-08-23 11:00:00,0,,True
TX-003420,ACC-00331,ACC-00719,61.26,2026-08-30 12:00:00,0,,True
TX-003421,ACC-00163,ACC-00432,242.99,2026-08-30 16:00:00,0,,True
TX-003422,ACC-00925,ACC-00103,101.68,2026-08-30 03:00:00,0,,True
TX-003423,ACC-00167,ACC-00479,277.92,2026-08-17 12:00:00,0,,True
TX-003424,ACC-00450,ACC-00829,312.14,2026-08-22 18:00:00,0,,True
TX-003425,ACC-00712,ACC-00446,368.17,2026-08-26 05:00:00,0,,True
TX-003426,ACC-00259,ACC-00741,192.88,2026-08-30 21:00:00,0,,True
TX-003427,ACC-00695,ACC-00411,157.08,2026-08-12 05:00:00,0,,True
TX-003428,ACC-00782,ACC-00958,451.42,2026-08-25 09:00:00,0,,True
TX-003429,ACC-00432,ACC-00437,389.3,2026-08-10 18:00:00,0,,True
TX-003430,ACC-00411,ACC-00608,23.99,2026-08-25 07:00:00,0,,True
TX-003431,ACC-00945,ACC-00308,444.43,2026-08-10 14:00:00,0,,True
TX-003432,ACC-00966,ACC-00537,107.25,2026-08-23 08:00:00,0,,True
TX-003433,ACC-00134,ACC-00680,173.24,2026-08-11 11:00:00,0,,True
TX-003434,ACC-00994,ACC-00093,161.54,2026-08-17 08:00:00,0,,True
TX-003435,ACC-00821,ACC-00355,234.77,2026-09-04 22:00:00,0,,True
TX-003436,ACC-00001,ACC-00675,82.27,2026-08-13 07:00:00,0,,True
TX-003437,ACC-00309,ACC-00315,49.38,2026-09-03 06:00:00,0,,True
TX-003438,ACC-00448,ACC-00093,364.83,2026-09-05 15:00:00,0,,True
TX-003439,ACC-00569,ACC-00866,390.05,2026-09-09 21:00:00,0,,True
TX-003440,ACC-00164,ACC-00353,58.96,2026-08-23 15:00:00,0,,True
TX-003441,ACC-00404,ACC-00716,114.12,2026-08-25 15:00:00,0,,True
TX-003442,ACC-00386,ACC-00852,237.11,2026-09-03 09:00:00,0,,True
TX-003443,ACC-00397,ACC-00132,165.99,2026-08-12 08:00:00,0,,True
TX-003444,ACC-00410,ACC-00792,170.28,2026-08-31 15:00:00,0,,True
TX-003445,ACC-00748,ACC-00894,218.05,2026-08-28 19:00:00,0,,True
TX-003446,ACC-00074,ACC-00356,249.27,2026-08-17 18:00:00,0,,True
TX-003447,ACC-00028,ACC-00228,443.94,2026-09-05 05:00:00,0,,True
TX-003448,ACC-00378,ACC-00371,176.53,2026-08-15 12:00:00,0,,True
TX-003449,ACC-00626,ACC-00614,378.33,2026-08-12 10:00:00,0,,True
TX-003450,ACC-00662,ACC-00236,77.66,2026-09-04 11:00:00,0,,True
TX-003451,ACC-00217,ACC-00310,223.35,2026-08-31 00:00:00,0,,True
TX-003452,ACC-00670,ACC-00185,218.6,2026-09-01 03:00:00,0,,True
TX-003453,ACC-00397,ACC-00692,412.42,2026-09-09 04:00:00,0,,True
TX-003454,ACC-00982,ACC-00978,216.65,2026-09-05 00:00:00,0,,True
TX-003455,ACC-00699,ACC-00530,418.77,2026-08-27 10:00:00,0,,True
TX-003456,ACC-00355,ACC-00703,369.01,2026-08-21 00:00:00,0,,True
TX-003457,ACC-00823,ACC-00827,15.99,2026-08-31 08:00:00,0,,True
TX-003458,ACC-00589,ACC-00520,198.16,2026-08-27 12:00:00,0,,True
TX-003459,ACC-00498,ACC-00670,480.36,2026-08-28 23:00:00,0,,True
TX-003460,ACC-00790,ACC-00056,158.45,2026-09-01 13:00:00,0,,True
TX-003461,ACC-00650,ACC-00119,305.78,2026-08-15 22:00:00,0,,True
TX-003462,ACC-00515,ACC-00382,392.69,2026-08-19 02:00:00,0,,True
TX-003463,ACC-00865,ACC-00548,486.17,2026-09-07 07:00:00,0,,True
TX-003464,ACC-00435,ACC-00545,382.21,2026-08-13 15:00:00,0,,True
TX-003465,ACC-00082,ACC-00154,13.41,2026-08-10 14:00:00,0,,True
TX-003466,ACC-00605,ACC-00265,106.83,2026-08-14 17:00:00,0,,True
TX-003467,ACC-00746,ACC-00894,232.94,2026-09-08 22:00:00,0,,True
TX-003468,ACC-00289,ACC-00041,69.56,2026-08-25 22:00:00,0,,True
TX-003469,ACC-00376,ACC-00052,445.69,2026-08-20 01:00:00,0,,True
TX-003470,ACC-00259,ACC-00436,175.36,2026-09-01 12:00:00,0,,True
TX-003471,ACC-00556,ACC-00274,97.58,2026-08-29 23:00:00,0,,True
TX-003472,ACC-00018,ACC-00458,169.07,2026-08-21 11:00:00,0,,True
TX-003473,ACC-00611,ACC-00115,185.05,2026-09-08 19:00:00,0,,True
TX-003474,ACC-00757,ACC-00406,131.83,2026-09-07 19:00:00,0,,True
TX-003475,ACC-00097,ACC-00130,366.13,2026-08-20 21:00:00,0,,True
TX-003476,ACC-00442,ACC-00915,144.6,2026-08-26 14:00:00,0,,True
TX-003477,ACC-00633,ACC-00250,460.2,2026-08-12 13:00:00,0,,True
TX-003478,ACC-00841,ACC-00537,288.84,2026-09-09 10:00:00,0,,True
TX-003479,ACC-00335,ACC-00382,28.76,2026-08-21 13:00:00,0,,True
TX-003480,ACC-00654,ACC-00832,442.2,2026-08-28 20:00:00,0,,True
TX-003481,ACC-00743,ACC-00081,175.51,2026-08-20 13:00:00,0,,True
TX-003482,ACC-00310,ACC-00433,206.36,2026-09-04 13:00:00,0,,True
TX-003483,ACC-00264,ACC-00739,329.92,2026-08-13 10:00:00,0,,True
TX-003484,ACC-00857,ACC-00935,222.38,2026-09-07 06:00:00,0,,True
TX-003485,ACC-00585,ACC-00268,497.51,2026-08-21 20:00:00,0,,True
TX-003486,ACC-00553,ACC-00875,398.92,2026-08-19 11:00:00,0,,True
TX-003487,ACC-00384,ACC-00588,241.73,2026-08-16 23:00:00,0,,True
TX-003488,ACC-00282,ACC-00765,347.54,2026-09-05 04:00:00,0,,True
TX-003489,ACC-00514,ACC-00688,32.41,2026-08-29 07:00:00,0,,True
TX-003490,ACC-00695,ACC-00292,143.61,2026-08-28 06:00:00,0,,True
TX-003491,ACC-00020,ACC-00801,213.02,2026-09-06 04:00:00,0,,True
TX-003492,ACC-00274,ACC-00474,303.55,2026-08-21 02:00:00,0,,True
TX-003493,ACC-00100,ACC-00227,120.16,2026-08-19 02:00:00,0,,True
TX-003494,ACC-00227,ACC-00066,309.58,2026-08-17 14:00:00,0,,True
TX-003495,ACC-00624,ACC-00847,235.72,2026-08-27 16:00:00,0,,True
TX-003496,ACC-00610,ACC-00337,275.31,2026-08-25 19:00:00,0,,True
TX-003497,ACC-00013,ACC-00352,176.89,2026-08-29 22:00:00,0,,True
TX-003498,ACC-00156,ACC-00474,428.63,2026-08-26 06:00:00,0,,True
TX-003499,ACC-00546,ACC-00715,93.31,2026-08-29 04:00:00,0,,True
TX-003500,ACC-00413,ACC-00034,333.74,2026-08-23 10:00:00,0,,True
TX-003501,ACC-00647,ACC-00499,285.05,2026-08-30 10:00:00,0,,True
TX-003502,ACC-00213,ACC-00766,492.59,2026-08-30 03:00:00,0,,True
TX-003503,ACC-00299,ACC-00769,164.52,2026-08-19 22:00:00,0,,True
TX-003504,ACC-00031,ACC-00160,316.18,2026-09-04 17:00:00,0,,True
TX-003505,ACC-00361,ACC-00579,221.45,2026-08-17 12:00:00,0,,True
TX-003506,ACC-00770,ACC-00997,149.1,2026-08-17 21:00:00,0,,True
TX-003507,ACC-00241,ACC-00385,461.38,2026-09-06 00:00:00,0,,True
TX-003508,ACC-00622,ACC-00972,426.34,2026-09-07 00:00:00,0,,True
TX-003509,ACC-00224,ACC-00217,496.14,2026-08-23 03:00:00,0,,True
TX-003510,ACC-00183,ACC-00886,87.97,2026-08-16 13:00:00,0,,True
TX-003511,ACC-00411,ACC-00564,210.17,2026-08-17 06:00:00,0,,True
TX-003512,ACC-00429,ACC-00923,303.63,2026-08-31 01:00:00,0,,True
TX-003513,ACC-00646,ACC-00109,335.47,2026-08-19 16:00:00,0,,True
TX-003514,ACC-00781,ACC-00652,165.71,2026-08-23 19:00:00,0,,True
TX-003515,ACC-00402,ACC-00231,430.94,2026-08-25 22:00:00,0,,True
TX-003516,ACC-00294,ACC-00846,463.03,2026-09-05 07:00:00,0,,True
TX-003517,ACC-00410,ACC-00296,11.64,2026-08-15 02:00:00,0,,True
TX-003518,ACC-00782,ACC-00476,331.53,2026-08-20 09:00:00,0,,True
TX-003519,ACC-00393,ACC-00595,330.02,2026-08-27 23:00:00,0,,True
TX-003520,ACC-00194,ACC-00652,24.23,2026-09-03 08:00:00,0,,True
TX-003521,ACC-00625,ACC-00635,256.65,2026-09-07 17:00:00,0,,True
TX-003522,ACC-00585,ACC-00750,210.3,2026-09-10 02:00:00,0,,True
TX-003523,ACC-00625,ACC-00256,91.56,2026-08-20 21:00:00,0,,True
TX-003524,ACC-00701,ACC-00094,476.4,2026-09-09 13:00:00,0,,True
TX-003525,ACC-00616,ACC-00905,397.04,2026-08-28 19:00:00,0,,True
TX-003526,ACC-00524,ACC-00885,104.59,2026-08-12 07:00:00,0,,True
TX-003527,ACC-00469,ACC-00378,364.3,2026-09-03 07:00:00,0,,True
TX-003528,ACC-00484,ACC-00960,359.27,2026-09-04 02:00:00,0,,True
TX-003529,ACC-00136,ACC-00301,41.76,2026-09-10 06:00:00,0,,True
TX-003530,ACC-00592,ACC-00473,235.0,2026-08-19 17:00:00,0,,True
TX-003531,ACC-00455,ACC-00248,400.41,2026-08-26 20:00:00,0,,True
TX-003532,ACC-00657,ACC-00114,403.81,2026-08-15 02:00:00,0,,True
TX-003533,ACC-00894,ACC-00943,455.35,2026-09-02 22:00:00,0,,True
TX-003534,ACC-00740,ACC-00986,44.22,2026-08-18 11:00:00,0,,True
TX-003535,ACC-00699,ACC-00694,209.11,2026-08-24 21:00:00,0,,True
TX-003536,ACC-00883,ACC-00395,44.48,2026-08-28 04:00:00,0,,True
TX-003537,ACC-00905,ACC-00734,273.3,2026-08-18 17:00:00,0,,True
TX-003538,ACC-00663,ACC-00547,360.23,2026-08-26 21:00:00,0,,True
TX-003539,ACC-00848,ACC-00744,39.3,2026-08-16 00:00:00,0,,True
TX-003540,ACC-00849,ACC-00843,365.32,2026-09-09 01:00:00,0,,True
TX-003541,ACC-00410,ACC-00734,464.42,2026-08-20 16:00:00,0,,True
TX-003542,ACC-00451,ACC-00439,395.84,2026-09-07 08:00:00,0,,True
TX-003543,ACC-00868,ACC-00269,381.39,2026-08-23 09:00:00,0,,True
TX-003544,ACC-00740,ACC-00174,189.57,2026-08-20 02:00:00,0,,True
TX-003545,ACC-00146,ACC-00935,129.1,2026-08-26 06:00:00,0,,True
TX-003546,ACC-00271,ACC-00100,171.71,2026-08-19 10:00:00,0,,True
TX-003547,ACC-00470,ACC-00921,357.45,2026-08-17 05:00:00,0,,True
TX-003548,ACC-00776,ACC-00267,177.8,2026-08-18 22:00:00,0,,True
TX-003549,ACC-00339,ACC-00807,230.68,2026-09-01 18:00:00,0,,True
TX-003550,ACC-00282,ACC-00609,27.51,2026-09-06 08:00:00,0,,True
TX-003551,ACC-00535,ACC-00296,22.71,2026-08-13 01:00:00,0,,True
TX-003552,ACC-00578,ACC-00372,359.76,2026-08-31 14:00:00,0,,True
TX-003553,ACC-00163,ACC-00582,320.61,2026-08-25 14:00:00,0,,True
TX-003554,ACC-00451,ACC-00690,154.49,2026-08-17 14:00:00,0,,True
TX-003555,ACC-00132,ACC-00151,307.65,2026-08-14 00:00:00,0,,True
TX-003556,ACC-00264,ACC-00653,121.68,2026-08-14 06:00:00,0,,True
TX-003557,ACC-00598,ACC-00311,82.7,2026-09-10 04:00:00,0,,True
TX-003558,ACC-00373,ACC-00739,259.21,2026-08-13 20:00:00,0,,True
TX-003559,ACC-00416,ACC-00489,313.05,2026-09-05 01:00:00,0,,True
TX-003560,ACC-00660,ACC-00160,297.7,2026-08-25 02:00:00,0,,True
TX-003561,ACC-00536,ACC-00384,195.21,2026-08-11 21:00:00,0,,True
TX-003562,ACC-00664,ACC-00174,436.68,2026-08-26 07:00:00,0,,True
TX-003563,ACC-00496,ACC-00919,196.14,2026-08-20 10:00:00,0,,True
TX-003564,ACC-00351,ACC-00231,161.56,2026-09-03 08:00:00,0,,True
TX-003565,ACC-00285,ACC-00624,391.23,2026-08-16 09:00:00,0,,True
TX-003566,ACC-00666,ACC-00202,184.69,2026-08-26 18:00:00,0,,True
TX-003567,ACC-00935,ACC-00654,454.09,2026-08-14 13:00:00,0,,True
TX-003568,ACC-00867,ACC-00839,393.71,2026-08-25 05:00:00,0,,True
TX-003569,ACC-00760,ACC-00208,188.14,2026-09-09 00:00:00,0,,True
TX-003570,ACC-00642,ACC-00102,476.49,2026-08-25 10:00:00,0,,True
TX-003571,ACC-00278,ACC-00567,481.21,2026-08-13 13:00:00,0,,True
TX-003572,ACC-00551,ACC-00894,48.93,2026-08-16 11:00:00,0,,True
TX-003573,ACC-00458,ACC-00581,266.24,2026-09-03 04:00:00,0,,True
TX-003574,ACC-00817,ACC-00758,99.52,2026-08-11 16:00:00,0,,True
TX-003575,ACC-00879,ACC-00251,121.89,2026-08-18 22:00:00,0,,True
TX-003576,ACC-00182,ACC-00042,489.89,2026-09-01 19:00:00,0,,True
TX-003577,ACC-00285,ACC-00094,374.12,2026-08-18 10:00:00,0,,True
TX-003578,ACC-00928,ACC-00925,74.95,2026-09-01 11:00:00,0,,True
TX-003579,ACC-00213,ACC-00234,129.53,2026-08-16 18:00:00,0,,True
TX-003580,ACC-00489,ACC-00476,58.15,2026-08-13 11:00:00,0,,True
TX-003581,ACC-00327,ACC-00809,320.61,2026-09-03 21:00:00,0,,True
TX-003582,ACC-00120,ACC-00453,50.86,2026-09-04 09:00:00,0,,True
TX-003583,ACC-00556,ACC-00604,115.35,2026-08-26 03:00:00,0,,True
TX-003584,ACC-00583,ACC-00010,295.04,2026-08-14 09:00:00,0,,True
TX-003585,ACC-00738,ACC-00908,226.89,2026-08-21 06:00:00,0,,True
TX-003586,ACC-00604,ACC-00826,321.12,2026-08-16 22:00:00,0,,True
TX-003587,ACC-00001,ACC-00258,379.73,2026-08-22 04:00:00,0,,True
TX-003588,ACC-00505,ACC-00647,96.5,2026-08-24 21:00:00,0,,True
TX-003589,ACC-00527,ACC-00291,476.2,2026-09-01 04:00:00,0,,True
TX-003590,ACC-00889,ACC-00545,132.02,2026-09-01 15:00:00,0,,True
TX-003591,ACC-00575,ACC-00516,161.31,2026-08-27 09:00:00,0,,True
TX-003592,ACC-00775,ACC-00969,99.27,2026-09-10 02:00:00,0,,True
TX-003593,ACC-00915,ACC-00998,259.68,2026-08-26 07:00:00,0,,True
TX-003594,ACC-00184,ACC-00068,382.61,2026-08-20 03:00:00,0,,True
TX-003595,ACC-00097,ACC-00948,432.39,2026-08-30 16:00:00,0,,True
TX-003596,ACC-00704,ACC-00552,413.05,2026-09-04 09:00:00,0,,True
TX-003597,ACC-00782,ACC-00238,114.48,2026-08-25 03:00:00,0,,True
TX-003598,ACC-00328,ACC-00785,269.9,2026-09-06 15:00:00,0,,True
TX-003599,ACC-00308,ACC-00950,308.67,2026-08-22 15:00:00,0,,True
TX-003600,ACC-00159,ACC-00332,86.63,2026-08-17 00:00:00,0,,True
TX-003601,ACC-00805,ACC-00176,427.66,2026-08-21 15:00:00,0,,True
TX-003602,ACC-00161,ACC-00334,478.79,2026-08-25 16:00:00,0,,True
TX-003603,ACC-00610,ACC-00808,214.29,2026-08-18 04:00:00,0,,True
TX-003604,ACC-00235,ACC-00956,138.8,2026-08-12 03:00:00,0,,True
TX-003605,ACC-00380,ACC-00149,160.05,2026-08-18 01:00:00,0,,True
TX-003606,ACC-00850,ACC-00764,164.52,2026-08-31 23:00:00,0,,True
TX-003607,ACC-00577,ACC-00403,383.72,2026-09-10 00:00:00,0,,True
TX-003608,ACC-00057,ACC-00992,210.31,2026-08-21 08:00:00,0,,True
TX-003609,ACC-00999,ACC-00468,385.85,2026-09-09 14:00:00,0,,True
TX-003610,ACC-00208,ACC-00214,334.41,2026-09-02 03:00:00,0,,True
TX-003611,ACC-00853,ACC-00383,21.6,2026-08-28 00:00:00,0,,True
TX-003612,ACC-00334,ACC-00572,284.39,2026-09-04 06:00:00,0,,True
TX-003613,ACC-00633,ACC-00516,225.65,2026-09-02 09:00:00,0,,True
TX-003614,ACC-00077,ACC-00249,88.6,2026-08-17 21:00:00,0,,True
TX-003615,ACC-00965,ACC-00739,300.54,2026-08-11 11:00:00,0,,True
TX-003616,ACC-00800,ACC-00676,201.13,2026-08-10 14:00:00,0,,True
TX-003617,ACC-00499,ACC-00256,147.27,2026-08-21 18:00:00,0,,True
TX-003618,ACC-00385,ACC-00061,59.71,2026-08-21 02:00:00,0,,True
TX-003619,ACC-00283,ACC-00551,191.03,2026-08-12 03:00:00,0,,True
TX-003620,ACC-00114,ACC-00484,75.8,2026-08-18 10:00:00,0,,True
TX-003621,ACC-00333,ACC-00794,368.9,2026-08-15 08:00:00,0,,True
TX-003622,ACC-00895,ACC-00155,299.01,2026-08-23 06:00:00,0,,True
TX-003623,ACC-00576,ACC-00091,224.75,2026-08-30 18:00:00,0,,True
TX-003624,ACC-00560,ACC-00782,333.74,2026-08-23 20:00:00,0,,True
TX-003625,ACC-00837,ACC-00299,347.89,2026-09-06 10:00:00,0,,True
TX-003626,ACC-00892,ACC-00805,352.63,2026-08-18 02:00:00,0,,True
TX-003627,ACC-00981,ACC-00874,187.0,2026-08-16 22:00:00,0,,True
TX-003628,ACC-00766,ACC-00906,115.26,2026-08-30 22:00:00,0,,True
TX-003629,ACC-00234,ACC-00472,187.48,2026-09-03 15:00:00,0,,True
TX-003630,ACC-00995,ACC-00721,136.92,2026-08-21 13:00:00,0,,True
TX-003631,ACC-00956,ACC-00024,78.73,2026-08-20 23:00:00,0,,True
TX-003632,ACC-00438,ACC-00406,404.97,2026-08-16 11:00:00,0,,True
TX-003633,ACC-00852,ACC-00542,39.54,2026-08-25 01:00:00,0,,True
TX-003634,ACC-00017,ACC-00580,224.23,2026-09-08 20:00:00,0,,True
TX-003635,ACC-00895,ACC-00818,170.26,2026-08-23 21:00:00,0,,True
TX-003636,ACC-00290,ACC-00589,173.54,2026-09-07 13:00:00,0,,True
TX-003637,ACC-00078,ACC-00579,55.15,2026-08-24 09:00:00,0,,True
TX-003638,ACC-00545,ACC-00163,401.31,2026-08-14 10:00:00,0,,True
TX-003639,ACC-00588,ACC-00945,239.54,2026-08-21 06:00:00,0,,True
TX-003640,ACC-00770,ACC-00075,385.89,2026-08-28 04:00:00,0,,True
TX-003641,ACC-00477,ACC-00463,445.78,2026-08-18 08:00:00,0,,True
TX-003642,ACC-00667,ACC-00339,45.78,2026-08-20 18:00:00,0,,True
TX-003643,ACC-00348,ACC-00465,268.58,2026-08-18 13:00:00,0,,True
TX-003644,ACC-00840,ACC-00972,221.87,2026-09-10 00:00:00,0,,True
TX-003645,ACC-00589,ACC-00301,13.11,2026-08-15 00:00:00,0,,True
TX-003646,ACC-00020,ACC-00009,120.36,2026-08-28 08:00:00,0,,True
TX-003647,ACC-00266,ACC-00877,119.22,2026-08-20 02:00:00,0,,True
TX-003648,ACC-00546,ACC-00469,330.27,2026-09-03 18:00:00,0,,True
TX-003649,ACC-00948,ACC-00364,447.69,2026-08-18 18:00:00,0,,True
TX-003650,ACC-00157,ACC-00194,388.77,2026-09-04 03:00:00,0,,True
TX-003651,ACC-00186,ACC-00104,22.85,2026-08-22 11:00:00,0,,True
TX-003652,ACC-00799,ACC-00131,274.64,2026-08-11 10:00:00,0,,True
TX-003653,ACC-00336,ACC-00892,164.51,2026-09-02 15:00:00,0,,True
TX-003654,ACC-00214,ACC-00207,158.44,2026-08-28 04:00:00,0,,True
TX-003655,ACC-00239,ACC-00959,460.74,2026-08-17 01:00:00,0,,True
TX-003656,ACC-00028,ACC-00141,440.04,2026-08-10 22:00:00,0,,True
TX-003657,ACC-00127,ACC-00855,474.53,2026-09-09 22:00:00,0,,True
TX-003658,ACC-00889,ACC-00762,428.55,2026-09-04 00:00:00,0,,True
TX-003659,ACC-00051,ACC-00458,224.89,2026-09-04 06:00:00,0,,True
TX-003660,ACC-00790,ACC-00390,299.21,2026-09-07 10:00:00,0,,True
TX-003661,ACC-00993,ACC-00180,258.28,2026-08-22 13:00:00,0,,True
TX-003662,ACC-00529,ACC-00125,89.81,2026-09-04 09:00:00,0,,True
TX-003663,ACC-00964,ACC-00501,372.91,2026-08-29 13:00:00,0,,True
TX-003664,ACC-00325,ACC-00426,103.58,2026-09-07 20:00:00,0,,True
TX-003665,ACC-00369,ACC-00490,135.09,2026-09-06 22:00:00,0,,True
TX-003666,ACC-00017,ACC-00008,196.21,2026-08-28 00:00:00,0,,True
TX-003667,ACC-00985,ACC-00879,59.03,2026-08-30 03:00:00,0,,True
TX-003668,ACC-00857,ACC-00067,222.73,2026-08-13 16:00:00,0,,True
TX-003669,ACC-00308,ACC-00235,499.86,2026-09-07 16:00:00,0,,True
TX-003670,ACC-00660,ACC-00830,200.95,2026-08-26 12:00:00,0,,True
TX-003671,ACC-00975,ACC-00988,144.61,2026-08-21 02:00:00,0,,True
TX-003672,ACC-00047,ACC-00145,425.23,2026-09-04 18:00:00,0,,True
TX-003673,ACC-00010,ACC-00132,264.12,2026-09-05 14:00:00,0,,True
TX-003674,ACC-00482,ACC-00781,29.11,2026-08-22 06:00:00,0,,True
TX-003675,ACC-00888,ACC-00758,333.87,2026-08-29 17:00:00,0,,True
TX-003676,ACC-00425,ACC-00844,87.17,2026-09-05 07:00:00,0,,True
TX-003677,ACC-00959,ACC-00532,483.0,2026-08-17 15:00:00,0,,True
TX-003678,ACC-00186,ACC-00374,440.75,2026-09-07 07:00:00,0,,True
TX-003679,ACC-00031,ACC-00510,110.0,2026-08-28 16:00:00,0,,True
TX-003680,ACC-00383,ACC-00931,422.3,2026-08-22 02:00:00,0,,True
TX-003681,ACC-00030,ACC-00803,22.66,2026-09-09 21:00:00,0,,True
TX-003682,ACC-00036,ACC-00753,437.29,2026-08-11 23:00:00,0,,True
TX-003683,ACC-00048,ACC-00553,194.75,2026-08-21 13:00:00,0,,True
TX-003684,ACC-00538,ACC-00174,87.5,2026-09-10 01:00:00,0,,True
TX-003685,ACC-00919,ACC-00229,55.14,2026-09-08 09:00:00,0,,True
TX-003686,ACC-00992,ACC-00488,237.57,2026-08-27 19:00:00,0,,True
TX-003687,ACC-00451,ACC-00138,429.89,2026-08-15 16:00:00,0,,True
TX-003688,ACC-00001,ACC-00319,243.36,2026-08-13 04:00:00,0,,True
TX-003689,ACC-00132,ACC-00331,331.62,2026-08-29 17:00:00,0,,True
TX-003690,ACC-00685,ACC-00734,57.24,2026-08-25 13:00:00,0,,True
TX-003691,ACC-00852,ACC-00873,289.91,2026-09-06 05:00:00,0,,True
TX-003692,ACC-00528,ACC-00133,404.67,2026-09-06 05:00:00,0,,True
TX-003693,ACC-00676,ACC-00085,374.16,2026-08-19 00:00:00,0,,True
TX-003694,ACC-00290,ACC-00909,311.36,2026-09-03 05:00:00,0,,True
TX-003695,ACC-00257,ACC-00190,367.71,2026-09-01 02:00:00,0,,True
TX-003696,ACC-00728,ACC-00998,236.45,2026-08-22 20:00:00,0,,True
TX-003697,ACC-00530,ACC-00592,493.95,2026-09-02 08:00:00,0,,True
TX-003698,ACC-00336,ACC-00433,193.64,2026-09-05 18:00:00,0,,True
TX-003699,ACC-00755,ACC-00958,426.87,2026-08-18 00:00:00,0,,True
TX-003700,ACC-00648,ACC-00050,399.16,2026-09-05 12:00:00,0,,True
TX-003701,ACC-00147,ACC-00650,26.72,2026-08-16 05:00:00,0,,True
TX-003702,ACC-00166,ACC-00407,168.04,2026-08-22 21:00:00,0,,True
TX-003703,ACC-00496,ACC-00879,178.51,2026-08-20 18:00:00,0,,True
TX-003704,ACC-00416,ACC-00463,496.42,2026-08-26 17:00:00,0,,True
TX-003705,ACC-00270,ACC-00559,225.53,2026-08-18 04:00:00,0,,True
TX-003706,ACC-00672,ACC-00787,262.1,2026-08-31 02:00:00,0,,True
TX-003707,ACC-00914,ACC-00191,135.09,2026-08-15 21:00:00,0,,True
TX-003708,ACC-00791,ACC-00563,233.59,2026-09-06 15:00:00,0,,True
TX-003709,ACC-00877,ACC-00351,384.0,2026-09-02 10:00:00,0,,True
TX-003710,ACC-00801,ACC-00375,218.99,2026-09-09 19:00:00,0,,True
TX-003711,ACC-00130,ACC-00097,121.29,2026-08-27 09:00:00,0,,True
TX-003712,ACC-00124,ACC-00564,359.22,2026-09-06 01:00:00,0,,True
TX-003713,ACC-00315,ACC-00464,223.72,2026-08-11 10:00:00,0,,True
TX-003714,ACC-00990,ACC-00888,486.12,2026-09-05 00:00:00,0,,True
TX-003715,ACC-00840,ACC-00964,443.96,2026-08-25 06:00:00,0,,True
TX-003716,ACC-00146,ACC-00861,343.48,2026-08-17 12:00:00,0,,True
TX-003717,ACC-00204,ACC-00752,374.85,2026-08-24 17:00:00,0,,True
TX-003718,ACC-00799,ACC-00156,285.81,2026-08-24 20:00:00,0,,True
TX-003719,ACC-00049,ACC-00820,271.25,2026-08-24 05:00:00,0,,True
TX-003720,ACC-00711,ACC-00970,498.62,2026-09-05 01:00:00,0,,True
TX-003721,ACC-00163,ACC-00103,343.39,2026-08-20 16:00:00,0,,True
TX-003722,ACC-00880,ACC-00634,120.87,2026-08-11 14:00:00,0,,True
TX-003723,ACC-00156,ACC-00554,471.67,2026-08-21 23:00:00,0,,True
TX-003724,ACC-00879,ACC-00208,146.43,2026-08-11 00:00:00,0,,True
TX-003725,ACC-00304,ACC-00400,451.47,2026-08-27 21:00:00,0,,True
TX-003726,ACC-00480,ACC-00330,76.7,2026-08-11 03:00:00,0,,True
TX-003727,ACC-00001,ACC-00077,133.15,2026-08-23 15:00:00,0,,True
TX-003728,ACC-00320,ACC-00214,462.3,2026-08-21 17:00:00,0,,True
TX-003729,ACC-00983,ACC-00069,39.02,2026-08-28 08:00:00,0,,True
TX-003730,ACC-00148,ACC-00493,413.0,2026-08-17 05:00:00,0,,True
TX-003731,ACC-00401,ACC-00806,88.13,2026-08-28 00:00:00,0,,True
TX-003732,ACC-00606,ACC-00199,131.8,2026-08-30 10:00:00,0,,True
TX-003733,ACC-00232,ACC-00987,475.03,2026-09-06 00:00:00,0,,True
TX-003734,ACC-00127,ACC-00744,372.43,2026-08-10 15:00:00,0,,True
TX-003735,ACC-00156,ACC-00211,227.26,2026-08-20 04:00:00,0,,True
TX-003736,ACC-00779,ACC-00336,15.28,2026-09-06 20:00:00,0,,True
TX-003737,ACC-00319,ACC-00537,60.28,2026-08-20 17:00:00,0,,True
TX-003738,ACC-00483,ACC-00238,333.61,2026-09-01 09:00:00,0,,True
TX-003739,ACC-00555,ACC-00761,308.92,2026-09-06 10:00:00,0,,True
TX-003740,ACC-00902,ACC-00773,456.15,2026-08-31 04:00:00,0,,True
TX-003741,ACC-00973,ACC-00042,196.94,2026-08-13 04:00:00,0,,True
TX-003742,ACC-00116,ACC-00642,238.6,2026-08-23 07:00:00,0,,True
TX-003743,ACC-00898,ACC-00727,348.8,2026-08-15 21:00:00,0,,True
TX-003744,ACC-00777,ACC-00299,120.07,2026-09-07 10:00:00,0,,True
TX-003745,ACC-00750,ACC-00618,480.27,2026-08-14 01:00:00,0,,True
TX-003746,ACC-00248,ACC-00891,426.48,2026-08-25 14:00:00,0,,True
TX-003747,ACC-00987,ACC-00443,216.62,2026-08-21 09:00:00,0,,True
TX-003748,ACC-00886,ACC-00789,147.3,2026-08-17 13:00:00,0,,True
TX-003749,ACC-00283,ACC-00927,133.32,2026-08-25 02:00:00,0,,True
TX-003750,ACC-00430,ACC-00683,419.79,2026-08-30 10:00:00,0,,True
TX-003751,ACC-00014,ACC-00104,359.42,2026-08-26 05:00:00,0,,True
TX-003752,ACC-00600,ACC-00507,118.48,2026-08-27 15:00:00,0,,True
TX-003753,ACC-00273,ACC-00107,498.68,2026-08-14 14:00:00,0,,True
TX-003754,ACC-00500,ACC-00575,307.25,2026-08-23 00:00:00,0,,True
TX-003755,ACC-00622,ACC-00532,436.49,2026-08-20 00:00:00,0,,True
TX-003756,ACC-00044,ACC-00617,62.82,2026-08-14 16:00:00,0,,True
TX-003757,ACC-00977,ACC-00101,292.06,2026-09-07 05:00:00,0,,True
TX-003758,ACC-00370,ACC-00595,339.58,2026-08-12 17:00:00,0,,True
TX-003759,ACC-00432,ACC-00835,202.94,2026-08-18 11:00:00,0,,True
TX-003760,ACC-00356,ACC-00663,396.19,2026-08-13 22:00:00,0,,True
TX-003761,ACC-00588,ACC-00885,266.16,2026-08-11 00:00:00,0,,True
TX-003762,ACC-00833,ACC-00825,317.78,2026-08-16 23:00:00,0,,True
TX-003763,ACC-00686,ACC-00930,22.56,2026-08-23 07:00:00,0,,True
TX-003764,ACC-00025,ACC-00646,473.52,2026-09-07 03:00:00,0,,True
TX-003765,ACC-00943,ACC-00423,402.93,2026-08-17 22:00:00,0,,True
TX-003766,ACC-00870,ACC-00913,134.22,2026-08-14 15:00:00,0,,True
TX-003767,ACC-00353,ACC-00361,487.05,2026-09-03 04:00:00,0,,True
TX-003768,ACC-00457,ACC-00803,33.42,2026-08-26 14:00:00,0,,True
TX-003769,ACC-00651,ACC-00270,386.62,2026-09-05 06:00:00,0,,True
TX-003770,ACC-00572,ACC-00790,433.11,2026-08-21 02:00:00,0,,True
TX-003771,ACC-00759,ACC-00411,379.13,2026-08-17 07:00:00,0,,True
TX-003772,ACC-00865,ACC-00512,429.76,2026-08-31 01:00:00,0,,True
TX-003773,ACC-00632,ACC-00552,372.53,2026-08-15 05:00:00,0,,True
TX-003774,ACC-00325,ACC-00849,159.86,2026-08-11 13:00:00,0,,True
TX-003775,ACC-00093,ACC-00655,208.97,2026-08-21 21:00:00,0,,True
TX-003776,ACC-00655,ACC-00191,380.72,2026-09-04 04:00:00,0,,True
TX-003777,ACC-00877,ACC-00725,247.87,2026-08-30 22:00:00,0,,True
TX-003778,ACC-00918,ACC-00371,379.84,2026-08-11 07:00:00,0,,True
TX-003779,ACC-00331,ACC-00017,64.63,2026-08-23 03:00:00,0,,True
TX-003780,ACC-00931,ACC-00519,353.11,2026-08-24 03:00:00,0,,True
TX-003781,ACC-00775,ACC-00574,273.74,2026-08-28 17:00:00,0,,True
TX-003782,ACC-00713,ACC-00078,107.32,2026-09-07 14:00:00,0,,True
TX-003783,ACC-00613,ACC-00937,439.7,2026-08-29 04:00:00,0,,True
TX-003784,ACC-00150,ACC-00734,176.68,2026-08-30 00:00:00,0,,True
TX-003785,ACC-00137,ACC-00944,198.77,2026-08-13 13:00:00,0,,True
TX-003786,ACC-00835,ACC-00898,444.85,2026-08-31 17:00:00,0,,True
TX-003787,ACC-00584,ACC-00995,50.28,2026-09-02 22:00:00,0,,True
TX-003788,ACC-00846,ACC-00042,130.49,2026-09-05 15:00:00,0,,True
TX-003789,ACC-00281,ACC-00027,252.3,2026-08-14 14:00:00,0,,True
TX-003790,ACC-00225,ACC-00252,438.82,2026-08-26 16:00:00,0,,True
TX-003791,ACC-00832,ACC-00222,81.23,2026-09-01 05:00:00,0,,True
TX-003792,ACC-00988,ACC-00022,430.19,2026-08-25 22:00:00,0,,True
TX-003793,ACC-00425,ACC-00570,280.1,2026-08-23 06:00:00,0,,True
TX-003794,ACC-00423,ACC-00191,425.47,2026-08-23 00:00:00,0,,True
TX-003795,ACC-00643,ACC-00590,445.42,2026-08-28 13:00:00,0,,True
TX-003796,ACC-00268,ACC-00724,400.43,2026-08-30 04:00:00,0,,True
TX-003797,ACC-00442,ACC-00380,188.61,2026-08-12 05:00:00,0,,True
TX-003798,ACC-00328,ACC-00554,184.97,2026-08-10 14:00:00,0,,True
TX-003799,ACC-00138,ACC-00330,431.37,2026-08-19 05:00:00,0,,True
TX-003800,ACC-00815,ACC-00552,293.69,2026-09-06 20:00:00,0,,True
TX-003801,ACC-00726,ACC-00488,272.33,2026-09-06 17:00:00,0,,True
TX-003802,ACC-00234,ACC-00738,180.69,2026-08-18 16:00:00,0,,True
TX-003803,ACC-00568,ACC-00841,492.69,2026-08-27 04:00:00,0,,True
TX-003804,ACC-00589,ACC-00857,36.07,2026-08-21 22:00:00,0,,True
TX-003805,ACC-00510,ACC-00606,223.73,2026-08-11 07:00:00,0,,True
TX-003806,ACC-00023,ACC-00574,229.75,2026-08-21 11:00:00,0,,True
TX-003807,ACC-00918,ACC-00356,243.55,2026-08-19 08:00:00,0,,True
TX-003808,ACC-00066,ACC-00699,183.66,2026-08-10 13:00:00,0,,True
TX-003809,ACC-00283,ACC-00584,133.49,2026-08-12 13:00:00,0,,True
TX-003810,ACC-00029,ACC-00731,302.89,2026-08-27 14:00:00,0,,True
TX-003811,ACC-00783,ACC-00966,75.34,2026-08-29 06:00:00,0,,True
TX-003812,ACC-00678,ACC-00463,161.81,2026-08-18 15:00:00,0,,True
TX-003813,ACC-00312,ACC-00339,123.96,2026-08-15 20:00:00,0,,True
TX-003814,ACC-00969,ACC-00417,80.67,2026-08-23 15:00:00,0,,True
TX-003815,ACC-00601,ACC-00323,432.74,2026-08-22 11:00:00,0,,True
TX-003816,ACC-00730,ACC-00773,185.59,2026-09-07 10:00:00,0,,True
TX-003817,ACC-00629,ACC-00066,269.59,2026-08-18 07:00:00,0,,True
TX-003818,ACC-00751,ACC-00200,131.91,2026-08-22 07:00:00,0,,True
TX-003819,ACC-00856,ACC-00186,24.45,2026-08-11 21:00:00,0,,True
TX-003820,ACC-00747,ACC-00123,172.58,2026-09-07 00:00:00,0,,True
TX-003821,ACC-00588,ACC-00718,475.02,2026-08-28 23:00:00,0,,True
TX-003822,ACC-00391,ACC-00714,242.46,2026-08-14 02:00:00,0,,True
TX-003823,ACC-00188,ACC-00099,162.49,2026-09-04 14:00:00,0,,True
TX-003824,ACC-00441,ACC-00901,133.49,2026-09-08 07:00:00,0,,True
TX-003825,ACC-00267,ACC-00412,108.3,2026-08-29 16:00:00,0,,True
TX-003826,ACC-00649,ACC-00084,176.46,2026-08-17 09:00:00,0,,True
TX-003827,ACC-00537,ACC-00264,20.0,2026-08-22 11:00:00,0,,True
TX-003828,ACC-00571,ACC-00061,344.53,2026-09-07 07:00:00,0,,True
TX-003829,ACC-00002,ACC-00987,492.71,2026-09-10 12:00:00,0,,True
TX-003830,ACC-00335,ACC-00394,160.07,2026-08-15 18:00:00,0,,True
TX-003831,ACC-00577,ACC-00384,431.09,2026-08-11 07:00:00,0,,True
TX-003832,ACC-00194,ACC-00652,314.23,2026-09-04 19:00:00,0,,True
TX-003833,ACC-00224,ACC-00354,57.51,2026-08-20 08:00:00,0,,True
TX-003834,ACC-00615,ACC-00384,291.25,2026-08-12 22:00:00,0,,True
TX-003835,ACC-00724,ACC-00867,441.04,2026-09-04 20:00:00,0,,True
TX-003836,ACC-00153,ACC-00834,411.31,2026-09-09 17:00:00,0,,True
TX-003837,ACC-00040,ACC-00958,273.42,2026-08-11 09:00:00,0,,True
TX-003838,ACC-00827,ACC-00957,162.72,2026-09-01 09:00:00,0,,True
TX-003839,ACC-00358,ACC-00700,98.4,2026-08-25 07:00:00,0,,True
TX-003840,ACC-00922,ACC-00103,253.85,2026-08-22 08:00:00,0,,True
TX-003841,ACC-00628,ACC-00943,175.32,2026-08-26 15:00:00,0,,True
TX-003842,ACC-00562,ACC-00852,200.53,2026-08-27 09:00:00,0,,True
TX-003843,ACC-00685,ACC-00568,42.08,2026-09-03 01:00:00,0,,True
TX-003844,ACC-00145,ACC-00246,480.59,2026-08-26 06:00:00,0,,True
TX-003845,ACC-00814,ACC-00414,30.38,2026-09-08 21:00:00,0,,True
TX-003846,ACC-00831,ACC-00864,455.74,2026-08-18 18:00:00,0,,True
TX-003847,ACC-00102,ACC-00869,264.72,2026-08-19 16:00:00,0,,True
TX-003848,ACC-00329,ACC-00934,268.4,2026-08-22 14:00:00,0,,True
TX-003849,ACC-00545,ACC-00535,203.15,2026-08-23 16:00:00,0,,True
TX-003850,ACC-00206,ACC-00290,166.96,2026-08-27 06:00:00,0,,True
TX-003851,ACC-00300,ACC-00967,316.91,2026-08-28 23:00:00,0,,True
TX-003852,ACC-00387,ACC-00085,250.33,2026-08-26 09:00:00,0,,True
TX-003853,ACC-00330,ACC-00575,247.21,2026-08-29 03:00:00,0,,True
TX-003854,ACC-00510,ACC-00806,387.66,2026-08-16 15:00:00,0,,True
TX-003855,ACC-00716,ACC-00057,268.5,2026-09-09 06:00:00,0,,True
TX-003856,ACC-00970,ACC-00092,160.49,2026-08-22 13:00:00,0,,True
TX-003857,ACC-00922,ACC-00585,275.97,2026-08-21 02:00:00,0,,True
TX-003858,ACC-00757,ACC-00050,271.8,2026-09-09 03:00:00,0,,True
TX-003859,ACC-00395,ACC-00193,182.37,2026-08-24 11:00:00,0,,True
TX-003860,ACC-00844,ACC-00846,345.24,2026-08-27 13:00:00,0,,True
TX-003861,ACC-00521,ACC-00537,426.12,2026-08-25 01:00:00,0,,True
TX-003862,ACC-00698,ACC-00716,31.91,2026-09-04 09:00:00,0,,True
TX-003863,ACC-00469,ACC-00973,101.0,2026-09-02 14:00:00,0,,True
TX-003864,ACC-00328,ACC-00075,359.88,2026-08-26 06:00:00,0,,True
TX-003865,ACC-00585,ACC-00656,310.38,2026-09-09 00:00:00,0,,True
TX-003866,ACC-00211,ACC-00922,347.8,2026-08-12 03:00:00,0,,True
TX-003867,ACC-00005,ACC-00927,127.79,2026-08-15 02:00:00,0,,True
TX-003868,ACC-00182,ACC-00400,415.02,2026-08-30 00:00:00,0,,True
TX-003869,ACC-00046,ACC-00160,79.42,2026-09-02 17:00:00,0,,True
TX-003870,ACC-00685,ACC-00265,442.15,2026-08-27 15:00:00,0,,True
TX-003871,ACC-00585,ACC-00728,433.23,2026-08-21 03:00:00,0,,True
TX-003872,ACC-00210,ACC-00963,440.55,2026-08-18 04:00:00,0,,True
TX-003873,ACC-00420,ACC-00707,15.01,2026-08-14 23:00:00,0,,True
TX-003874,ACC-00387,ACC-00285,422.89,2026-09-03 21:00:00,0,,True
TX-003875,ACC-00260,ACC-00615,15.11,2026-08-19 00:00:00,0,,True
TX-003876,ACC-00043,ACC-00713,385.89,2026-09-05 15:00:00,0,,True
TX-003877,ACC-00707,ACC-00229,44.56,2026-09-07 09:00:00,0,,True
TX-003878,ACC-00163,ACC-00924,397.68,2026-09-08 07:00:00,0,,True
TX-003879,ACC-00550,ACC-00336,92.01,2026-08-18 04:00:00,0,,True
TX-003880,ACC-00979,ACC-00698,360.36,2026-08-19 00:00:00,0,,True
TX-003881,ACC-00292,ACC-00550,150.36,2026-08-13 18:00:00,0,,True
TX-003882,ACC-00268,ACC-00112,382.88,2026-08-29 06:00:00,0,,True
TX-003883,ACC-00974,ACC-00089,281.83,2026-08-26 06:00:00,0,,True
TX-003884,ACC-00131,ACC-00531,497.82,2026-08-25 21:00:00,0,,True
TX-003885,ACC-00112,ACC-00115,122.04,2026-08-15 00:00:00,0,,True
TX-003886,ACC-00189,ACC-00086,383.65,2026-08-16 10:00:00,0,,True
TX-003887,ACC-00248,ACC-00447,311.51,2026-08-26 13:00:00,0,,True
TX-003888,ACC-00147,ACC-00453,302.53,2026-09-08 15:00:00,0,,True
TX-003889,ACC-00957,ACC-00516,385.73,2026-09-04 06:00:00,0,,True
TX-003890,ACC-00743,ACC-00326,31.44,2026-09-10 08:00:00,0,,True
TX-003891,ACC-00350,ACC-00881,475.7,2026-08-12 07:00:00,0,,True
TX-003892,ACC-00359,ACC-00474,108.32,2026-08-21 11:00:00,0,,True
TX-003893,ACC-00401,ACC-00390,85.02,2026-08-31 20:00:00,0,,True
TX-003894,ACC-00066,ACC-00231,100.14,2026-09-04 02:00:00,0,,True
TX-003895,ACC-00674,ACC-00739,225.05,2026-08-13 22:00:00,0,,True
TX-003896,ACC-00072,ACC-00864,130.43,2026-08-25 03:00:00,0,,True
TX-003897,ACC-00571,ACC-00165,80.25,2026-08-11 02:00:00,0,,True
TX-003898,ACC-00059,ACC-00115,345.53,2026-08-27 20:00:00,0,,True
TX-003899,ACC-00548,ACC-00018,313.11,2026-09-04 13:00:00,0,,True
TX-003900,ACC-00956,ACC-00330,191.48,2026-09-06 09:00:00,0,,True
TX-003901,ACC-00701,ACC-00240,12.89,2026-09-09 18:00:00,0,,True
TX-003902,ACC-00060,ACC-00834,199.89,2026-08-23 09:00:00,0,,True
TX-003903,ACC-00878,ACC-00230,383.47,2026-09-08 18:00:00,0,,True
TX-003904,ACC-00559,ACC-00076,19.7,2026-08-14 21:00:00,0,,True
TX-003905,ACC-00960,ACC-00586,325.95,2026-08-31 15:00:00,0,,True
TX-003906,ACC-00631,ACC-00397,230.34,2026-08-18 05:00:00,0,,True
TX-003907,ACC-00700,ACC-00503,310.18,2026-08-29 16:00:00,0,,True
TX-003908,ACC-00466,ACC-00491,460.52,2026-09-05 22:00:00,0,,True
TX-003909,ACC-00550,ACC-00901,186.47,2026-09-06 03:00:00,0,,True
TX-003910,ACC-00653,ACC-00749,95.43,2026-08-11 00:00:00,0,,True
TX-003911,ACC-00264,ACC-00904,88.56,2026-08-18 12:00:00,0,,True
TX-003912,ACC-00443,ACC-00825,156.93,2026-09-08 22:00:00,0,,True
TX-003913,ACC-00421,ACC-00728,441.1,2026-08-14 05:00:00,0,,True
TX-003914,ACC-00412,ACC-00129,421.67,2026-08-30 06:00:00,0,,True
TX-003915,ACC-00965,ACC-00416,216.36,2026-08-27 22:00:00,0,,True
TX-003916,ACC-00752,ACC-00464,227.51,2026-08-28 22:00:00,0,,True
TX-003917,ACC-00373,ACC-00346,169.75,2026-08-29 08:00:00,0,,True
TX-003918,ACC-00741,ACC-00543,110.9,2026-09-03 14:00:00,0,,True
TX-003919,ACC-00196,ACC-00583,105.35,2026-08-13 13:00:00,0,,True
TX-003920,ACC-00676,ACC-00803,313.25,2026-08-12 22:00:00,0,,True
TX-003921,ACC-00562,ACC-00884,384.35,2026-08-28 01:00:00,0,,True
TX-003922,ACC-00660,ACC-00315,114.62,2026-09-05 21:00:00,0,,True
TX-003923,ACC-00112,ACC-00556,329.6,2026-08-31 17:00:00,0,,True
TX-003924,ACC-00423,ACC-00053,107.71,2026-08-30 19:00:00,0,,True
TX-003925,ACC-00912,ACC-00161,333.23,2026-08-11 20:00:00,0,,True
TX-003926,ACC-00443,ACC-00185,472.17,2026-09-09 14:00:00,0,,True
TX-003927,ACC-00212,ACC-00396,288.02,2026-09-05 04:00:00,0,,True
TX-003928,ACC-00764,ACC-00697,286.05,2026-09-05 16:00:00,0,,True
TX-003929,ACC-00412,ACC-00589,393.11,2026-09-04 08:00:00,0,,True
TX-003930,ACC-00422,ACC-00325,239.6,2026-08-13 13:00:00,0,,True
TX-003931,ACC-00134,ACC-00781,466.31,2026-08-30 17:00:00,0,,True
TX-003932,ACC-00956,ACC-00782,310.04,2026-08-17 16:00:00,0,,True
TX-003933,ACC-00897,ACC-00037,341.33,2026-08-16 10:00:00,0,,True
TX-003934,ACC-00088,ACC-00022,14.25,2026-08-14 11:00:00,0,,True
TX-003935,ACC-00340,ACC-00874,54.07,2026-08-12 01:00:00,0,,True
TX-003936,ACC-00208,ACC-00762,83.8,2026-09-04 03:00:00,0,,True
TX-003937,ACC-00861,ACC-00068,187.84,2026-08-12 02:00:00,0,,True
TX-003938,ACC-00598,ACC-00927,415.84,2026-08-26 02:00:00,0,,True
TX-003939,ACC-00721,ACC-00180,151.97,2026-09-06 19:00:00,0,,True
TX-003940,ACC-00164,ACC-00923,441.48,2026-09-04 23:00:00,0,,True
TX-003941,ACC-00122,ACC-00546,456.01,2026-08-28 07:00:00,0,,True
TX-003942,ACC-00576,ACC-00566,318.05,2026-08-19 04:00:00,0,,True
TX-003943,ACC-00707,ACC-00869,452.79,2026-09-06 15:00:00,0,,True
TX-003944,ACC-00969,ACC-00151,455.5,2026-09-07 11:00:00,0,,True
TX-003945,ACC-00139,ACC-00902,196.67,2026-08-28 21:00:00,0,,True
TX-003946,ACC-00175,ACC-00786,19.78,2026-08-19 01:00:00,0,,True
TX-003947,ACC-00954,ACC-00452,296.6,2026-09-04 22:00:00,0,,True
TX-003948,ACC-00916,ACC-00021,485.45,2026-08-10 15:00:00,0,,True
TX-003949,ACC-00581,ACC-00353,443.95,2026-09-08 01:00:00,0,,True
TX-003950,ACC-00071,ACC-00182,76.12,2026-08-31 15:00:00,0,,True
TX-003951,ACC-00404,ACC-00939,83.25,2026-08-11 15:00:00,0,,True
TX-003952,ACC-00202,ACC-00985,320.77,2026-08-31 14:00:00,0,,True
TX-003953,ACC-00812,ACC-00972,395.42,2026-08-29 17:00:00,0,,True
TX-003954,ACC-00819,ACC-00507,17.82,2026-08-12 18:00:00,0,,True
TX-003955,ACC-00428,ACC-00174,188.96,2026-09-02 06:00:00,0,,True
TX-003956,ACC-00526,ACC-00287,491.2,2026-08-13 12:00:00,0,,True
TX-003957,ACC-00502,ACC-00327,453.85,2026-09-08 16:00:00,0,,True
TX-003958,ACC-00245,ACC-00718,160.25,2026-08-26 23:00:00,0,,True
TX-003959,ACC-00346,ACC-00042,143.69,2026-08-16 15:00:00,0,,True
TX-003960,ACC-00470,ACC-00676,49.32,2026-08-24 11:00:00,0,,True
TX-003961,ACC-00134,ACC-00893,489.34,2026-08-22 12:00:00,0,,True
TX-003962,ACC-00753,ACC-00588,19.41,2026-08-29 06:00:00,0,,True
TX-003963,ACC-00927,ACC-00482,196.21,2026-09-08 14:00:00,0,,True
TX-003964,ACC-00689,ACC-00277,351.46,2026-08-31 01:00:00,0,,True
TX-003965,ACC-00823,ACC-00525,428.28,2026-08-15 23:00:00,0,,True
TX-003966,ACC-00417,ACC-00725,177.64,2026-08-11 01:00:00,0,,True
TX-003967,ACC-00737,ACC-00268,280.67,2026-08-26 03:00:00,0,,True
TX-003968,ACC-00274,ACC-00086,457.55,2026-08-11 15:00:00,0,,True
TX-003969,ACC-00087,ACC-00825,336.45,2026-08-30 20:00:00,0,,True
TX-003970,ACC-00918,ACC-00117,21.27,2026-09-06 09:00:00,0,,True
TX-003971,ACC-00249,ACC-00077,96.78,2026-09-08 08:00:00,0,,True
TX-003972,ACC-00586,ACC-00821,126.1,2026-09-08 10:00:00,0,,True
TX-003973,ACC-00010,ACC-00741,16.59,2026-08-16 02:00:00,0,,True
TX-003974,ACC-00892,ACC-00931,312.56,2026-09-05 18:00:00,0,,True
TX-003975,ACC-00642,ACC-00989,436.96,2026-08-26 16:00:00,0,,True
TX-003976,ACC-00895,ACC-00339,395.2,2026-09-06 17:00:00,0,,True
TX-003977,ACC-00125,ACC-00058,355.03,2026-09-03 13:00:00,0,,True
TX-003978,ACC-00949,ACC-00084,100.93,2026-08-19 10:00:00,0,,True
TX-003979,ACC-00004,ACC-00444,397.88,2026-09-03 06:00:00,0,,True
TX-003980,ACC-00052,ACC-00735,48.91,2026-08-30 16:00:00,0,,True
TX-003981,ACC-00543,ACC-00198,243.26,2026-09-03 14:00:00,0,,True
TX-003982,ACC-00508,ACC-00620,356.07,2026-08-26 03:00:00,0,,True
TX-003983,ACC-00750,ACC-00693,299.99,2026-08-14 11:00:00,0,,True
TX-003984,ACC-00454,ACC-00190,258.72,2026-09-08 07:00:00,0,,True
TX-003985,ACC-00998,ACC-00203,139.0,2026-08-12 19:00:00,0,,True
TX-003986,ACC-00590,ACC-00997,102.78,2026-09-06 14:00:00,0,,True
TX-003987,ACC-00780,ACC-00078,102.22,2026-08-14 02:00:00,0,,True
TX-003988,ACC-00775,ACC-00234,89.59,2026-08-20 18:00:00,0,,True
TX-003989,ACC-00304,ACC-00616,212.02,2026-08-21 03:00:00,0,,True
TX-003990,ACC-00224,ACC-00437,132.97,2026-08-29 13:00:00,0,,True
TX-003991,ACC-00247,ACC-00544,13.42,2026-08-12 15:00:00,0,,True
TX-003992,ACC-00258,ACC-00289,379.61,2026-09-08 11:00:00,0,,True
TX-003993,ACC-00065,ACC-00506,178.67,2026-08-18 11:00:00,0,,True
TX-003994,ACC-00635,ACC-00774,410.67,2026-09-07 15:00:00,0,,True
TX-003995,ACC-00783,ACC-00921,360.89,2026-09-09 13:00:00,0,,True
TX-003996,ACC-00691,ACC-00091,166.02,2026-08-17 01:00:00,0,,True
TX-003997,ACC-00715,ACC-00698,306.7,2026-08-11 10:00:00,0,,True
TX-003998,ACC-00583,ACC-00269,366.3,2026-08-30 22:00:00,0,,True
TX-003999,ACC-00367,ACC-00761,407.37,2026-08-29 21:00:00,0,,True
TX-004000,ACC-00308,ACC-00782,249.65,2026-08-23 13:00:00,0,,True
TX-004001,ACC-00195,ACC-00234,297.74,2026-09-08 14:00:00,0,,True
TX-004002,ACC-00362,ACC-00420,237.82,2026-08-27 02:00:00,0,,True
TX-004003,ACC-00946,ACC-00816,424.78,2026-08-28 22:00:00,0,,True
TX-004004,ACC-00890,ACC-00921,237.55,2026-09-06 08:00:00,0,,True
TX-004005,ACC-00756,ACC-00769,198.93,2026-08-11 12:00:00,0,,True
TX-004006,ACC-00895,ACC-00143,396.25,2026-08-28 16:00:00,0,,True
TX-004007,ACC-00153,ACC-00410,189.2,2026-08-27 15:00:00,0,,True
TX-004008,ACC-00928,ACC-00177,84.01,2026-08-11 07:00:00,0,,True
TX-004009,ACC-00223,ACC-00098,18.03,2026-08-26 08:00:00,0,,True
TX-004010,ACC-00278,ACC-00346,106.9,2026-08-26 00:00:00,0,,True
TX-004011,ACC-00163,ACC-00311,416.59,2026-08-13 19:00:00,0,,True
TX-004012,ACC-00285,ACC-00234,103.07,2026-08-21 13:00:00,0,,True
TX-004013,ACC-00512,ACC-00444,223.2,2026-08-14 07:00:00,0,,True
TX-004014,ACC-00500,ACC-00993,336.24,2026-08-30 09:00:00,0,,True
TX-004015,ACC-00069,ACC-00976,168.41,2026-08-25 17:00:00,0,,True
TX-004016,ACC-00297,ACC-00145,125.22,2026-08-10 21:00:00,0,,True
TX-004017,ACC-00823,ACC-00222,214.01,2026-09-10 03:00:00,0,,True
TX-004018,ACC-00647,ACC-00163,175.9,2026-08-31 15:00:00,0,,True
TX-004019,ACC-00634,ACC-00440,309.7,2026-08-22 08:00:00,0,,True
TX-004020,ACC-00543,ACC-00289,177.14,2026-08-29 14:00:00,0,,True
TX-004021,ACC-00885,ACC-00132,191.09,2026-08-26 10:00:00,0,,True
TX-004022,ACC-00019,ACC-00458,191.3,2026-09-03 06:00:00,0,,True
TX-004023,ACC-00968,ACC-00335,347.26,2026-08-12 02:00:00,0,,True
TX-004024,ACC-00650,ACC-00938,451.9,2026-08-26 04:00:00,0,,True
TX-004025,ACC-00569,ACC-00349,292.84,2026-08-30 14:00:00,0,,True
TX-004026,ACC-00200,ACC-00924,72.3,2026-08-30 16:00:00,0,,True
TX-004027,ACC-00587,ACC-00995,456.58,2026-08-18 18:00:00,0,,True
TX-004028,ACC-00625,ACC-00243,408.53,2026-09-02 21:00:00,0,,True
TX-004029,ACC-00577,ACC-00482,446.37,2026-08-30 20:00:00,0,,True
TX-004030,ACC-00902,ACC-00098,198.23,2026-09-05 17:00:00,0,,True
TX-004031,ACC-00330,ACC-00084,269.33,2026-08-26 17:00:00,0,,True
TX-004032,ACC-00923,ACC-00913,474.1,2026-08-18 04:00:00,0,,True
TX-004033,ACC-00069,ACC-00461,200.89,2026-09-04 04:00:00,0,,True
TX-004034,ACC-00729,ACC-00147,188.25,2026-08-17 11:00:00,0,,True
TX-004035,ACC-00486,ACC-00253,119.43,2026-09-10 02:00:00,0,,True
TX-004036,ACC-00365,ACC-00845,314.12,2026-08-24 08:00:00,0,,True
TX-004037,ACC-00803,ACC-00280,478.77,2026-08-26 02:00:00,0,,True
TX-004038,ACC-00620,ACC-00905,272.79,2026-08-14 16:00:00,0,,True
TX-004039,ACC-00193,ACC-00981,462.62,2026-08-22 09:00:00,0,,True
TX-004040,ACC-00303,ACC-00752,39.68,2026-08-13 06:00:00,0,,True
TX-004041,ACC-00537,ACC-00819,257.02,2026-09-03 00:00:00,0,,True
TX-004042,ACC-00434,ACC-00718,411.11,2026-09-10 03:00:00,0,,True
TX-004043,ACC-00268,ACC-00210,80.59,2026-09-10 12:00:00,0,,True
TX-004044,ACC-00668,ACC-00660,383.56,2026-09-08 01:00:00,0,,True
TX-004045,ACC-00477,ACC-00795,455.81,2026-09-05 22:00:00,0,,True
TX-004046,ACC-00641,ACC-00392,282.08,2026-08-21 22:00:00,0,,True
TX-004047,ACC-00777,ACC-00322,62.79,2026-09-01 22:00:00,0,,True
TX-004048,ACC-00283,ACC-00203,356.09,2026-08-27 03:00:00,0,,True
TX-004049,ACC-00167,ACC-00601,72.98,2026-08-11 12:00:00,0,,True
TX-004050,ACC-00127,ACC-00054,435.19,2026-08-23 21:00:00,0,,True
TX-004051,ACC-00378,ACC-00146,164.48,2026-08-18 00:00:00,0,,True
TX-004052,ACC-00564,ACC-00027,318.16,2026-08-21 02:00:00,0,,True
TX-004053,ACC-00406,ACC-00183,170.04,2026-08-15 11:00:00,0,,True
TX-004054,ACC-00660,ACC-00290,168.77,2026-08-16 18:00:00,0,,True
TX-004055,ACC-00041,ACC-00905,260.74,2026-08-17 14:00:00,0,,True
TX-004056,ACC-00731,ACC-00136,253.37,2026-08-12 10:00:00,0,,True
TX-004057,ACC-00144,ACC-00156,60.1,2026-09-04 14:00:00,0,,True
TX-004058,ACC-00241,ACC-00095,379.78,2026-08-30 02:00:00,0,,True
TX-004059,ACC-00084,ACC-00423,178.35,2026-09-07 21:00:00,0,,True
TX-004060,ACC-00411,ACC-00559,40.45,2026-08-27 16:00:00,0,,True
TX-004061,ACC-00809,ACC-00406,350.35,2026-08-24 10:00:00,0,,True
TX-004062,ACC-00834,ACC-00213,229.76,2026-09-07 04:00:00,0,,True
TX-004063,ACC-00233,ACC-00246,37.69,2026-08-19 19:00:00,0,,True
TX-004064,ACC-00025,ACC-00054,325.02,2026-08-19 05:00:00,0,,True
TX-004065,ACC-00491,ACC-00044,30.67,2026-08-17 05:00:00,0,,True
TX-004066,ACC-00973,ACC-00157,477.67,2026-09-05 20:00:00,0,,True
TX-004067,ACC-00328,ACC-00331,199.89,2026-08-20 15:00:00,0,,True
TX-004068,ACC-00406,ACC-00020,260.02,2026-08-31 21:00:00,0,,True
TX-004069,ACC-00025,ACC-00686,360.22,2026-08-27 19:00:00,0,,True
TX-004070,ACC-00070,ACC-00042,108.06,2026-09-09 06:00:00,0,,True
TX-004071,ACC-00236,ACC-00597,250.82,2026-08-29 14:00:00,0,,True
TX-004072,ACC-00083,ACC-00596,442.01,2026-08-25 07:00:00,0,,True
TX-004073,ACC-00407,ACC-00218,84.61,2026-09-09 16:00:00,0,,True
TX-004074,ACC-00763,ACC-00638,147.89,2026-08-24 01:00:00,0,,True
TX-004075,ACC-00524,ACC-00398,88.33,2026-09-03 17:00:00,0,,True
TX-004076,ACC-00263,ACC-00343,105.93,2026-08-13 04:00:00,0,,True
TX-004077,ACC-00403,ACC-00123,328.73,2026-08-27 12:00:00,0,,True
TX-004078,ACC-00457,ACC-00618,484.19,2026-08-19 20:00:00,0,,True
TX-004079,ACC-00789,ACC-00416,110.25,2026-09-07 11:00:00,0,,True
TX-004080,ACC-00397,ACC-00824,62.3,2026-08-12 06:00:00,0,,True
TX-004081,ACC-00205,ACC-00778,289.4,2026-08-18 03:00:00,0,,True
TX-004082,ACC-00853,ACC-00707,340.36,2026-08-12 18:00:00,0,,True
TX-004083,ACC-00838,ACC-00311,186.86,2026-09-08 16:00:00,0,,True
TX-004084,ACC-00642,ACC-00236,287.75,2026-08-13 04:00:00,0,,True
TX-004085,ACC-00223,ACC-00524,21.67,2026-09-10 06:00:00,0,,True
TX-004086,ACC-00850,ACC-00186,431.58,2026-09-03 21:00:00,0,,True
TX-004087,ACC-00970,ACC-00738,200.4,2026-08-30 22:00:00,0,,True
TX-004088,ACC-00401,ACC-00617,379.39,2026-08-11 21:00:00,0,,True
TX-004089,ACC-00492,ACC-00575,302.4,2026-08-15 15:00:00,0,,True
TX-004090,ACC-00878,ACC-00961,131.77,2026-08-22 09:00:00,0,,True
TX-004091,ACC-00906,ACC-00001,427.81,2026-08-22 11:00:00,0,,True
TX-004092,ACC-00878,ACC-00012,473.93,2026-08-12 12:00:00,0,,True
TX-004093,ACC-00311,ACC-00456,196.9,2026-08-23 07:00:00,0,,True
TX-004094,ACC-00100,ACC-00055,190.34,2026-08-21 06:00:00,0,,True
TX-004095,ACC-00995,ACC-00434,373.5,2026-08-30 10:00:00,0,,True
TX-004096,ACC-00287,ACC-00428,330.28,2026-09-01 11:00:00,0,,True
TX-004097,ACC-00921,ACC-00123,158.0,2026-09-01 22:00:00,0,,True
TX-004098,ACC-00953,ACC-00955,444.81,2026-08-16 06:00:00,0,,True
TX-004099,ACC-00124,ACC-00942,321.99,2026-08-10 15:00:00,0,,True
TX-004100,ACC-00812,ACC-00032,441.34,2026-08-11 21:00:00,0,,True
TX-004101,ACC-00179,ACC-00015,65.17,2026-08-18 05:00:00,0,,True
TX-004102,ACC-00467,ACC-00891,444.36,2026-08-18 19:00:00,0,,True
TX-004103,ACC-00280,ACC-00277,21.05,2026-08-22 21:00:00,0,,True
TX-004104,ACC-00065,ACC-00749,348.98,2026-09-04 10:00:00,0,,True
TX-004105,ACC-00408,ACC-00695,194.94,2026-09-08 21:00:00,0,,True
TX-004106,ACC-00443,ACC-00851,238.19,2026-09-05 12:00:00,0,,True
TX-004107,ACC-00591,ACC-00919,31.58,2026-09-08 04:00:00,0,,True
TX-004108,ACC-00727,ACC-00289,362.25,2026-09-04 04:00:00,0,,True
TX-004109,ACC-00025,ACC-00688,143.26,2026-08-14 06:00:00,0,,True
TX-004110,ACC-00241,ACC-00707,229.51,2026-09-09 16:00:00,0,,True
TX-004111,ACC-00046,ACC-00895,285.97,2026-08-13 23:00:00,0,,True
TX-004112,ACC-00573,ACC-00975,354.44,2026-08-16 05:00:00,0,,True
TX-004113,ACC-00733,ACC-00869,373.84,2026-09-01 01:00:00,0,,True
TX-004114,ACC-00091,ACC-00613,189.98,2026-08-14 21:00:00,0,,True
TX-004115,ACC-00558,ACC-00168,192.9,2026-08-13 01:00:00,0,,True
TX-004116,ACC-00744,ACC-00565,274.98,2026-08-30 13:00:00,0,,True
TX-004117,ACC-00655,ACC-00356,209.43,2026-08-23 00:00:00,0,,True
TX-004118,ACC-00382,ACC-00479,491.92,2026-08-17 03:00:00,0,,True
TX-004119,ACC-00152,ACC-00834,339.6,2026-08-12 21:00:00,0,,True
TX-004120,ACC-00692,ACC-00556,209.83,2026-08-10 23:00:00,0,,True
TX-004121,ACC-00089,ACC-00617,134.07,2026-09-06 02:00:00,0,,True
TX-004122,ACC-00947,ACC-00368,326.28,2026-08-26 19:00:00,0,,True
TX-004123,ACC-00883,ACC-00697,90.5,2026-09-09 02:00:00,0,,True
TX-004124,ACC-00519,ACC-00941,431.26,2026-08-21 08:00:00,0,,True
TX-004125,ACC-00614,ACC-00350,274.7,2026-08-14 13:00:00,0,,True
TX-004126,ACC-00164,ACC-00872,401.38,2026-09-06 06:00:00,0,,True
TX-004127,ACC-00845,ACC-00710,204.21,2026-08-14 23:00:00,0,,True
TX-004128,ACC-00902,ACC-00115,495.35,2026-08-24 11:00:00,0,,True
TX-004129,ACC-00533,ACC-00107,291.98,2026-09-01 19:00:00,0,,True
TX-004130,ACC-00681,ACC-00965,90.7,2026-09-02 15:00:00,0,,True
TX-004131,ACC-00727,ACC-00807,174.1,2026-09-07 02:00:00,0,,True
TX-004132,ACC-00750,ACC-00857,400.49,2026-08-24 00:00:00,0,,True
TX-004133,ACC-00536,ACC-00673,411.49,2026-09-02 18:00:00,0,,True
TX-004134,ACC-00360,ACC-00768,209.92,2026-08-17 09:00:00,0,,True
TX-004135,ACC-00232,ACC-00656,325.51,2026-09-05 14:00:00,0,,True
TX-004136,ACC-00917,ACC-00772,102.28,2026-09-09 20:00:00,0,,True
TX-004137,ACC-00820,ACC-00111,252.65,2026-08-12 10:00:00,0,,True
TX-004138,ACC-00712,ACC-00973,160.21,2026-08-17 00:00:00,0,,True
TX-004139,ACC-00311,ACC-00846,112.53,2026-08-21 09:00:00,0,,True
TX-004140,ACC-00975,ACC-00835,103.59,2026-09-10 12:00:00,0,,True
TX-004141,ACC-00303,ACC-00124,111.47,2026-08-14 15:00:00,0,,True
TX-004142,ACC-00074,ACC-00069,134.18,2026-08-11 09:00:00,0,,True
TX-004143,ACC-00433,ACC-00968,185.18,2026-08-29 12:00:00,0,,True
TX-004144,ACC-00715,ACC-00612,157.11,2026-08-29 01:00:00,0,,True
TX-004145,ACC-00214,ACC-00312,219.98,2026-08-22 21:00:00,0,,True
TX-004146,ACC-00651,ACC-00630,300.73,2026-08-19 21:00:00,0,,True
TX-004147,ACC-00033,ACC-00512,166.62,2026-09-10 04:00:00,0,,True
TX-004148,ACC-00718,ACC-00485,431.98,2026-08-28 19:00:00,0,,True
TX-004149,ACC-00789,ACC-00101,217.12,2026-08-22 17:00:00,0,,True
TX-004150,ACC-00902,ACC-00360,475.07,2026-08-19 21:00:00,0,,True
TX-004151,ACC-00028,ACC-00390,28.95,2026-08-26 10:00:00,0,,True
TX-004152,ACC-00487,ACC-00259,276.43,2026-09-08 05:00:00,0,,True
TX-004153,ACC-00742,ACC-00851,360.65,2026-08-12 09:00:00,0,,True
TX-004154,ACC-00466,ACC-00389,377.04,2026-09-02 17:00:00,0,,True
TX-004155,ACC-00481,ACC-00036,168.21,2026-08-23 14:00:00,0,,True
TX-004156,ACC-00876,ACC-00463,116.11,2026-08-28 09:00:00,0,,True
TX-004157,ACC-00011,ACC-00701,72.91,2026-08-13 15:00:00,0,,True
TX-004158,ACC-00800,ACC-00029,468.41,2026-08-27 10:00:00,0,,True
TX-004159,ACC-00515,ACC-00186,236.96,2026-08-18 18:00:00,0,,True
TX-004160,ACC-00398,ACC-00821,463.24,2026-08-20 13:00:00,0,,True
TX-004161,ACC-00050,ACC-00260,296.97,2026-08-18 20:00:00,0,,True
TX-004162,ACC-00503,ACC-00179,452.11,2026-09-01 07:00:00,0,,True
TX-004163,ACC-00041,ACC-00298,304.55,2026-08-28 09:00:00,0,,True
TX-004164,ACC-00704,ACC-00159,484.6,2026-09-08 06:00:00,0,,True
TX-004165,ACC-00494,ACC-00498,132.03,2026-08-28 13:00:00,0,,True
TX-004166,ACC-00827,ACC-00670,453.65,2026-08-17 00:00:00,0,,True
TX-004167,ACC-00045,ACC-00310,99.51,2026-08-30 15:00:00,0,,True
TX-004168,ACC-00598,ACC-00866,251.74,2026-08-18 22:00:00,0,,True
TX-004169,ACC-00828,ACC-00718,474.54,2026-09-07 09:00:00,0,,True
TX-004170,ACC-00169,ACC-00143,74.68,2026-08-10 17:00:00,0,,True
TX-004171,ACC-00577,ACC-00025,224.67,2026-08-29 14:00:00,0,,True
TX-004172,ACC-00441,ACC-00022,357.12,2026-08-12 14:00:00,0,,True
TX-004173,ACC-00378,ACC-00651,276.31,2026-08-27 21:00:00,0,,True
TX-004174,ACC-00035,ACC-00286,223.78,2026-08-18 23:00:00,0,,True
TX-004175,ACC-00069,ACC-00067,52.75,2026-08-12 15:00:00,0,,True
TX-004176,ACC-00367,ACC-00487,206.65,2026-08-12 05:00:00,0,,True
TX-004177,ACC-00929,ACC-00951,439.01,2026-09-07 12:00:00,0,,True
TX-004178,ACC-00166,ACC-00089,289.51,2026-08-20 06:00:00,0,,True
TX-004179,ACC-00457,ACC-00676,498.3,2026-08-29 19:00:00,0,,True
TX-004180,ACC-00270,ACC-00490,42.74,2026-08-15 15:00:00,0,,True
TX-004181,ACC-00190,ACC-00597,212.5,2026-08-24 11:00:00,0,,True
TX-004182,ACC-00238,ACC-00208,82.22,2026-09-05 13:00:00,0,,True
TX-004183,ACC-00719,ACC-00401,15.48,2026-09-08 20:00:00,0,,True
TX-004184,ACC-00808,ACC-00013,65.25,2026-08-20 04:00:00,0,,True
TX-004185,ACC-00600,ACC-00544,14.34,2026-08-13 08:00:00,0,,True
TX-004186,ACC-00328,ACC-00943,129.4,2026-08-26 06:00:00,0,,True
TX-004187,ACC-00194,ACC-00680,242.63,2026-08-26 06:00:00,0,,True
TX-004188,ACC-00102,ACC-00177,200.05,2026-08-20 16:00:00,0,,True
TX-004189,ACC-00555,ACC-00880,403.9,2026-09-05 15:00:00,0,,True
TX-004190,ACC-00131,ACC-00879,259.84,2026-08-14 10:00:00,0,,True
TX-004191,ACC-00490,ACC-00526,495.03,2026-09-07 18:00:00,0,,True
TX-004192,ACC-00169,ACC-00253,317.2,2026-08-27 16:00:00,0,,True
TX-004193,ACC-00371,ACC-00961,120.42,2026-09-01 23:00:00,0,,True
TX-004194,ACC-00062,ACC-00771,221.62,2026-08-14 02:00:00,0,,True
TX-004195,ACC-00800,ACC-00405,23.56,2026-08-19 13:00:00,0,,True
TX-004196,ACC-00954,ACC-00383,201.48,2026-08-22 05:00:00,0,,True
TX-004197,ACC-00767,ACC-00930,72.39,2026-08-21 20:00:00,0,,True
TX-004198,ACC-00911,ACC-00417,326.56,2026-08-16 16:00:00,0,,True
TX-004199,ACC-00162,ACC-00248,303.5,2026-08-31 21:00:00,0,,True
TX-004200,ACC-00792,ACC-00077,222.04,2026-09-09 23:00:00,0,,True
TX-004201,ACC-00068,ACC-00576,51.57,2026-08-13 08:00:00,0,,True
TX-004202,ACC-00792,ACC-00657,29.57,2026-09-02 00:00:00,0,,True
TX-004203,ACC-00288,ACC-00476,328.58,2026-08-12 02:00:00,0,,True
TX-004204,ACC-00311,ACC-00857,272.29,2026-08-31 03:00:00,0,,True
TX-004205,ACC-00876,ACC-00972,240.26,2026-08-26 00:00:00,0,,True
TX-004206,ACC-00776,ACC-00893,421.36,2026-08-22 14:00:00,0,,True
TX-004207,ACC-00574,ACC-00946,344.27,2026-08-21 15:00:00,0,,True
TX-004208,ACC-00805,ACC-00588,77.26,2026-08-31 10:00:00,0,,True
TX-004209,ACC-00709,ACC-00502,487.86,2026-08-23 20:00:00,0,,True
TX-004210,ACC-00632,ACC-00647,40.84,2026-08-21 04:00:00,0,,True
TX-004211,ACC-00957,ACC-00278,438.63,2026-08-21 20:00:00,0,,True
TX-004212,ACC-00234,ACC-00321,464.14,2026-08-31 05:00:00,0,,True
TX-004213,ACC-00580,ACC-00196,180.77,2026-09-01 06:00:00,0,,True
TX-004214,ACC-00846,ACC-00344,263.66,2026-08-28 04:00:00,0,,True
TX-004215,ACC-00271,ACC-00613,217.69,2026-08-20 06:00:00,0,,True
TX-004216,ACC-00787,ACC-00628,446.37,2026-09-05 14:00:00,0,,True
TX-004217,ACC-00303,ACC-00195,346.68,2026-08-29 14:00:00,0,,True
TX-004218,ACC-00556,ACC-00567,167.36,2026-08-15 22:00:00,0,,True
TX-004219,ACC-00596,ACC-00533,94.97,2026-08-17 13:00:00,0,,True
TX-004220,ACC-00898,ACC-00299,322.91,2026-09-03 17:00:00,0,,True
TX-004221,ACC-00809,ACC-00649,416.89,2026-09-04 16:00:00,0,,True
TX-004222,ACC-00830,ACC-00509,193.75,2026-08-28 21:00:00,0,,True
TX-004223,ACC-00735,ACC-00278,466.92,2026-08-26 19:00:00,0,,True
TX-004224,ACC-00350,ACC-00150,134.82,2026-09-08 04:00:00,0,,True
TX-004225,ACC-00128,ACC-00990,194.52,2026-08-24 00:00:00,0,,True
TX-004226,ACC-00004,ACC-00069,102.57,2026-08-12 04:00:00,0,,True
TX-004227,ACC-00951,ACC-00507,232.83,2026-08-23 18:00:00,0,,True
TX-004228,ACC-00841,ACC-00284,260.45,2026-08-28 06:00:00,0,,True
TX-004229,ACC-00273,ACC-00053,490.97,2026-08-20 21:00:00,0,,True
TX-004230,ACC-00610,ACC-00111,243.42,2026-08-29 02:00:00,0,,True
TX-004231,ACC-00123,ACC-00144,98.74,2026-08-30 11:00:00,0,,True
TX-004232,ACC-00043,ACC-00868,44.44,2026-09-06 19:00:00,0,,True
TX-004233,ACC-00549,ACC-00275,72.44,2026-09-06 13:00:00,0,,True
TX-004234,ACC-00704,ACC-00434,110.4,2026-08-12 15:00:00,0,,True
TX-004235,ACC-00581,ACC-00062,14.83,2026-08-30 17:00:00,0,,True
TX-004236,ACC-00737,ACC-00284,149.25,2026-09-03 05:00:00,0,,True
TX-004237,ACC-00226,ACC-00634,305.79,2026-08-17 04:00:00,0,,True
TX-004238,ACC-00951,ACC-00566,183.24,2026-09-03 08:00:00,0,,True
TX-004239,ACC-00024,ACC-00567,296.22,2026-08-17 05:00:00,0,,True
TX-004240,ACC-00176,ACC-00826,483.54,2026-08-29 06:00:00,0,,True
TX-004241,ACC-00555,ACC-00632,18.55,2026-09-05 10:00:00,0,,True
TX-004242,ACC-00585,ACC-00759,310.92,2026-09-01 21:00:00,0,,True
TX-004243,ACC-00128,ACC-00098,130.63,2026-08-28 05:00:00,0,,True
TX-004244,ACC-00248,ACC-00471,308.71,2026-08-13 07:00:00,0,,True
TX-004245,ACC-00940,ACC-00226,146.94,2026-09-10 05:00:00,0,,True
TX-004246,ACC-00688,ACC-00316,223.24,2026-08-13 17:00:00,0,,True
TX-004247,ACC-00870,ACC-00396,228.62,2026-09-03 09:00:00,0,,True
TX-004248,ACC-00868,ACC-00084,210.18,2026-08-26 22:00:00,0,,True
TX-004249,ACC-00154,ACC-00757,445.18,2026-08-13 17:00:00,0,,True
TX-004250,ACC-00769,ACC-00390,21.28,2026-08-17 04:00:00,0,,True
TX-004251,ACC-00211,ACC-00903,339.92,2026-08-27 20:00:00,0,,True
TX-004252,ACC-00351,ACC-00330,20.15,2026-08-24 17:00:00,0,,True
TX-004253,ACC-00398,ACC-00859,226.67,2026-09-04 01:00:00,0,,True
TX-004254,ACC-00148,ACC-00721,47.9,2026-08-14 14:00:00,0,,True
TX-004255,ACC-00700,ACC-00387,92.51,2026-08-29 06:00:00,0,,True
TX-004256,ACC-00224,ACC-00322,183.1,2026-09-02 05:00:00,0,,True
TX-004257,ACC-00733,ACC-00298,450.24,2026-08-28 17:00:00,0,,True
TX-004258,ACC-00899,ACC-00481,480.72,2026-08-19 18:00:00,0,,True
TX-004259,ACC-00250,ACC-00661,351.81,2026-08-26 14:00:00,0,,True
TX-004260,ACC-00820,ACC-00023,200.55,2026-08-30 01:00:00,0,,True
TX-004261,ACC-00391,ACC-00021,250.57,2026-08-17 22:00:00,0,,True
TX-004262,ACC-00932,ACC-00435,53.84,2026-09-02 01:00:00,0,,True
TX-004263,ACC-00235,ACC-00276,189.63,2026-09-01 21:00:00,0,,True
TX-004264,ACC-00162,ACC-00173,117.38,2026-08-22 16:00:00,0,,True
TX-004265,ACC-00530,ACC-00614,270.16,2026-09-04 11:00:00,0,,True
TX-004266,ACC-00391,ACC-00374,33.51,2026-09-03 10:00:00,0,,True
TX-004267,ACC-00725,ACC-00938,87.79,2026-08-21 14:00:00,0,,True
TX-004268,ACC-00567,ACC-00052,132.69,2026-08-25 04:00:00,0,,True
TX-004269,ACC-00464,ACC-00153,153.64,2026-08-13 23:00:00,0,,True
TX-004270,ACC-00286,ACC-00892,458.82,2026-09-02 23:00:00,0,,True
TX-004271,ACC-00320,ACC-00171,265.05,2026-09-03 10:00:00,0,,True
TX-004272,ACC-00636,ACC-00054,290.58,2026-08-15 13:00:00,0,,True
TX-004273,ACC-00181,ACC-00296,278.49,2026-08-10 23:00:00,0,,True
TX-004274,ACC-00917,ACC-00172,125.76,2026-08-16 06:00:00,0,,True
TX-004275,ACC-00618,ACC-00730,47.75,2026-08-17 09:00:00,0,,True
TX-004276,ACC-00276,ACC-00837,393.74,2026-08-24 09:00:00,0,,True
TX-004277,ACC-00798,ACC-00474,281.18,2026-08-29 13:00:00,0,,True
TX-004278,ACC-00184,ACC-00157,271.49,2026-09-05 05:00:00,0,,True
TX-004279,ACC-00806,ACC-00009,169.48,2026-09-05 04:00:00,0,,True
TX-004280,ACC-00526,ACC-00833,20.15,2026-08-25 11:00:00,0,,True
TX-004281,ACC-00404,ACC-00139,91.83,2026-08-26 08:00:00,0,,True
TX-004282,ACC-00867,ACC-00136,128.54,2026-08-22 01:00:00,0,,True
TX-004283,ACC-00588,ACC-00802,146.85,2026-09-02 22:00:00,0,,True
TX-004284,ACC-00180,ACC-00728,63.84,2026-09-03 07:00:00,0,,True
TX-004285,ACC-00656,ACC-00621,379.71,2026-09-08 00:00:00,0,,True
TX-004286,ACC-00140,ACC-00001,150.73,2026-08-24 21:00:00,0,,True
TX-004287,ACC-00694,ACC-00773,203.56,2026-08-23 13:00:00,0,,True
TX-004288,ACC-00414,ACC-00911,267.27,2026-08-10 16:00:00,0,,True
TX-004289,ACC-00966,ACC-00533,183.43,2026-08-21 18:00:00,0,,True
TX-004290,ACC-00736,ACC-00858,377.18,2026-08-17 04:00:00,0,,True
TX-004291,ACC-00537,ACC-00960,209.76,2026-08-24 21:00:00,0,,True
TX-004292,ACC-00130,ACC-00825,27.84,2026-09-07 17:00:00,0,,True
TX-004293,ACC-00377,ACC-00863,156.24,2026-08-21 23:00:00,0,,True
TX-004294,ACC-00392,ACC-00385,156.76,2026-09-10 02:00:00,0,,True
TX-004295,ACC-00499,ACC-00204,377.65,2026-09-03 23:00:00,0,,True
TX-004296,ACC-00794,ACC-00654,377.67,2026-08-26 18:00:00,0,,True
TX-004297,ACC-00810,ACC-00777,377.12,2026-08-21 03:00:00,0,,True
TX-004298,ACC-00406,ACC-00251,79.73,2026-08-13 05:00:00,0,,True
TX-004299,ACC-00926,ACC-00450,133.93,2026-08-28 22:00:00,0,,True
TX-004300,ACC-00730,ACC-00477,192.07,2026-09-03 22:00:00,0,,True
TX-004301,ACC-00134,ACC-00426,480.21,2026-09-03 08:00:00,0,,True
TX-004302,ACC-00919,ACC-00656,462.15,2026-09-01 01:00:00,0,,True
TX-004303,ACC-00055,ACC-00359,237.89,2026-08-28 16:00:00,0,,True
TX-004304,ACC-00894,ACC-00444,48.28,2026-09-01 01:00:00,0,,True
TX-004305,ACC-00841,ACC-00525,280.29,2026-09-08 21:00:00,0,,True
TX-004306,ACC-00070,ACC-00361,172.41,2026-08-31 20:00:00,0,,True
TX-004307,ACC-00170,ACC-00012,496.13,2026-09-05 13:00:00,0,,True
TX-004308,ACC-00729,ACC-00576,142.11,2026-09-09 20:00:00,0,,True
TX-004309,ACC-00224,ACC-00646,265.33,2026-09-09 22:00:00,0,,True
TX-004310,ACC-00414,ACC-00343,401.27,2026-08-27 01:00:00,0,,True
TX-004311,ACC-00637,ACC-00335,149.61,2026-09-08 20:00:00,0,,True
TX-004312,ACC-00600,ACC-00127,442.93,2026-08-16 21:00:00,0,,True
TX-004313,ACC-00444,ACC-00782,261.85,2026-08-19 19:00:00,0,,True
TX-004314,ACC-00747,ACC-00767,287.51,2026-09-08 08:00:00,0,,True
TX-004315,ACC-00956,ACC-00845,195.18,2026-08-19 14:00:00,0,,True
TX-004316,ACC-00451,ACC-00750,364.05,2026-09-02 08:00:00,0,,True
TX-004317,ACC-00146,ACC-00781,458.35,2026-09-07 17:00:00,0,,True
TX-004318,ACC-00394,ACC-00283,203.26,2026-09-09 11:00:00,0,,True
TX-004319,ACC-00311,ACC-00013,477.24,2026-09-03 23:00:00,0,,True
TX-004320,ACC-00583,ACC-00199,214.62,2026-08-15 08:00:00,0,,True
TX-004321,ACC-00438,ACC-00561,288.41,2026-08-12 06:00:00,0,,True
TX-004322,ACC-00001,ACC-00068,90.06,2026-09-09 04:00:00,0,,True
TX-004323,ACC-00745,ACC-00495,395.64,2026-09-02 22:00:00,0,,True
TX-004324,ACC-00938,ACC-00170,463.16,2026-08-26 09:00:00,0,,True
TX-004325,ACC-00082,ACC-00686,235.21,2026-08-13 02:00:00,0,,True
TX-004326,ACC-00632,ACC-00746,489.93,2026-08-13 21:00:00,0,,True
TX-004327,ACC-00979,ACC-00980,136.46,2026-08-23 19:00:00,0,,True
TX-004328,ACC-00911,ACC-00923,409.05,2026-08-30 16:00:00,0,,True
TX-004329,ACC-00681,ACC-00335,268.09,2026-08-19 15:00:00,0,,True
TX-004330,ACC-00856,ACC-00734,298.99,2026-08-20 04:00:00,0,,True
TX-004331,ACC-00826,ACC-00609,391.37,2026-09-03 05:00:00,0,,True
TX-004332,ACC-00835,ACC-00023,222.6,2026-09-02 02:00:00,0,,True
TX-004333,ACC-00963,ACC-00522,157.28,2026-08-18 00:00:00,0,,True
TX-004334,ACC-00053,ACC-00975,299.93,2026-08-16 04:00:00,0,,True
TX-004335,ACC-00110,ACC-00844,82.51,2026-09-03 05:00:00,0,,True
TX-004336,ACC-00902,ACC-00980,131.88,2026-08-13 08:00:00,0,,True
TX-004337,ACC-00949,ACC-00101,351.72,2026-08-25 01:00:00,0,,True
TX-004338,ACC-00423,ACC-00761,205.93,2026-08-23 02:00:00,0,,True
TX-004339,ACC-00307,ACC-00084,128.82,2026-08-21 21:00:00,0,,True
TX-004340,ACC-00972,ACC-00951,334.81,2026-08-17 02:00:00,0,,True
TX-004341,ACC-00949,ACC-00911,37.88,2026-08-28 23:00:00,0,,True
TX-004342,ACC-00158,ACC-00425,241.86,2026-09-10 02:00:00,0,,True
TX-004343,ACC-00961,ACC-00380,67.93,2026-09-02 21:00:00,0,,True
TX-004344,ACC-00901,ACC-00504,464.64,2026-08-28 18:00:00,0,,True
TX-004345,ACC-00220,ACC-00416,220.75,2026-09-03 03:00:00,0,,True
TX-004346,ACC-00250,ACC-00626,404.22,2026-08-31 07:00:00,0,,True
TX-004347,ACC-00613,ACC-00335,300.79,2026-08-14 10:00:00,0,,True
TX-004348,ACC-00104,ACC-00085,50.33,2026-08-18 12:00:00,0,,True
TX-004349,ACC-00154,ACC-00554,219.99,2026-08-13 10:00:00,0,,True
TX-004350,ACC-00957,ACC-00994,398.86,2026-08-18 16:00:00,0,,True
TX-004351,ACC-00156,ACC-00053,11.02,2026-09-05 11:00:00,0,,True
TX-004352,ACC-00137,ACC-00299,492.01,2026-08-29 15:00:00,0,,True
TX-004353,ACC-00703,ACC-00941,415.11,2026-08-29 15:00:00,0,,True
TX-004354,ACC-00586,ACC-00090,29.81,2026-08-13 03:00:00,0,,True
TX-004355,ACC-00339,ACC-00103,29.08,2026-08-23 10:00:00,0,,True
TX-004356,ACC-00041,ACC-00630,10.1,2026-08-12 06:00:00,0,,True
TX-004357,ACC-00809,ACC-00175,449.56,2026-08-14 21:00:00,0,,True
TX-004358,ACC-00111,ACC-00274,300.75,2026-08-21 20:00:00,0,,True
TX-004359,ACC-00074,ACC-00852,310.24,2026-09-06 10:00:00,0,,True
TX-004360,ACC-00474,ACC-00621,427.67,2026-09-04 16:00:00,0,,True
TX-004361,ACC-00795,ACC-00717,262.3,2026-08-25 17:00:00,0,,True
TX-004362,ACC-00230,ACC-00706,149.01,2026-08-29 02:00:00,0,,True
TX-004363,ACC-00681,ACC-00167,350.51,2026-08-15 22:00:00,0,,True
TX-004364,ACC-00368,ACC-00975,259.35,2026-08-31 16:00:00,0,,True
TX-004365,ACC-00723,ACC-00835,206.54,2026-08-16 05:00:00,0,,True
TX-004366,ACC-00814,ACC-00868,161.57,2026-08-31 06:00:00,0,,True
TX-004367,ACC-00247,ACC-00473,82.87,2026-09-06 11:00:00,0,,True
TX-004368,ACC-00082,ACC-00061,297.96,2026-09-07 08:00:00,0,,True
TX-004369,ACC-00111,ACC-00460,71.79,2026-08-18 10:00:00,0,,True
TX-004370,ACC-00290,ACC-00789,173.04,2026-08-30 18:00:00,0,,True
TX-004371,ACC-00245,ACC-00736,245.98,2026-08-28 09:00:00,0,,True
TX-004372,ACC-00953,ACC-00660,337.45,2026-08-19 19:00:00,0,,True
TX-004373,ACC-00747,ACC-00602,158.25,2026-08-19 06:00:00,0,,True
TX-004374,ACC-00918,ACC-00485,331.53,2026-08-30 07:00:00,0,,True
TX-004375,ACC-00401,ACC-00197,179.09,2026-09-09 11:00:00,0,,True
TX-004376,ACC-00862,ACC-00874,403.78,2026-08-29 07:00:00,0,,True
TX-004377,ACC-00833,ACC-00510,237.12,2026-08-11 00:00:00,0,,True
TX-004378,ACC-00803,ACC-00727,432.66,2026-08-27 08:00:00,0,,True
TX-004379,ACC-00836,ACC-00335,375.19,2026-08-18 23:00:00,0,,True
TX-004380,ACC-00675,ACC-00323,479.45,2026-08-16 18:00:00,0,,True
TX-004381,ACC-00889,ACC-00717,100.14,2026-08-14 07:00:00,0,,True
TX-004382,ACC-00978,ACC-00257,213.74,2026-08-26 02:00:00,0,,True
TX-004383,ACC-00152,ACC-00044,443.27,2026-09-02 20:00:00,0,,True
TX-004384,ACC-00619,ACC-00508,478.96,2026-08-12 06:00:00,0,,True
TX-004385,ACC-00739,ACC-00185,214.76,2026-08-17 12:00:00,0,,True
TX-004386,ACC-00647,ACC-00370,358.57,2026-08-15 17:00:00,0,,True
TX-004387,ACC-00382,ACC-00346,11.34,2026-08-25 20:00:00,0,,True
TX-004388,ACC-00207,ACC-00217,82.42,2026-08-19 15:00:00,0,,True
TX-004389,ACC-00879,ACC-00755,374.59,2026-09-01 20:00:00,0,,True
TX-004390,ACC-00401,ACC-00911,269.08,2026-08-22 17:00:00,0,,True
TX-004391,ACC-00949,ACC-00627,106.36,2026-08-16 13:00:00,0,,True
TX-004392,ACC-00820,ACC-00041,232.93,2026-08-17 18:00:00,0,,True
TX-004393,ACC-00561,ACC-00298,274.01,2026-08-16 22:00:00,0,,True
TX-004394,ACC-00046,ACC-00292,172.98,2026-08-27 18:00:00,0,,True
TX-004395,ACC-00643,ACC-00989,398.0,2026-08-25 23:00:00,0,,True
TX-004396,ACC-00952,ACC-00475,457.91,2026-08-21 18:00:00,0,,True
TX-004397,ACC-00237,ACC-00946,164.44,2026-08-23 05:00:00,0,,True
TX-004398,ACC-00461,ACC-00272,157.14,2026-08-21 11:00:00,0,,True
TX-004399,ACC-00837,ACC-00235,337.53,2026-08-23 04:00:00,0,,True
TX-004400,ACC-00405,ACC-00272,12.1,2026-09-03 11:00:00,0,,True
TX-004401,ACC-00228,ACC-00975,412.54,2026-09-03 00:00:00,0,,True
TX-004402,ACC-00003,ACC-00441,33.4,2026-09-08 04:00:00,0,,True
TX-004403,ACC-00549,ACC-00834,450.75,2026-08-10 23:00:00,0,,True
TX-004404,ACC-00017,ACC-00514,435.59,2026-08-17 16:00:00,0,,True
TX-004405,ACC-00807,ACC-00314,386.76,2026-08-20 11:00:00,0,,True
TX-004406,ACC-00509,ACC-00595,114.57,2026-08-19 19:00:00,0,,True
TX-004407,ACC-00295,ACC-00799,66.78,2026-09-03 00:00:00,0,,True
TX-004408,ACC-00575,ACC-00744,171.01,2026-08-23 16:00:00,0,,True
TX-004409,ACC-00206,ACC-00015,345.69,2026-09-08 02:00:00,0,,True
TX-004410,ACC-00663,ACC-00252,473.82,2026-09-10 09:00:00,0,,True
TX-004411,ACC-00133,ACC-00954,377.21,2026-09-02 07:00:00,0,,True
TX-004412,ACC-00674,ACC-00300,339.19,2026-08-28 07:00:00,0,,True
TX-004413,ACC-00928,ACC-00437,110.01,2026-09-05 01:00:00,0,,True
TX-004414,ACC-00100,ACC-00784,466.55,2026-08-31 19:00:00,0,,True
TX-004415,ACC-00709,ACC-00562,323.12,2026-09-08 08:00:00,0,,True
TX-004416,ACC-00895,ACC-00125,427.98,2026-09-10 05:00:00,0,,True
TX-004417,ACC-00068,ACC-00798,387.47,2026-08-17 04:00:00,0,,True
TX-004418,ACC-00989,ACC-00184,65.55,2026-08-27 02:00:00,0,,True
TX-004419,ACC-00125,ACC-00513,385.34,2026-08-16 19:00:00,0,,True
TX-004420,ACC-00477,ACC-00524,69.83,2026-08-19 17:00:00,0,,True
TX-004421,ACC-00285,ACC-00805,50.8,2026-08-16 10:00:00,0,,True
TX-004422,ACC-00362,ACC-00181,200.06,2026-09-03 19:00:00,0,,True
TX-004423,ACC-00968,ACC-00257,365.4,2026-08-11 17:00:00,0,,True
TX-004424,ACC-00824,ACC-00993,398.72,2026-09-08 10:00:00,0,,True
TX-004425,ACC-00167,ACC-00150,177.63,2026-08-24 14:00:00,0,,True
TX-004426,ACC-00548,ACC-00199,244.56,2026-08-11 16:00:00,0,,True
TX-004427,ACC-00360,ACC-00031,176.69,2026-08-28 23:00:00,0,,True
TX-004428,ACC-00107,ACC-00827,261.09,2026-08-16 00:00:00,0,,True
TX-004429,ACC-00218,ACC-00172,103.17,2026-08-20 21:00:00,0,,True
TX-004430,ACC-00793,ACC-00601,376.39,2026-09-07 13:00:00,0,,True
TX-004431,ACC-00233,ACC-00855,331.94,2026-08-11 21:00:00,0,,True
TX-004432,ACC-00571,ACC-00790,234.35,2026-08-30 16:00:00,0,,True
TX-004433,ACC-00378,ACC-00204,450.99,2026-09-08 22:00:00,0,,True
TX-004434,ACC-00193,ACC-00004,289.76,2026-09-09 15:00:00,0,,True
TX-004435,ACC-00957,ACC-00382,327.87,2026-08-27 13:00:00,0,,True
TX-004436,ACC-00858,ACC-00008,485.1,2026-08-13 22:00:00,0,,True
TX-004437,ACC-00088,ACC-00138,423.08,2026-08-21 20:00:00,0,,True
TX-004438,ACC-00575,ACC-00785,67.08,2026-09-05 21:00:00,0,,True
TX-004439,ACC-00507,ACC-00567,498.11,2026-08-18 02:00:00,0,,True
TX-004440,ACC-00123,ACC-00640,407.31,2026-08-15 16:00:00,0,,True
TX-004441,ACC-00325,ACC-00252,162.91,2026-08-14 23:00:00,0,,True
TX-004442,ACC-00301,ACC-00040,430.74,2026-09-09 03:00:00,0,,True
TX-004443,ACC-00681,ACC-00988,499.22,2026-08-19 04:00:00,0,,True
TX-004444,ACC-00836,ACC-00389,499.65,2026-09-02 02:00:00,0,,True
TX-004445,ACC-00871,ACC-00422,490.84,2026-08-25 01:00:00,0,,True
TX-004446,ACC-00077,ACC-00511,161.11,2026-08-31 23:00:00,0,,True
TX-004447,ACC-00024,ACC-00027,490.81,2026-08-31 07:00:00,0,,True
TX-004448,ACC-00729,ACC-00096,436.06,2026-08-11 20:00:00,0,,True
TX-004449,ACC-00618,ACC-00614,427.27,2026-08-30 09:00:00,0,,True
TX-004450,ACC-00098,ACC-00999,139.46,2026-08-31 02:00:00,0,,True
TX-004451,ACC-00910,ACC-00127,99.48,2026-09-03 18:00:00,0,,True
TX-004452,ACC-00820,ACC-00081,123.44,2026-09-02 03:00:00,0,,True
TX-004453,ACC-00862,ACC-00779,279.6,2026-08-24 10:00:00,0,,True
TX-004454,ACC-00832,ACC-00730,278.98,2026-08-22 14:00:00,0,,True
TX-004455,ACC-00560,ACC-00305,454.1,2026-08-20 03:00:00,0,,True
TX-004456,ACC-00103,ACC-00917,207.79,2026-08-12 11:00:00,0,,True
TX-004457,ACC-00320,ACC-00941,440.2,2026-09-07 15:00:00,0,,True
TX-004458,ACC-00342,ACC-00276,373.14,2026-09-06 10:00:00,0,,True
TX-004459,ACC-00097,ACC-00972,472.9,2026-09-10 09:00:00,0,,True
TX-004460,ACC-00913,ACC-00489,30.84,2026-08-16 01:00:00,0,,True
TX-004461,ACC-00416,ACC-00555,62.38,2026-09-04 18:00:00,0,,True
TX-004462,ACC-00963,ACC-00575,448.56,2026-09-03 10:00:00,0,,True
TX-004463,ACC-00343,ACC-00173,100.71,2026-08-11 18:00:00,0,,True
TX-004464,ACC-00718,ACC-00888,60.9,2026-08-16 12:00:00,0,,True
TX-004465,ACC-00482,ACC-00224,367.09,2026-09-06 07:00:00,0,,True
TX-004466,ACC-00756,ACC-00981,412.87,2026-08-19 20:00:00,0,,True
TX-004467,ACC-00245,ACC-00418,12.59,2026-08-25 04:00:00,0,,True
TX-004468,ACC-00591,ACC-00814,367.63,2026-08-15 06:00:00,0,,True
TX-004469,ACC-00505,ACC-00561,126.58,2026-08-28 06:00:00,0,,True
TX-004470,ACC-00628,ACC-00683,200.34,2026-08-14 20:00:00,0,,True
TX-004471,ACC-00300,ACC-00353,76.74,2026-08-22 23:00:00,0,,True
TX-004472,ACC-00933,ACC-00593,150.95,2026-09-02 17:00:00,0,,True
TX-004473,ACC-00877,ACC-00911,71.08,2026-08-28 04:00:00,0,,True
TX-004474,ACC-00664,ACC-00620,253.86,2026-09-07 00:00:00,0,,True
TX-004475,ACC-00605,ACC-00196,375.92,2026-08-19 08:00:00,0,,True
TX-004476,ACC-00591,ACC-00189,409.08,2026-08-23 09:00:00,0,,True
TX-004477,ACC-00991,ACC-00688,131.9,2026-08-19 11:00:00,0,,True
TX-004478,ACC-00237,ACC-00256,374.99,2026-08-18 10:00:00,0,,True
TX-004479,ACC-00701,ACC-00405,75.15,2026-09-04 04:00:00,0,,True
TX-004480,ACC-00983,ACC-00116,291.54,2026-08-21 06:00:00,0,,True
TX-004481,ACC-00735,ACC-00114,416.69,2026-09-09 23:00:00,0,,True
TX-004482,ACC-00110,ACC-00350,111.1,2026-09-06 08:00:00,0,,True
TX-004483,ACC-00742,ACC-00664,394.94,2026-08-14 01:00:00,0,,True
TX-004484,ACC-00333,ACC-00421,195.58,2026-08-24 15:00:00,0,,True
TX-004485,ACC-00282,ACC-00455,334.93,2026-08-13 16:00:00,0,,True
TX-004486,ACC-00150,ACC-00212,200.71,2026-09-03 15:00:00,0,,True
TX-004487,ACC-00879,ACC-00970,334.53,2026-08-25 21:00:00,0,,True
TX-004488,ACC-00972,ACC-00281,224.35,2026-09-02 12:00:00,0,,True
TX-004489,ACC-00444,ACC-00475,87.72,2026-08-16 11:00:00,0,,True
TX-004490,ACC-00767,ACC-00470,266.9,2026-09-03 23:00:00,0,,True
TX-004491,ACC-00114,ACC-00903,150.73,2026-09-01 04:00:00,0,,True
TX-004492,ACC-00182,ACC-00437,386.84,2026-08-25 20:00:00,0,,True
TX-004493,ACC-00067,ACC-00601,232.67,2026-08-31 16:00:00,0,,True
TX-004494,ACC-00230,ACC-00461,108.45,2026-08-14 04:00:00,0,,True
TX-004495,ACC-00860,ACC-00489,482.12,2026-09-02 07:00:00,0,,True
TX-004496,ACC-00492,ACC-00226,224.68,2026-09-06 12:00:00,0,,True
TX-004497,ACC-00800,ACC-00241,326.16,2026-08-29 05:00:00,0,,True
TX-004498,ACC-00972,ACC-00565,259.75,2026-08-12 08:00:00,0,,True
TX-004499,ACC-00113,ACC-00275,363.41,2026-08-25 04:00:00,0,,True
TX-004500,ACC-00707,ACC-00102,143.19,2026-08-19 20:00:00,0,,True
TX-004501,ACC-00819,ACC-00318,375.74,2026-09-10 10:00:00,0,,True
TX-004502,ACC-00581,ACC-00981,443.56,2026-09-03 03:00:00,0,,True
TX-004503,ACC-00259,ACC-00830,129.7,2026-08-10 15:00:00,0,,True
TX-004504,ACC-00954,ACC-00570,429.37,2026-08-22 20:00:00,0,,True
TX-004505,ACC-00944,ACC-00188,317.48,2026-08-25 12:00:00,0,,True
TX-004506,ACC-00153,ACC-00982,19.59,2026-08-16 14:00:00,0,,True
TX-004507,ACC-00789,ACC-00568,215.67,2026-08-31 12:00:00,0,,True
TX-004508,ACC-00493,ACC-00199,101.81,2026-08-18 03:00:00,0,,True
TX-004509,ACC-00739,ACC-00783,218.18,2026-08-19 04:00:00,0,,True
TX-004510,ACC-00601,ACC-00205,318.14,2026-08-19 17:00:00,0,,True
TX-004511,ACC-00579,ACC-00578,184.87,2026-08-28 21:00:00,0,,True
TX-004512,ACC-00640,ACC-00201,446.23,2026-08-31 11:00:00,0,,True
TX-004513,ACC-00879,ACC-00345,184.87,2026-08-17 05:00:00,0,,True
TX-004514,ACC-00546,ACC-00342,251.64,2026-08-27 19:00:00,0,,True
TX-004515,ACC-00017,ACC-00707,47.37,2026-08-23 08:00:00,0,,True
TX-004516,ACC-00237,ACC-00421,434.61,2026-09-03 22:00:00,0,,True
TX-004517,ACC-00423,ACC-00548,498.02,2026-09-08 09:00:00,0,,True
TX-004518,ACC-00698,ACC-00562,226.23,2026-09-06 05:00:00,0,,True
TX-004519,ACC-00756,ACC-00220,117.05,2026-09-07 11:00:00,0,,True
TX-004520,ACC-00263,ACC-00012,459.92,2026-08-28 09:00:00,0,,True
TX-004521,ACC-00288,ACC-00659,298.43,2026-08-27 06:00:00,0,,True
TX-004522,ACC-00096,ACC-00349,462.55,2026-08-22 09:00:00,0,,True
TX-004523,ACC-00096,ACC-00825,132.66,2026-08-21 19:00:00,0,,True
TX-004524,ACC-00765,ACC-00645,469.75,2026-09-03 11:00:00,0,,True
TX-004525,ACC-00488,ACC-00706,145.77,2026-09-04 15:00:00,0,,True
TX-004526,ACC-00776,ACC-00713,367.05,2026-08-11 21:00:00,0,,True
TX-004527,ACC-00837,ACC-00222,399.9,2026-08-13 02:00:00,0,,True
TX-004528,ACC-00103,ACC-00091,256.81,2026-09-02 18:00:00,0,,True
TX-004529,ACC-00285,ACC-00001,219.28,2026-08-30 01:00:00,0,,True
TX-004530,ACC-00772,ACC-00464,282.58,2026-09-05 12:00:00,0,,True
TX-004531,ACC-00757,ACC-00100,490.55,2026-08-23 12:00:00,0,,True
TX-004532,ACC-00684,ACC-00282,104.35,2026-08-15 07:00:00,0,,True
TX-004533,ACC-00240,ACC-00756,32.15,2026-09-05 06:00:00,0,,True
TX-004534,ACC-00848,ACC-00215,106.85,2026-08-31 22:00:00,0,,True
TX-004535,ACC-00063,ACC-00678,230.24,2026-08-22 08:00:00,0,,True
TX-004536,ACC-00033,ACC-00121,365.61,2026-08-18 06:00:00,0,,True
TX-004537,ACC-00376,ACC-00643,380.73,2026-08-17 03:00:00,0,,True
TX-004538,ACC-00855,ACC-00704,221.59,2026-08-19 10:00:00,0,,True
TX-004539,ACC-00854,ACC-00923,87.94,2026-08-29 12:00:00,0,,True
TX-004540,ACC-00176,ACC-00384,27.21,2026-09-04 15:00:00,0,,True
TX-004541,ACC-00864,ACC-00915,215.97,2026-09-08 07:00:00,0,,True
TX-004542,ACC-00217,ACC-00075,85.33,2026-09-06 23:00:00,0,,True
TX-004543,ACC-00235,ACC-00717,408.17,2026-09-01 14:00:00,0,,True
TX-004544,ACC-00533,ACC-00731,281.95,2026-08-19 20:00:00,0,,True
TX-004545,ACC-00973,ACC-00923,466.71,2026-08-12 18:00:00,0,,True
TX-004546,ACC-00338,ACC-00908,232.0,2026-08-14 17:00:00,0,,True
TX-004547,ACC-00546,ACC-00677,287.97,2026-08-10 22:00:00,0,,True
TX-004548,ACC-00436,ACC-00177,309.36,2026-08-15 22:00:00,0,,True
TX-004549,ACC-00286,ACC-00324,137.51,2026-09-03 13:00:00,0,,True
TX-004550,ACC-00818,ACC-00791,419.46,2026-09-04 00:00:00,0,,True
TX-004551,ACC-00303,ACC-00385,388.55,2026-08-27 10:00:00,0,,True
TX-004552,ACC-00896,ACC-00596,66.52,2026-08-19 08:00:00,0,,True
TX-004553,ACC-00923,ACC-00056,122.57,2026-08-18 19:00:00,0,,True
TX-004554,ACC-00973,ACC-00878,65.45,2026-08-26 00:00:00,0,,True
TX-004555,ACC-00932,ACC-00666,294.52,2026-08-18 08:00:00,0,,True
TX-004556,ACC-00055,ACC-00531,98.1,2026-08-13 05:00:00,0,,True
TX-004557,ACC-00819,ACC-00130,127.84,2026-09-08 20:00:00,0,,True
TX-004558,ACC-00879,ACC-00622,276.4,2026-09-08 05:00:00,0,,True
TX-004559,ACC-00552,ACC-00566,50.95,2026-08-24 19:00:00,0,,True
TX-004560,ACC-00096,ACC-00266,137.96,2026-08-24 08:00:00,0,,True
TX-004561,ACC-00848,ACC-00183,31.57,2026-08-26 06:00:00,0,,True
TX-004562,ACC-00144,ACC-00823,397.11,2026-08-18 16:00:00,0,,True
TX-004563,ACC-00092,ACC-00531,82.43,2026-08-27 10:00:00,0,,True
TX-004564,ACC-00433,ACC-00739,320.59,2026-09-07 13:00:00,0,,True
TX-004565,ACC-00779,ACC-00330,235.84,2026-08-20 04:00:00,0,,True
TX-004566,ACC-00868,ACC-00346,24.68,2026-08-17 12:00:00,0,,True
TX-004567,ACC-00799,ACC-00028,389.9,2026-08-19 12:00:00,0,,True
TX-004568,ACC-00884,ACC-00830,364.31,2026-09-08 02:00:00,0,,True
TX-004569,ACC-00169,ACC-00776,373.68,2026-08-20 18:00:00,0,,True
TX-004570,ACC-00084,ACC-00085,347.1,2026-08-26 09:00:00,0,,True
TX-004571,ACC-00450,ACC-00803,448.2,2026-08-21 01:00:00,0,,True
TX-004572,ACC-00059,ACC-00807,319.11,2026-08-10 17:00:00,0,,True
TX-004573,ACC-00027,ACC-00737,83.39,2026-08-30 02:00:00,0,,True
TX-004574,ACC-00389,ACC-00689,66.43,2026-08-11 20:00:00,0,,True
TX-004575,ACC-00662,ACC-00297,378.74,2026-09-02 07:00:00,0,,True
TX-004576,ACC-00088,ACC-00559,408.26,2026-08-21 15:00:00,0,,True
TX-004577,ACC-00591,ACC-00553,243.62,2026-08-25 20:00:00,0,,True
TX-004578,ACC-00933,ACC-00787,47.54,2026-09-05 03:00:00,0,,True
TX-004579,ACC-00514,ACC-00637,396.27,2026-08-31 00:00:00,0,,True
TX-004580,ACC-00481,ACC-00042,258.5,2026-08-27 12:00:00,0,,True
TX-004581,ACC-00046,ACC-00614,33.94,2026-08-20 04:00:00,0,,True
TX-004582,ACC-00908,ACC-00252,195.17,2026-08-21 02:00:00,0,,True
TX-004583,ACC-00091,ACC-00371,364.71,2026-09-01 20:00:00,0,,True
TX-004584,ACC-00154,ACC-00415,195.08,2026-09-07 05:00:00,0,,True
TX-004585,ACC-00423,ACC-00153,400.87,2026-08-25 05:00:00,0,,True
TX-004586,ACC-00330,ACC-00379,334.05,2026-08-30 03:00:00,0,,True
TX-004587,ACC-00842,ACC-00175,394.72,2026-08-28 13:00:00,0,,True
TX-004588,ACC-00043,ACC-00566,360.0,2026-08-20 21:00:00,0,,True
TX-004589,ACC-00055,ACC-00417,111.88,2026-08-27 17:00:00,0,,True
TX-004590,ACC-00877,ACC-00629,283.55,2026-08-22 01:00:00,0,,True
TX-004591,ACC-00806,ACC-00018,388.46,2026-08-16 16:00:00,0,,True
TX-004592,ACC-00976,ACC-00962,429.52,2026-08-25 07:00:00,0,,True
TX-004593,ACC-00129,ACC-00067,39.75,2026-08-16 11:00:00,0,,True
TX-004594,ACC-00951,ACC-00126,433.97,2026-09-01 20:00:00,0,,True
TX-004595,ACC-00128,ACC-00912,282.34,2026-08-24 13:00:00,0,,True
TX-004596,ACC-00006,ACC-00268,316.53,2026-09-01 16:00:00,0,,True
TX-004597,ACC-00182,ACC-00561,474.74,2026-08-26 05:00:00,0,,True
TX-004598,ACC-00529,ACC-00199,195.26,2026-08-17 06:00:00,0,,True
TX-004599,ACC-00542,ACC-00664,41.44,2026-09-02 05:00:00,0,,True
TX-004600,ACC-00159,ACC-00690,42.11,2026-08-19 00:00:00,0,,True
TX-004601,ACC-00634,ACC-00695,154.62,2026-09-04 20:00:00,0,,True
TX-004602,ACC-00586,ACC-00661,338.05,2026-08-18 03:00:00,0,,True
TX-004603,ACC-00418,ACC-00305,87.71,2026-09-02 23:00:00,0,,True
TX-004604,ACC-00775,ACC-00735,73.95,2026-08-17 13:00:00,0,,True
TX-004605,ACC-00866,ACC-00542,221.14,2026-09-07 03:00:00,0,,True
TX-004606,ACC-00984,ACC-00797,133.41,2026-08-27 11:00:00,0,,True
TX-004607,ACC-00842,ACC-00400,152.9,2026-08-21 00:00:00,0,,True
TX-004608,ACC-00161,ACC-00364,473.61,2026-08-30 03:00:00,0,,True
TX-004609,ACC-00888,ACC-00895,30.74,2026-08-29 05:00:00,0,,True
TX-004610,ACC-00739,ACC-00692,190.83,2026-08-23 15:00:00,0,,True
TX-004611,ACC-00192,ACC-00301,103.92,2026-08-13 13:00:00,0,,True
TX-004612,ACC-00024,ACC-00685,51.46,2026-08-29 03:00:00,0,,True
TX-004613,ACC-00422,ACC-00812,147.1,2026-08-31 20:00:00,0,,True
TX-004614,ACC-00590,ACC-00984,409.21,2026-08-25 12:00:00,0,,True
TX-004615,ACC-00791,ACC-00232,368.08,2026-08-30 05:00:00,0,,True
TX-004616,ACC-00570,ACC-00715,255.48,2026-09-05 04:00:00,0,,True
TX-004617,ACC-00340,ACC-00743,486.51,2026-08-26 17:00:00,0,,True
TX-004618,ACC-00852,ACC-00714,40.15,2026-08-19 02:00:00,0,,True
TX-004619,ACC-00039,ACC-00297,346.55,2026-09-09 03:00:00,0,,True
TX-004620,ACC-00245,ACC-00210,459.08,2026-09-04 01:00:00,0,,True
TX-004621,ACC-00199,ACC-00849,267.84,2026-08-23 02:00:00,0,,True
TX-004622,ACC-00905,ACC-00726,69.87,2026-08-18 05:00:00,0,,True
TX-004623,ACC-00827,ACC-00145,404.91,2026-09-08 09:00:00,0,,True
TX-004624,ACC-00729,ACC-00615,232.82,2026-08-26 13:00:00,0,,True
TX-004625,ACC-00900,ACC-00807,70.65,2026-09-08 17:00:00,0,,True
TX-004626,ACC-00204,ACC-00247,300.73,2026-08-20 15:00:00,0,,True
TX-004627,ACC-00203,ACC-00505,116.22,2026-08-28 16:00:00,0,,True
TX-004628,ACC-00331,ACC-00232,29.21,2026-08-28 11:00:00,0,,True
TX-004629,ACC-00741,ACC-00079,478.54,2026-08-11 17:00:00,0,,True
TX-004630,ACC-00780,ACC-00518,253.37,2026-08-11 02:00:00,0,,True
TX-004631,ACC-00399,ACC-00098,236.24,2026-08-24 23:00:00,0,,True
TX-004632,ACC-00798,ACC-00566,362.94,2026-08-25 12:00:00,0,,True
TX-004633,ACC-00011,ACC-00934,100.57,2026-08-15 12:00:00,0,,True
TX-004634,ACC-00831,ACC-00031,297.18,2026-08-30 23:00:00,0,,True
TX-004635,ACC-00115,ACC-00563,72.67,2026-08-21 20:00:00,0,,True
TX-004636,ACC-00947,ACC-00014,129.75,2026-08-29 02:00:00,0,,True
TX-004637,ACC-00484,ACC-00653,354.39,2026-09-01 13:00:00,0,,True
TX-004638,ACC-00291,ACC-00843,489.71,2026-09-06 13:00:00,0,,True
TX-004639,ACC-00930,ACC-00426,459.17,2026-08-12 17:00:00,0,,True
TX-004640,ACC-00697,ACC-00219,201.96,2026-08-22 01:00:00,0,,True
TX-004641,ACC-00138,ACC-00908,38.39,2026-08-31 17:00:00,0,,True
TX-004642,ACC-00073,ACC-00828,70.36,2026-08-24 16:00:00,0,,True
TX-004643,ACC-00791,ACC-00589,150.55,2026-08-24 03:00:00,0,,True
TX-004644,ACC-00232,ACC-00237,204.53,2026-08-26 02:00:00,0,,True
TX-004645,ACC-00859,ACC-00028,297.41,2026-08-16 23:00:00,0,,True
TX-004646,ACC-00200,ACC-00175,409.32,2026-09-05 06:00:00,0,,True
TX-004647,ACC-00622,ACC-00617,257.87,2026-09-08 05:00:00,0,,True
TX-004648,ACC-00463,ACC-00282,174.24,2026-08-28 10:00:00,0,,True
TX-004649,ACC-00095,ACC-00262,467.55,2026-08-18 13:00:00,0,,True
TX-004650,ACC-00878,ACC-00749,154.03,2026-08-24 19:00:00,0,,True
TX-004651,ACC-00418,ACC-00964,376.1,2026-08-15 01:00:00,0,,True
TX-004652,ACC-00646,ACC-00022,391.23,2026-08-31 05:00:00,0,,True
TX-004653,ACC-00505,ACC-00959,203.79,2026-08-27 13:00:00,0,,True
TX-004654,ACC-00048,ACC-00532,349.91,2026-09-06 13:00:00,0,,True
TX-004655,ACC-00132,ACC-00437,392.35,2026-09-10 11:00:00,0,,True
TX-004656,ACC-00967,ACC-00198,438.67,2026-09-08 20:00:00,0,,True
TX-004657,ACC-00907,ACC-00209,187.05,2026-08-28 17:00:00,0,,True
TX-004658,ACC-00091,ACC-00838,436.91,2026-09-10 00:00:00,0,,True
TX-004659,ACC-00158,ACC-00702,233.26,2026-08-30 13:00:00,0,,True
TX-004660,ACC-00218,ACC-00103,476.87,2026-08-17 06:00:00,0,,True
TX-004661,ACC-00261,ACC-00920,176.86,2026-09-08 23:00:00,0,,True
TX-004662,ACC-00522,ACC-00564,99.87,2026-08-23 09:00:00,0,,True
TX-004663,ACC-00498,ACC-00642,425.24,2026-08-27 19:00:00,0,,True
TX-004664,ACC-00660,ACC-00925,79.87,2026-09-03 20:00:00,0,,True
TX-004665,ACC-00852,ACC-00271,152.3,2026-08-11 11:00:00,0,,True
TX-004666,ACC-00119,ACC-00248,158.96,2026-08-24 12:00:00,0,,True
TX-004667,ACC-00813,ACC-00541,492.72,2026-08-17 06:00:00,0,,True
TX-004668,ACC-00351,ACC-00306,126.34,2026-08-13 15:00:00,0,,True
TX-004669,ACC-00935,ACC-00564,370.96,2026-08-25 08:00:00,0,,True
TX-004670,ACC-00418,ACC-00048,113.86,2026-08-21 01:00:00,0,,True
TX-004671,ACC-00630,ACC-00742,70.83,2026-09-06 15:00:00,0,,True
TX-004672,ACC-00380,ACC-00463,348.64,2026-09-09 17:00:00,0,,True
TX-004673,ACC-00842,ACC-00049,258.63,2026-08-22 18:00:00,0,,True
TX-004674,ACC-00725,ACC-00067,403.61,2026-08-31 18:00:00,0,,True
TX-004675,ACC-00187,ACC-00958,17.73,2026-08-27 04:00:00,0,,True
TX-004676,ACC-00597,ACC-00827,91.14,2026-08-16 17:00:00,0,,True
TX-004677,ACC-00724,ACC-00587,315.65,2026-08-20 23:00:00,0,,True
TX-004678,ACC-00786,ACC-00640,290.63,2026-08-28 15:00:00,0,,True
TX-004679,ACC-00304,ACC-00851,280.82,2026-08-21 17:00:00,0,,True
TX-004680,ACC-00764,ACC-00748,341.2,2026-08-16 22:00:00,0,,True
TX-004681,ACC-00092,ACC-00911,265.88,2026-09-05 19:00:00,0,,True
TX-004682,ACC-00803,ACC-00375,293.85,2026-08-20 18:00:00,0,,True
TX-004683,ACC-00255,ACC-00151,171.87,2026-09-07 03:00:00,0,,True
TX-004684,ACC-00022,ACC-00791,255.21,2026-08-31 18:00:00,0,,True
TX-004685,ACC-00634,ACC-00812,487.68,2026-09-04 07:00:00,0,,True
TX-004686,ACC-00912,ACC-00195,63.09,2026-08-15 05:00:00,0,,True
TX-004687,ACC-00302,ACC-00800,79.23,2026-08-28 00:00:00,0,,True
TX-004688,ACC-00578,ACC-00574,480.71,2026-09-08 23:00:00,0,,True
TX-004689,ACC-00638,ACC-00717,21.25,2026-08-23 21:00:00,0,,True
TX-004690,ACC-00159,ACC-00408,323.72,2026-08-26 23:00:00,0,,True
TX-004691,ACC-00996,ACC-00914,24.95,2026-08-27 07:00:00,0,,True
TX-004692,ACC-00768,ACC-00222,161.66,2026-08-10 13:00:00,0,,True
TX-004693,ACC-00234,ACC-00533,307.3,2026-08-30 15:00:00,0,,True
TX-004694,ACC-00679,ACC-00617,454.85,2026-08-21 05:00:00,0,,True
TX-004695,ACC-00921,ACC-00973,264.9,2026-08-19 19:00:00,0,,True
TX-004696,ACC-00776,ACC-00018,419.63,2026-09-01 12:00:00,0,,True
TX-004697,ACC-00919,ACC-00353,480.41,2026-08-12 15:00:00,0,,True
TX-004698,ACC-00121,ACC-00146,452.1,2026-08-22 17:00:00,0,,True
TX-004699,ACC-00445,ACC-00350,24.67,2026-08-16 08:00:00,0,,True
TX-004700,ACC-00416,ACC-00605,383.92,2026-08-23 15:00:00,0,,True
TX-004701,ACC-00151,ACC-00445,333.85,2026-09-07 19:00:00,0,,True
TX-004702,ACC-00392,ACC-00587,195.37,2026-08-27 16:00:00,0,,True
TX-004703,ACC-00075,ACC-00946,416.32,2026-09-09 19:00:00,0,,True
TX-004704,ACC-00494,ACC-00829,218.72,2026-08-19 15:00:00,0,,True
TX-004705,ACC-00904,ACC-00150,385.58,2026-08-15 20:00:00,0,,True
TX-004706,ACC-00322,ACC-00586,175.06,2026-08-12 09:00:00,0,,True
TX-004707,ACC-00258,ACC-00864,104.1,2026-09-02 00:00:00,0,,True
TX-004708,ACC-00555,ACC-00153,127.89,2026-08-16 03:00:00,0,,True
TX-004709,ACC-00871,ACC-00522,143.23,2026-08-13 11:00:00,0,,True
TX-004710,ACC-00876,ACC-00031,417.94,2026-09-04 21:00:00,0,,True
TX-004711,ACC-00771,ACC-00230,10.48,2026-08-19 20:00:00,0,,True
TX-004712,ACC-00445,ACC-00615,201.43,2026-08-13 00:00:00,0,,True
TX-004713,ACC-00065,ACC-00057,67.22,2026-08-17 00:00:00,0,,True
TX-004714,ACC-00516,ACC-00207,46.78,2026-08-20 06:00:00,0,,True
TX-004715,ACC-00834,ACC-00627,174.07,2026-08-15 12:00:00,0,,True
TX-004716,ACC-00050,ACC-00969,42.45,2026-08-25 11:00:00,0,,True
TX-004717,ACC-00627,ACC-00664,146.83,2026-08-31 16:00:00,0,,True
TX-004718,ACC-00622,ACC-00075,430.34,2026-08-31 11:00:00,0,,True
TX-004719,ACC-00465,ACC-00418,389.09,2026-08-13 16:00:00,0,,True
TX-004720,ACC-00535,ACC-00201,437.2,2026-08-10 22:00:00,0,,True
TX-004721,ACC-00658,ACC-00422,317.22,2026-09-08 13:00:00,0,,True
TX-004722,ACC-00378,ACC-00226,322.38,2026-09-02 12:00:00,0,,True
TX-004723,ACC-00918,ACC-00508,225.92,2026-08-22 03:00:00,0,,True
TX-004724,ACC-00401,ACC-00167,38.51,2026-08-10 22:00:00,0,,True
TX-004725,ACC-00907,ACC-00144,365.75,2026-08-16 23:00:00,0,,True
TX-004726,ACC-00688,ACC-00134,302.19,2026-08-30 12:00:00,0,,True
TX-004727,ACC-00569,ACC-00818,55.11,2026-08-13 21:00:00,0,,True
TX-004728,ACC-00743,ACC-00641,414.74,2026-08-12 00:00:00,0,,True
TX-004729,ACC-00946,ACC-00049,491.17,2026-08-22 14:00:00,0,,True
TX-004730,ACC-00955,ACC-00617,42.73,2026-08-17 04:00:00,0,,True
TX-004731,ACC-00024,ACC-00407,468.92,2026-08-19 19:00:00,0,,True
TX-004732,ACC-00270,ACC-00069,485.45,2026-09-04 06:00:00,0,,True
TX-004733,ACC-00465,ACC-00238,53.7,2026-09-06 02:00:00,0,,True
TX-004734,ACC-00367,ACC-00733,466.0,2026-09-04 01:00:00,0,,True
TX-004735,ACC-00938,ACC-00985,206.64,2026-08-26 19:00:00,0,,True
TX-004736,ACC-00950,ACC-00082,237.48,2026-09-04 07:00:00,0,,True
TX-004737,ACC-00695,ACC-00105,48.51,2026-09-05 12:00:00,0,,True
TX-004738,ACC-00389,ACC-00116,117.25,2026-08-28 05:00:00,0,,True
TX-004739,ACC-00845,ACC-00526,489.98,2026-08-31 08:00:00,0,,True
TX-004740,ACC-00479,ACC-00508,277.6,2026-08-30 00:00:00,0,,True
TX-004741,ACC-00125,ACC-00195,116.94,2026-09-07 15:00:00,0,,True
TX-004742,ACC-00559,ACC-00304,160.48,2026-08-23 11:00:00,0,,True
TX-004743,ACC-00744,ACC-00985,92.66,2026-08-23 02:00:00,0,,True
TX-004744,ACC-00049,ACC-00145,433.42,2026-08-31 20:00:00,0,,True
TX-004745,ACC-00045,ACC-00997,410.56,2026-08-28 04:00:00,0,,True
TX-004746,ACC-00292,ACC-00055,125.89,2026-09-03 15:00:00,0,,True
TX-004747,ACC-00257,ACC-00852,59.79,2026-08-25 19:00:00,0,,True
TX-004748,ACC-00111,ACC-00950,79.47,2026-08-26 13:00:00,0,,True
TX-004749,ACC-00810,ACC-00512,336.97,2026-09-05 07:00:00,0,,True
TX-004750,ACC-00077,ACC-00015,418.64,2026-08-21 10:00:00,0,,True
TX-004751,ACC-00900,ACC-00504,448.19,2026-08-22 19:00:00,0,,True
TX-004752,ACC-00848,ACC-00187,60.15,2026-09-04 04:00:00,0,,True
TX-004753,ACC-00532,ACC-00953,487.1,2026-09-04 18:00:00,0,,True
TX-004754,ACC-00560,ACC-00349,369.93,2026-08-25 13:00:00,0,,True
TX-004755,ACC-00704,ACC-00622,224.59,2026-08-16 23:00:00,0,,True
TX-004756,ACC-00888,ACC-00847,123.5,2026-08-14 19:00:00,0,,True
TX-004757,ACC-00249,ACC-00898,66.34,2026-08-25 07:00:00,0,,True
TX-004758,ACC-00557,ACC-00698,498.0,2026-08-28 12:00:00,0,,True
TX-004759,ACC-00347,ACC-00235,290.49,2026-08-26 13:00:00,0,,True
TX-004760,ACC-00024,ACC-00505,394.95,2026-08-22 19:00:00,0,,True
TX-004761,ACC-00737,ACC-00652,220.06,2026-08-20 09:00:00,0,,True
TX-004762,ACC-00465,ACC-00490,353.05,2026-08-28 21:00:00,0,,True
TX-004763,ACC-00242,ACC-00922,208.49,2026-08-17 08:00:00,0,,True
TX-004764,ACC-00881,ACC-00812,17.58,2026-08-17 12:00:00,0,,True
TX-004765,ACC-00386,ACC-00554,80.38,2026-08-20 07:00:00,0,,True
TX-004766,ACC-00185,ACC-00230,318.3,2026-08-30 15:00:00,0,,True
TX-004767,ACC-00164,ACC-00089,496.15,2026-08-19 15:00:00,0,,True
TX-004768,ACC-00375,ACC-00016,390.87,2026-08-23 22:00:00,0,,True
TX-004769,ACC-00960,ACC-00108,346.51,2026-08-28 18:00:00,0,,True
TX-004770,ACC-00154,ACC-00751,45.7,2026-08-21 07:00:00,0,,True
TX-004771,ACC-00075,ACC-00585,77.98,2026-08-23 00:00:00,0,,True
TX-004772,ACC-00993,ACC-00468,379.93,2026-08-11 11:00:00,0,,True
TX-004773,ACC-00571,ACC-00605,271.79,2026-08-20 04:00:00,0,,True
TX-004774,ACC-00241,ACC-00441,315.48,2026-08-24 03:00:00,0,,True
TX-004775,ACC-00803,ACC-00560,435.36,2026-08-11 07:00:00,0,,True
TX-004776,ACC-00130,ACC-00914,460.11,2026-08-14 02:00:00,0,,True
TX-004777,ACC-00818,ACC-00035,476.19,2026-08-18 13:00:00,0,,True
TX-004778,ACC-00236,ACC-00679,422.46,2026-08-27 13:00:00,0,,True
TX-004779,ACC-00613,ACC-00734,348.79,2026-08-25 03:00:00,0,,True
TX-004780,ACC-00664,ACC-00134,156.09,2026-08-22 02:00:00,0,,True
TX-004781,ACC-00867,ACC-00754,308.77,2026-08-23 16:00:00,0,,True
TX-004782,ACC-00068,ACC-00663,51.17,2026-08-29 22:00:00,0,,True
TX-004783,ACC-00642,ACC-00559,258.69,2026-08-11 11:00:00,0,,True
TX-004784,ACC-00712,ACC-00671,226.29,2026-08-30 07:00:00,0,,True
TX-004785,ACC-00241,ACC-00917,276.54,2026-08-27 00:00:00,0,,True
TX-004786,ACC-00490,ACC-00201,274.24,2026-08-20 07:00:00,0,,True
TX-004787,ACC-00027,ACC-00957,311.64,2026-09-02 00:00:00,0,,True
TX-004788,ACC-00799,ACC-00080,482.13,2026-09-07 13:00:00,0,,True
TX-004789,ACC-00643,ACC-00680,486.95,2026-08-25 17:00:00,0,,True
TX-004790,ACC-00545,ACC-00505,198.39,2026-09-05 17:00:00,0,,True
TX-004791,ACC-00589,ACC-00938,223.87,2026-08-25 14:00:00,0,,True
TX-004792,ACC-00866,ACC-00158,420.15,2026-09-06 02:00:00,0,,True
TX-004793,ACC-00529,ACC-00591,106.12,2026-08-18 11:00:00,0,,True
TX-004794,ACC-00810,ACC-00659,270.75,2026-08-19 20:00:00,0,,True
TX-004795,ACC-00001,ACC-00409,325.34,2026-08-19 16:00:00,0,,True
TX-004796,ACC-00812,ACC-00244,190.65,2026-08-19 04:00:00,0,,True
TX-004797,ACC-00905,ACC-00031,335.15,2026-08-14 01:00:00,0,,True
TX-004798,ACC-00774,ACC-00400,196.66,2026-08-22 02:00:00,0,,True
TX-004799,ACC-00703,ACC-00468,288.9,2026-09-09 15:00:00,0,,True
TX-004800,ACC-00128,ACC-00172,147.0,2026-08-24 07:00:00,0,,True
TX-004801,ACC-00798,ACC-00765,177.89,2026-08-30 04:00:00,0,,True
TX-004802,ACC-00258,ACC-00187,467.77,2026-08-28 22:00:00,0,,True
TX-004803,ACC-00608,ACC-00404,106.09,2026-08-29 17:00:00,0,,True
TX-004804,ACC-00302,ACC-00191,322.77,2026-08-21 08:00:00,0,,True
TX-004805,ACC-00700,ACC-00546,372.29,2026-08-14 04:00:00,0,,True
TX-004806,ACC-00809,ACC-00401,416.85,2026-09-03 06:00:00,0,,True
TX-004807,ACC-00560,ACC-00984,451.74,2026-08-23 09:00:00,0,,True
TX-004808,ACC-00349,ACC-00415,90.57,2026-09-07 15:00:00,0,,True
TX-004809,ACC-00697,ACC-00938,170.66,2026-08-24 02:00:00,0,,True
TX-004810,ACC-00740,ACC-00955,246.82,2026-08-12 02:00:00,0,,True
TX-004811,ACC-00399,ACC-00172,484.63,2026-09-05 00:00:00,0,,True
TX-004812,ACC-00969,ACC-00604,118.61,2026-08-19 05:00:00,0,,True
TX-004813,ACC-00352,ACC-00543,307.89,2026-08-20 01:00:00,0,,True
TX-004814,ACC-00105,ACC-00229,431.62,2026-08-10 20:00:00,0,,True
TX-004815,ACC-00109,ACC-00574,358.2,2026-08-30 01:00:00,0,,True
TX-004816,ACC-00027,ACC-00975,326.45,2026-08-25 04:00:00,0,,True
TX-004817,ACC-00980,ACC-00396,475.29,2026-08-24 02:00:00,0,,True
TX-004818,ACC-00017,ACC-00625,167.02,2026-08-25 15:00:00,0,,True
TX-004819,ACC-00295,ACC-00845,138.24,2026-09-10 06:00:00,0,,True
TX-004820,ACC-00314,ACC-00644,315.36,2026-08-12 15:00:00,0,,True
TX-004821,ACC-00916,ACC-00525,413.92,2026-09-08 09:00:00,0,,True
TX-004822,ACC-00936,ACC-00493,303.51,2026-09-05 11:00:00,0,,True
TX-004823,ACC-00204,ACC-00535,418.18,2026-08-30 18:00:00,0,,True
TX-004824,ACC-00242,ACC-00276,398.79,2026-09-08 01:00:00,0,,True
TX-004825,ACC-00216,ACC-00404,160.71,2026-08-31 03:00:00,0,,True
TX-004826,ACC-00465,ACC-00111,170.12,2026-08-31 06:00:00,0,,True
TX-004827,ACC-00110,ACC-00222,367.18,2026-08-29 17:00:00,0,,True
TX-004828,ACC-00908,ACC-00220,410.59,2026-08-25 13:00:00,0,,True
TX-004829,ACC-00867,ACC-00974,267.02,2026-09-02 23:00:00,0,,True
TX-004830,ACC-00459,ACC-00872,165.49,2026-09-09 17:00:00,0,,True
TX-004831,ACC-00273,ACC-00976,424.84,2026-08-18 16:00:00,0,,True
TX-004832,ACC-00822,ACC-00112,148.9,2026-08-17 10:00:00,0,,True
TX-004833,ACC-00037,ACC-00795,183.39,2026-08-27 00:00:00,0,,True
TX-004834,ACC-00631,ACC-00542,474.51,2026-09-06 14:00:00,0,,True
TX-004835,ACC-00606,ACC-00537,241.71,2026-09-08 17:00:00,0,,True
TX-004836,ACC-00751,ACC-00855,74.5,2026-08-26 12:00:00,0,,True
TX-004837,ACC-00279,ACC-00370,73.59,2026-08-13 20:00:00,0,,True
TX-004838,ACC-00540,ACC-00572,429.66,2026-08-30 00:00:00,0,,True
TX-004839,ACC-00167,ACC-00912,77.06,2026-08-30 19:00:00,0,,True
TX-004840,ACC-00829,ACC-00935,406.6,2026-08-27 23:00:00,0,,True
TX-004841,ACC-00060,ACC-00979,168.98,2026-08-16 18:00:00,0,,True
TX-004842,ACC-00519,ACC-00426,398.22,2026-08-26 19:00:00,0,,True
TX-004843,ACC-00453,ACC-00287,156.34,2026-09-05 08:00:00,0,,True
TX-004844,ACC-00505,ACC-00724,175.57,2026-08-30 13:00:00,0,,True
TX-004845,ACC-00915,ACC-00686,147.01,2026-08-21 02:00:00,0,,True
TX-004846,ACC-00751,ACC-00603,216.76,2026-08-30 02:00:00,0,,True
TX-004847,ACC-00807,ACC-00730,422.37,2026-09-01 07:00:00,0,,True
TX-004848,ACC-00515,ACC-00132,159.23,2026-08-22 09:00:00,0,,True
TX-004849,ACC-00991,ACC-00085,408.08,2026-08-28 02:00:00,0,,True
TX-004850,ACC-00027,ACC-00140,466.96,2026-09-10 11:00:00,0,,True
TX-004851,ACC-00044,ACC-00160,402.79,2026-08-29 16:00:00,0,,True
TX-004852,ACC-00236,ACC-00601,327.2,2026-09-03 10:00:00,0,,True
TX-004853,ACC-00982,ACC-00243,74.25,2026-08-13 09:00:00,0,,True
TX-004854,ACC-00819,ACC-00334,435.56,2026-09-08 06:00:00,0,,True
TX-004855,ACC-00006,ACC-00332,176.57,2026-09-08 20:00:00,0,,True
TX-004856,ACC-00209,ACC-00649,320.17,2026-08-23 13:00:00,0,,True
TX-004857,ACC-00187,ACC-00699,59.18,2026-09-01 03:00:00,0,,True
TX-004858,ACC-00872,ACC-00533,267.15,2026-08-29 00:00:00,0,,True
TX-004859,ACC-00601,ACC-00635,497.6,2026-08-26 08:00:00,0,,True
TX-004860,ACC-00512,ACC-00987,426.67,2026-08-12 05:00:00,0,,True
TX-004861,ACC-00434,ACC-00460,450.45,2026-08-15 22:00:00,0,,True
TX-004862,ACC-00737,ACC-00973,153.41,2026-08-28 08:00:00,0,,True
TX-004863,ACC-00765,ACC-00007,73.57,2026-08-13 20:00:00,0,,True
TX-004864,ACC-00757,ACC-00721,92.18,2026-08-30 03:00:00,0,,True
TX-004865,ACC-00215,ACC-00973,479.76,2026-08-25 06:00:00,0,,True
TX-004866,ACC-00825,ACC-00834,94.71,2026-08-24 09:00:00,0,,True
TX-004867,ACC-00755,ACC-00137,103.31,2026-09-08 08:00:00,0,,True
TX-004868,ACC-00205,ACC-00622,80.17,2026-08-14 16:00:00,0,,True
TX-004869,ACC-00008,ACC-00642,159.39,2026-09-08 11:00:00,0,,True
TX-004870,ACC-00387,ACC-00757,13.98,2026-09-07 20:00:00,0,,True
TX-004871,ACC-00251,ACC-00426,138.57,2026-09-05 06:00:00,0,,True
TX-004872,ACC-00735,ACC-00567,236.96,2026-09-09 19:00:00,0,,True
TX-004873,ACC-00170,ACC-00786,241.11,2026-08-24 14:00:00,0,,True
TX-004874,ACC-00090,ACC-00682,233.45,2026-08-16 07:00:00,0,,True
TX-004875,ACC-00922,ACC-00359,245.24,2026-08-31 04:00:00,0,,True
TX-004876,ACC-00765,ACC-00997,187.96,2026-08-21 04:00:00,0,,True
TX-004877,ACC-00496,ACC-00139,195.67,2026-08-13 18:00:00,0,,True
TX-004878,ACC-00965,ACC-00034,169.46,2026-08-22 10:00:00,0,,True
TX-004879,ACC-00524,ACC-00837,390.0,2026-08-19 13:00:00,0,,True
TX-004880,ACC-00465,ACC-00392,450.83,2026-08-24 05:00:00,0,,True
TX-004881,ACC-00748,ACC-00105,202.32,2026-08-24 07:00:00,0,,True
TX-004882,ACC-00736,ACC-00451,480.57,2026-08-20 21:00:00,0,,True
TX-004883,ACC-00180,ACC-00065,234.01,2026-09-04 06:00:00,0,,True
TX-004884,ACC-00454,ACC-00807,361.43,2026-09-03 18:00:00,0,,True
TX-004885,ACC-00672,ACC-00597,483.64,2026-08-11 12:00:00,0,,True
TX-004886,ACC-00334,ACC-00187,94.55,2026-08-22 18:00:00,0,,True
TX-004887,ACC-00932,ACC-00630,114.91,2026-08-28 07:00:00,0,,True
TX-004888,ACC-00979,ACC-00104,369.07,2026-08-16 02:00:00,0,,True
TX-004889,ACC-00674,ACC-00875,296.74,2026-08-21 03:00:00,0,,True
TX-004890,ACC-00242,ACC-00567,279.82,2026-09-03 07:00:00,0,,True
TX-004891,ACC-00333,ACC-00669,188.21,2026-08-11 05:00:00,0,,True
TX-004892,ACC-00809,ACC-00592,429.29,2026-08-24 06:00:00,0,,True
TX-004893,ACC-00328,ACC-00570,470.45,2026-09-01 23:00:00,0,,True
TX-004894,ACC-00126,ACC-00501,365.15,2026-08-26 13:00:00,0,,True
TX-004895,ACC-00762,ACC-00904,251.62,2026-09-05 00:00:00,0,,True
TX-004896,ACC-00297,ACC-00254,471.53,2026-08-23 02:00:00,0,,True
TX-004897,ACC-00268,ACC-00887,134.41,2026-08-15 21:00:00,0,,True
TX-004898,ACC-00626,ACC-00733,365.26,2026-09-04 22:00:00,0,,True
TX-004899,ACC-00619,ACC-00845,425.49,2026-08-22 22:00:00,0,,True
TX-004900,ACC-00003,ACC-00192,289.81,2026-08-27 10:00:00,0,,True
TX-004901,ACC-00166,ACC-00057,172.24,2026-08-19 17:00:00,0,,True
TX-004902,ACC-00480,ACC-00778,268.23,2026-08-25 13:00:00,0,,True
TX-004903,ACC-00116,ACC-00220,250.26,2026-08-13 02:00:00,0,,True
TX-004904,ACC-00142,ACC-00594,476.11,2026-08-10 20:00:00,0,,True
TX-004905,ACC-00249,ACC-00134,83.13,2026-08-15 15:00:00,0,,True
TX-004906,ACC-00771,ACC-00996,58.29,2026-08-16 01:00:00,0,,True
TX-004907,ACC-00407,ACC-00747,397.39,2026-08-14 11:00:00,0,,True
TX-004908,ACC-00562,ACC-00193,94.9,2026-08-13 11:00:00,0,,True
TX-004909,ACC-00272,ACC-00780,281.56,2026-08-21 15:00:00,0,,True
TX-004910,ACC-00907,ACC-00477,264.13,2026-08-24 18:00:00,0,,True
TX-004911,ACC-00449,ACC-00358,344.96,2026-08-18 13:00:00,0,,True
TX-004912,ACC-00740,ACC-00722,440.47,2026-08-19 20:00:00,0,,True
TX-004913,ACC-00366,ACC-00190,126.03,2026-08-24 00:00:00,0,,True
TX-004914,ACC-00947,ACC-00063,401.36,2026-08-12 11:00:00,0,,True
TX-004915,ACC-00207,ACC-00018,146.28,2026-09-01 05:00:00,0,,True
TX-004916,ACC-00945,ACC-00398,326.25,2026-08-14 18:00:00,0,,True
TX-004917,ACC-00876,ACC-00814,291.19,2026-09-06 22:00:00,0,,True
TX-004918,ACC-00069,ACC-00356,419.24,2026-09-05 06:00:00,0,,True
TX-004919,ACC-00893,ACC-00746,289.55,2026-08-12 10:00:00,0,,True
TX-004920,ACC-00024,ACC-00798,83.12,2026-08-23 07:00:00,0,,True
TX-004921,ACC-00798,ACC-00950,367.59,2026-08-22 13:00:00,0,,True
TX-004922,ACC-00357,ACC-00680,21.77,2026-09-01 06:00:00,0,,True
TX-004923,ACC-00490,ACC-00284,330.34,2026-08-17 20:00:00,0,,True
TX-004924,ACC-00198,ACC-00059,309.92,2026-09-04 12:00:00,0,,True
TX-004925,ACC-00591,ACC-00426,496.17,2026-09-08 06:00:00,0,,True
TX-004926,ACC-00704,ACC-00608,254.93,2026-08-22 09:00:00,0,,True
TX-004927,ACC-00149,ACC-00408,33.72,2026-09-05 13:00:00,0,,True
TX-004928,ACC-00156,ACC-00119,111.55,2026-09-06 15:00:00,0,,True
TX-004929,ACC-00947,ACC-00718,480.46,2026-08-27 22:00:00,0,,True
TX-004930,ACC-00771,ACC-00677,78.42,2026-09-06 17:00:00,0,,True
TX-004931,ACC-00790,ACC-00764,339.98,2026-09-07 09:00:00,0,,True
TX-004932,ACC-00392,ACC-00413,61.21,2026-08-12 07:00:00,0,,True
TX-004933,ACC-00043,ACC-00124,312.58,2026-09-08 22:00:00,0,,True
TX-004934,ACC-00140,ACC-00741,178.04,2026-08-17 20:00:00,0,,True
TX-004935,ACC-00779,ACC-00449,466.88,2026-09-03 17:00:00,0,,True
TX-004936,ACC-00765,ACC-00748,114.9,2026-08-31 18:00:00,0,,True
TX-004937,ACC-00198,ACC-00442,196.34,2026-09-03 19:00:00,0,,True
TX-004938,ACC-00014,ACC-00677,97.63,2026-08-20 15:00:00,0,,True
TX-004939,ACC-00831,ACC-00309,390.56,2026-09-07 08:00:00,0,,True
TX-004940,ACC-00783,ACC-00804,148.2,2026-09-07 10:00:00,0,,True
TX-004941,ACC-00292,ACC-00024,397.02,2026-08-20 00:00:00,0,,True
TX-004942,ACC-00641,ACC-00538,78.9,2026-08-31 12:00:00,0,,True
TX-004943,ACC-00591,ACC-00681,170.05,2026-09-06 08:00:00,0,,True
TX-004944,ACC-00611,ACC-00294,194.03,2026-09-09 18:00:00,0,,True
TX-004945,ACC-00199,ACC-00718,424.97,2026-08-11 01:00:00,0,,True
TX-004946,ACC-00739,ACC-00390,421.43,2026-09-07 13:00:00,0,,True
TX-004947,ACC-00754,ACC-00671,10.61,2026-08-12 06:00:00,0,,True
TX-004948,ACC-00733,ACC-00683,288.75,2026-08-30 08:00:00,0,,True
TX-004949,ACC-00798,ACC-00712,295.89,2026-08-15 12:00:00,0,,True
TX-004950,ACC-00795,ACC-00100,122.14,2026-08-27 09:00:00,0,,True
TX-004951,ACC-00146,ACC-00283,103.47,2026-08-12 01:00:00,0,,True
TX-004952,ACC-00563,ACC-00335,274.42,2026-08-29 03:00:00,0,,True
TX-004953,ACC-00781,ACC-00947,73.86,2026-08-14 12:00:00,0,,True
TX-004954,ACC-00266,ACC-00965,46.73,2026-08-18 08:00:00,0,,True
TX-004955,ACC-00027,ACC-00145,495.15,2026-08-12 11:00:00,0,,True
TX-004956,ACC-00433,ACC-00127,187.29,2026-09-04 21:00:00,0,,True
TX-004957,ACC-00237,ACC-00571,252.48,2026-09-09 07:00:00,0,,True
TX-004958,ACC-00614,ACC-00635,40.14,2026-08-17 13:00:00,0,,True
TX-004959,ACC-00988,ACC-00088,221.3,2026-08-13 18:00:00,0,,True
TX-004960,ACC-00023,ACC-00423,121.82,2026-09-06 03:00:00,0,,True
TX-004961,ACC-00544,ACC-00666,473.12,2026-09-07 02:00:00,0,,True
TX-004962,ACC-00328,ACC-00268,476.93,2026-09-04 15:00:00,0,,True
TX-004963,ACC-00647,ACC-00658,13.71,2026-08-18 14:00:00,0,,True
TX-004964,ACC-00888,ACC-00293,25.87,2026-09-09 09:00:00,0,,True
TX-004965,ACC-00018,ACC-00631,187.96,2026-08-13 00:00:00,0,,True
TX-004966,ACC-00980,ACC-00509,286.57,2026-08-16 16:00:00,0,,True
TX-004967,ACC-00463,ACC-00378,217.36,2026-08-16 03:00:00,0,,True
TX-004968,ACC-00638,ACC-00067,191.74,2026-08-22 15:00:00,0,,True
TX-004969,ACC-00798,ACC-00357,192.27,2026-08-28 07:00:00,0,,True
TX-004970,ACC-00969,ACC-00253,133.13,2026-08-15 09:00:00,0,,True
TX-004971,ACC-00141,ACC-00857,406.94,2026-08-26 23:00:00,0,,True
TX-004972,ACC-00003,ACC-00114,31.62,2026-09-09 09:00:00,0,,True
TX-004973,ACC-00817,ACC-00803,261.95,2026-09-09 06:00:00,0,,True
TX-004974,ACC-00028,ACC-00826,456.62,2026-08-15 23:00:00,0,,True
TX-004975,ACC-00568,ACC-00236,59.18,2026-08-29 04:00:00,0,,True
TX-004976,ACC-00782,ACC-00966,54.09,2026-09-04 23:00:00,0,,True
TX-004977,ACC-00529,ACC-00044,276.74,2026-08-25 09:00:00,0,,True
TX-004978,ACC-00832,ACC-00745,338.4,2026-08-27 09:00:00,0,,True
TX-004979,ACC-00152,ACC-00607,24.94,2026-08-18 09:00:00,0,,True
TX-004980,ACC-00998,ACC-00351,355.11,2026-08-27 10:00:00,0,,True
TX-004981,ACC-00201,ACC-00521,30.8,2026-08-27 09:00:00,0,,True
TX-004982,ACC-00253,ACC-00056,236.35,2026-09-03 02:00:00,0,,True
TX-004983,ACC-00082,ACC-00993,33.42,2026-08-14 03:00:00,0,,True
TX-004984,ACC-00370,ACC-00994,270.04,2026-09-01 21:00:00,0,,True
TX-004985,ACC-00308,ACC-00205,402.5,2026-09-05 09:00:00,0,,True
TX-004986,ACC-00721,ACC-00202,22.15,2026-08-22 23:00:00,0,,True
TX-004987,ACC-00187,ACC-00358,270.53,2026-08-24 15:00:00,0,,True
TX-004988,ACC-00364,ACC-00458,218.7,2026-08-27 17:00:00,0,,True
TX-004989,ACC-00260,ACC-00509,24.55,2026-09-06 19:00:00,0,,True
TX-004990,ACC-00006,ACC-00342,107.49,2026-08-20 06:00:00,0,,True
TX-004991,ACC-00622,ACC-00413,86.73,2026-08-15 22:00:00,0,,True
TX-004992,ACC-00945,ACC-00261,420.78,2026-08-13 00:00:00,0,,True
TX-004993,ACC-00448,ACC-00843,82.97,2026-08-29 18:00:00,0,,True
TX-004994,ACC-00066,ACC-00538,127.87,2026-09-05 14:00:00,0,,True
TX-004995,ACC-00875,ACC-00487,19.3,2026-09-09 04:00:00,0,,True
TX-004996,ACC-00413,ACC-09999,9148.04,2026-09-12 18:13:00,1,C10231,True
TX-004997,ACC-00319,ACC-09999,14650.81,2026-09-12 19:21:00,1,C10231,True
TX-004998,ACC-00604,ACC-09999,5249.33,2026-09-12 18:09:00,1,C10231,True
TX-004999,ACC-00815,ACC-09999,6164.8,2026-09-12 18:58:00,1,C10231,True
TX-005000,ACC-00603,ACC-09999,9856.54,2026-09-12 19:00:00,1,C10231,True
TX-005001,ACC-00128,ACC-09999,14139.29,2026-09-12 18:05:00,1,C10231,True
TX-005002,ACC-00021,ACC-09999,12490.23,2026-09-12 18:34:00,1,C10231,True
TX-005003,ACC-00600,ACC-09999,7359.52,2026-09-12 19:39:00,1,C10231,True
TX-005004,ACC-00965,ACC-09999,10520.35,2026-09-12 19:46:00,1,C10231,True
TX-005005,ACC-00733,ACC-09999,10629.21,2026-09-12 19:30:00,1,C10231,True
TX-005006,ACC-00879,ACC-09999,12075.07,2026-09-12 19:30:00,1,C10231,True
TX-005007,ACC-00277,ACC-09999,10741.69,2026-09-12 18:41:00,1,C10231,True
TX-005008,ACC-00256,ACC-09999,11677.1,2026-09-12 19:31:00,1,C10231,True
TX-005009,ACC-00068,ACC-09999,8166.66,2026-09-12 18:23:00,1,C10231,True
TX-005010,ACC-00044,ACC-09999,7555.22,2026-09-12 19:18:00,1,C10231,True
TX-005011,ACC-00514,ACC-08888,1151.59,2026-09-11 10:38:00,1,C10222,True
TX-005012,ACC-00305,ACC-08888,3586.34,2026-09-11 10:39:00,1,C10222,True
TX-005013,ACC-00842,ACC-08888,2987.62,2026-09-11 10:59:00,1,C10222,True
TX-005014,ACC-00405,ACC-08888,4133.3,2026-09-11 10:34:00,1,C10222,True
TX-005015,ACC-00505,ACC-08888,3555.53,2026-09-11 10:42:00,1,C10222,True
TX-005016,ACC-00067,ACC-08888,1794.66,2026-09-11 10:38:00,1,C10222,True
TX-005017,ACC-00450,ACC-08888,3740.62,2026-09-11 10:53:00,1,C10222,True
TX-005018,ACC-00425,ACC-08888,2528.88,2026-09-11 10:36:00,1,C10222,True
